Lights1 mario_blue_lights = gdSPDefLights1(
	0x0, 0x0, 0x7F,
	0x0, 0x0, 0xFF, 0x49, 0x49, 0x49);

Lights1 mario_red_lights = gdSPDefLights1(
	0x7F, 0x0, 0x0,
	0xFF, 0x0, 0x0, 0x49, 0x49, 0x49);

Lights1 mario_button_lights = gdSPDefLights1(
	0x0, 0x0, 0x7F,
	0x0, 0x0, 0xFF, 0x49, 0x49, 0x49);

Lights1 mario_face_0___eyes_open_lights = gdSPDefLights1(
	0x7F, 0x5F, 0x39,
	0xFE, 0xC1, 0x79, 0x49, 0x49, 0x49);

Lights1 mario_skin_lights = gdSPDefLights1(
	0x7F, 0x5F, 0x39,
	0xFE, 0xC1, 0x79, 0x49, 0x49, 0x49);

Lights1 mario_mustache_lights = gdSPDefLights1(
	0x7F, 0x5F, 0x39,
	0xFE, 0xC1, 0x79, 0x49, 0x49, 0x49);

Lights1 mario_hair_lights = gdSPDefLights1(
	0x36, 0x1, 0x0,
	0x73, 0x6, 0x0, 0x49, 0x49, 0x49);

Lights1 mario_sideburns_lights = gdSPDefLights1(
	0x7F, 0x5F, 0x39,
	0xFE, 0xC1, 0x79, 0x49, 0x49, 0x49);

Lights1 mario_cap_logo_lights = gdSPDefLights1(
	0x7F, 0x0, 0x0,
	0xFF, 0x0, 0x0, 0x49, 0x49, 0x49);

Lights1 mario_face_1___eyes_half_closed_lights = gdSPDefLights1(
	0x7F, 0x5F, 0x39,
	0xFE, 0xC1, 0x79, 0x49, 0x49, 0x49);

Lights1 mario_face_2___eyes_closed_lights = gdSPDefLights1(
	0x7F, 0x5F, 0x39,
	0xFE, 0xC1, 0x79, 0x49, 0x49, 0x49);

Lights1 mario_face_3___eyes_look_left_lights = gdSPDefLights1(
	0x7F, 0x5F, 0x39,
	0xFE, 0xC1, 0x79, 0x49, 0x49, 0x49);

Lights1 mario_face_4___eyes_look_right_lights = gdSPDefLights1(
	0x7F, 0x5F, 0x39,
	0xFE, 0xC1, 0x79, 0x49, 0x49, 0x49);

Lights1 mario_face_5___eyes_look_up_lights = gdSPDefLights1(
	0x7F, 0x5F, 0x39,
	0xFE, 0xC1, 0x79, 0x49, 0x49, 0x49);

Lights1 mario_face_6___eyes_look_down_lights = gdSPDefLights1(
	0x7F, 0x5F, 0x39,
	0xFE, 0xC1, 0x79, 0x49, 0x49, 0x49);

Lights1 mario_face_7___eyes_dead_lights = gdSPDefLights1(
	0x7F, 0x5F, 0x39,
	0xFE, 0xC1, 0x79, 0x49, 0x49, 0x49);

Lights1 mario_gloves_lights = gdSPDefLights1(
	0x7F, 0x7F, 0x7F,
	0xFF, 0xFF, 0xFF, 0x49, 0x49, 0x49);

Lights1 mario_cap_inside_lights = gdSPDefLights1(
	0x3C, 0x0, 0x0,
	0x7F, 0x0, 0x0, 0x49, 0x49, 0x49);

Lights1 mario_shoes_lights = gdSPDefLights1(
	0x35, 0x8, 0x3,
	0x72, 0x1C, 0xE, 0x49, 0x49, 0x49);

Gfx mario_mario_metal_rgba16_rgba16_aligner[] = {gsSPEndDisplayList()};
u8 mario_mario_metal_rgba16_rgba16[] = {
	0x00, 0x01, 0x00, 0x01, 0x00, 0x01, 0x00, 0x01, 
	0x00, 0x01, 0x00, 0x01, 0x00, 0x01, 0x00, 0x01, 
	0x00, 0x01, 0x00, 0x01, 0x00, 0x01, 0x00, 0x01, 
	0x00, 0x01, 0x00, 0x01, 0x00, 0x01, 0x00, 0x01, 
	0x00, 0x01, 0x00, 0x01, 0x00, 0x01, 0x00, 0x01, 
	0x00, 0x01, 0x00, 0x01, 0x00, 0x01, 0x00, 0x01, 
	0x00, 0x01, 0x00, 0x01, 0x00, 0x01, 0x00, 0x01, 
	0x00, 0x01, 0x00, 0x01, 0x00, 0x01, 0x00, 0x01, 
	0x00, 0x01, 0x00, 0x01, 0x00, 0x01, 0x00, 0x01, 
	0x00, 0x01, 0x00, 0x01, 0x00, 0x01, 0x00, 0x01, 
	0x00, 0x01, 0x00, 0x01, 0x00, 0x01, 0x00, 0x01, 
	0x00, 0x43, 0x18, 0x47, 0x20, 0x87, 0x10, 0x43, 
	0x08, 0x03, 0x08, 0x43, 0x08, 0x43, 0x00, 0x41, 
	0x00, 0x01, 0x00, 0x01, 0x00, 0x01, 0x00, 0x01, 
	0x00, 0x01, 0x00, 0x01, 0x00, 0x01, 0x00, 0x01, 
	0x00, 0x01, 0x00, 0x01, 0x00, 0x01, 0x00, 0x01, 
	0x00, 0x01, 0x00, 0x01, 0x00, 0x01, 0x00, 0x01, 
	0x00, 0x01, 0x00, 0x01, 0x00, 0x01, 0x00, 0x01, 
	0x00, 0x01, 0x00, 0x01, 0x00, 0x01, 0x20, 0xc7, 
	0x59, 0x91, 0x51, 0x91, 0x28, 0x87, 0x20, 0x83, 
	0x20, 0x85, 0x10, 0x43, 0x10, 0x41, 0x10, 0x43, 
	0x08, 0x43, 0x00, 0x01, 0x00, 0x01, 0x00, 0x01, 
	0x00, 0x01, 0x00, 0x01, 0x00, 0x01, 0x00, 0x01, 
	0x00, 0x01, 0x00, 0x01, 0x00, 0x01, 0x00, 0x01, 
	0x00, 0x01, 0x00, 0x01, 0x00, 0x01, 0x00, 0x01, 
	0x00, 0x01, 0x00, 0x01, 0x00, 0x01, 0x00, 0x01, 
	0x00, 0x01, 0x08, 0x01, 0x41, 0x49, 0x6a, 0x15, 
	0x41, 0x8f, 0x10, 0x83, 0x08, 0x43, 0x08, 0x45, 
	0x08, 0x83, 0x10, 0x43, 0x18, 0x87, 0x08, 0x43, 
	0x08, 0x41, 0x08, 0x41, 0x00, 0x01, 0x00, 0x01, 
	0x00, 0x01, 0x00, 0x01, 0x00, 0x01, 0x00, 0x01, 
	0x00, 0x01, 0x00, 0x01, 0x00, 0x01, 0x00, 0x01, 
	0x00, 0x01, 0x00, 0x01, 0x00, 0x01, 0x00, 0x01, 
	0x00, 0x01, 0x00, 0x01, 0x00, 0x01, 0x00, 0x01, 
	0x08, 0x43, 0x51, 0x8b, 0x6a, 0x11, 0x29, 0x07, 
	0x10, 0x43, 0x08, 0x43, 0x08, 0x01, 0x20, 0xc7, 
	0x51, 0x8f, 0x51, 0xd1, 0x59, 0xcf, 0x31, 0x09, 
	0x18, 0x45, 0x08, 0x43, 0x18, 0x85, 0x08, 0x43, 
	0x00, 0x01, 0x00, 0x01, 0x00, 0x01, 0x00, 0x01, 
	0x00, 0x01, 0x00, 0x01, 0x00, 0x01, 0x00, 0x01, 
	0x00, 0x01, 0x00, 0x01, 0x00, 0x01, 0x00, 0x01, 
	0x00, 0x01, 0x00, 0x01, 0x00, 0x01, 0x00, 0x01, 
	0x41, 0x09, 0x6a, 0x11, 0x31, 0x4b, 0x08, 0x03, 
	0x08, 0x43, 0x08, 0x03, 0x08, 0x83, 0x41, 0x49, 
	0x82, 0xd9, 0xac, 0x67, 0xbd, 0x71, 0x83, 0xdf, 
	0x39, 0x8b, 0x18, 0x85, 0x10, 0x83, 0x18, 0x85, 
	0x00, 0x41, 0x00, 0x01, 0x00, 0x01, 0x00, 0x01, 
	0x00, 0x01, 0x00, 0x01, 0x00, 0x01, 0x00, 0x01, 
	0x00, 0x01, 0x00, 0x01, 0x00, 0x01, 0x00, 0x01, 
	0x00, 0x01, 0x00, 0x01, 0x00, 0x01, 0x39, 0x0b, 
	0x49, 0x4d, 0x21, 0x09, 0x08, 0x41, 0x00, 0x41, 
	0x30, 0x87, 0x39, 0x09, 0x49, 0xc9, 0x9c, 0x5d, 
	0x9c, 0x21, 0xa4, 0x65, 0xb4, 0xab, 0xb5, 0x6d, 
	0x84, 0x61, 0x52, 0x93, 0x18, 0x85, 0x08, 0x83, 
	0x10, 0x43, 0x00, 0x01, 0x00, 0x01, 0x00, 0x01, 
	0x00, 0x01, 0x00, 0x01, 0x00, 0x01, 0x00, 0x01, 
	0x00, 0x01, 0x00, 0x01, 0x00, 0x01, 0x00, 0x01, 
	0x00, 0x01, 0x00, 0x01, 0x18, 0x85, 0x51, 0x8f, 
	0x18, 0x85, 0x08, 0x41, 0x00, 0x03, 0x10, 0x83, 
	0x39, 0x09, 0x51, 0x89, 0x7b, 0x4d, 0xc5, 0x1d, 
	0xce, 0x2d, 0xc5, 0xad, 0xbd, 0xb1, 0xbd, 0x71, 
	0xb5, 0x2f, 0x94, 0x69, 0x42, 0x11, 0x18, 0x43, 
	0x10, 0x43, 0x10, 0x41, 0x00, 0x01, 0x00, 0x01, 
	0x00, 0x01, 0x00, 0x01, 0x00, 0x01, 0x00, 0x01, 
	0x00, 0x01, 0x00, 0x01, 0x00, 0x01, 0x00, 0x01, 
	0x00, 0x01, 0x00, 0x41, 0x39, 0x0b, 0x21, 0x07, 
	0x20, 0x85, 0x18, 0xc3, 0x10, 0x83, 0x10, 0x43, 
	0x39, 0x89, 0x62, 0xcf, 0x8b, 0xd3, 0xbd, 0x63, 
	0xcd, 0xa5, 0xd6, 0x2d, 0xd6, 0x77, 0xd6, 0xbd, 
	0xd6, 0xbb, 0xc6, 0x37, 0x9c, 0x69, 0x41, 0x8f, 
	0x10, 0x41, 0x10, 0x83, 0x00, 0x01, 0x00, 0x01, 
	0x00, 0x01, 0x00, 0x01, 0x00, 0x01, 0x00, 0x01, 
	0x00, 0x01, 0x00, 0x01, 0x00, 0x01, 0x00, 0x01, 
	0x00, 0x01, 0x20, 0x87, 0x31, 0x07, 0x41, 0x8b, 
	0x4a, 0x47, 0x39, 0xc7, 0x21, 0x45, 0x52, 0x8d, 
	0x9c, 0x57, 0x9c, 0x99, 0x9c, 0x5b, 0xc5, 0xe9, 
	0xcd, 0xe7, 0xd6, 0x71, 0xde, 0xfd, 0xde, 0xfd, 
	0xde, 0xfd, 0xde, 0xfd, 0xd6, 0xbb, 0x8b, 0xe3, 
	0x28, 0xc9, 0x18, 0x83, 0x10, 0x43, 0x00, 0x01, 
	0x00, 0x01, 0x00, 0x01, 0x00, 0x01, 0x00, 0x01, 
	0x00, 0x01, 0x00, 0x01, 0x00, 0x01, 0x00, 0x01, 
	0x08, 0x43, 0x38, 0xc9, 0x39, 0x8b, 0x5a, 0x8d, 
	0x4a, 0x47, 0x52, 0x09, 0x73, 0x0d, 0x9c, 0x53, 
	0xb5, 0x5d, 0xac, 0xdf, 0xa4, 0x9d, 0xb5, 0x21, 
	0xcd, 0xeb, 0xd6, 0x75, 0xde, 0xfd, 0xde, 0xbd, 
	0xd6, 0xbd, 0xce, 0xbf, 0xce, 0xbf, 0xb5, 0x33, 
	0x49, 0xd3, 0x20, 0xc9, 0x29, 0x49, 0x08, 0x03, 
	0x00, 0x01, 0x00, 0x01, 0x00, 0x01, 0x00, 0x01, 
	0x00, 0x01, 0x00, 0x01, 0x00, 0x01, 0x00, 0x01, 
	0x20, 0x85, 0x31, 0x09, 0x31, 0x09, 0x41, 0xc9, 
	0x41, 0x87, 0x7b, 0x53, 0xac, 0x97, 0xac, 0x97, 
	0xc5, 0xa1, 0xb5, 0x1f, 0x9c, 0x9b, 0xc5, 0xab, 
	0xcd, 0xe7, 0xd6, 0x73, 0xde, 0xfd, 0xd6, 0xfd, 
	0xce, 0xbf, 0xce, 0xbd, 0xc6, 0x7d, 0xbe, 0x7b, 
	0x94, 0x69, 0x31, 0x4b, 0x39, 0x49, 0x10, 0x83, 
	0x00, 0x01, 0x00, 0x01, 0x00, 0x01, 0x00, 0x01, 
	0x00, 0x01, 0x00, 0x01, 0x00, 0x01, 0x08, 0x01, 
	0x31, 0x09, 0x20, 0x83, 0x18, 0xc3, 0x31, 0x85, 
	0x83, 0x95, 0x8b, 0xd5, 0xa4, 0xd7, 0xb5, 0x1b, 
	0xb5, 0x1b, 0xa4, 0xd9, 0x9c, 0x17, 0xb5, 0x1d, 
	0xcd, 0xe5, 0xd6, 0x6f, 0xde, 0xfd, 0xde, 0xbd, 
	0xd6, 0xbd, 0xbe, 0x7d, 0xb6, 0x7b, 0xae, 0x3b, 
	0xad, 0xf9, 0x52, 0x97, 0x18, 0xc7, 0x20, 0xc3, 
	0x08, 0x03, 0x00, 0x01, 0x00, 0x01, 0x00, 0x01, 
	0x00, 0x01, 0x00, 0x01, 0x00, 0x01, 0x10, 0x83, 
	0x28, 0xc5, 0x08, 0x43, 0x08, 0x43, 0x41, 0xc9, 
	0x94, 0x15, 0x8c, 0x13, 0x7b, 0x91, 0x9c, 0x53, 
	0xa4, 0x95, 0x83, 0x93, 0x6b, 0x0d, 0xb4, 0xd9, 
	0xcd, 0xed, 0xcd, 0xf3, 0xde, 0xbd, 0xd6, 0xbd, 
	0xce, 0xbd, 0xbe, 0x7b, 0xa5, 0xfb, 0x95, 0xfb, 
	0x9d, 0xfb, 0x63, 0x63, 0x29, 0x49, 0x20, 0xc7, 
	0x08, 0x41, 0x00, 0x01, 0x00, 0x01, 0x00, 0x01, 
	0x00, 0x01, 0x00, 0x01, 0x00, 0x01, 0x20, 0x85, 
	0x10, 0x43, 0x08, 0x01, 0x18, 0x81, 0x39, 0x45, 
	0x7b, 0x53, 0x5a, 0x8d, 0x8b, 0xd3, 0x9c, 0x53, 
	0x62, 0xcf, 0x31, 0x47, 0x52, 0x07, 0xa4, 0x99, 
	0xbd, 0x69, 0xbd, 0xb1, 0xd6, 0x79, 0xde, 0xbd, 
	0xc6, 0xbd, 0xb6, 0x3d, 0x8d, 0xb9, 0x85, 0x79, 
	0x85, 0xb9, 0x7c, 0x29, 0x41, 0x8f, 0x31, 0x8b, 
	0x18, 0xc7, 0x08, 0x01, 0x00, 0x01, 0x00, 0x01, 
	0x00, 0x01, 0x00, 0x01, 0x08, 0x01, 0x20, 0x85, 
	0x00, 0x01, 0x08, 0x41, 0x31, 0x05, 0x31, 0x03, 
	0x5a, 0x8d, 0x6b, 0x11, 0x94, 0x15, 0x83, 0xd5, 
	0x21, 0x03, 0x39, 0x07, 0x41, 0x09, 0x6a, 0x91, 
	0x8b, 0x5b, 0xac, 0x25, 0xbd, 0xf5, 0xde, 0xfd, 
	0xce, 0xbf, 0xb6, 0x7d, 0x85, 0x79, 0x5c, 0xb3, 
	0x6c, 0xf5, 0x85, 0x35, 0x6a, 0xdd, 0x4a, 0x0f, 
	0x29, 0x07, 0x00, 0x41, 0x00, 0x01, 0x00, 0x01, 
	0x00, 0x01, 0x00, 0x01, 0x10, 0x43, 0x10, 0x83, 
	0x08, 0x43, 0x08, 0x43, 0x21, 0x03, 0x39, 0x87, 
	0x52, 0x4b, 0x8b, 0xd5, 0x94, 0x57, 0x5a, 0x4b, 
	0x10, 0x83, 0x28, 0x87, 0x30, 0xc9, 0x29, 0x07, 
	0x83, 0x5d, 0xb5, 0x2b, 0xb5, 0x6f, 0xd6, 0x7b, 
	0xce, 0xbd, 0xae, 0x3b, 0x85, 0x77, 0x54, 0x71, 
	0x4c, 0x71, 0x64, 0xf5, 0x73, 0x65, 0x49, 0xd3, 
	0x18, 0xc5, 0x08, 0x43, 0x00, 0x01, 0x00, 0x01, 
	0x00, 0x01, 0x00, 0x01, 0x10, 0x43, 0x10, 0x43, 
	0x08, 0x43, 0x08, 0x41, 0x18, 0x83, 0x52, 0x0b, 
	0x52, 0x4b, 0x62, 0xcd, 0x93, 0xd7, 0x39, 0x87, 
	0x19, 0x05, 0x10, 0x83, 0x10, 0x43, 0x20, 0x87, 
	0xa3, 0xe3, 0xce, 0x37, 0xb5, 0x6d, 0xc6, 0x37, 
	0xd6, 0xbd, 0xb6, 0x3d, 0x85, 0x79, 0x4c, 0x33, 
	0x43, 0xaf, 0x54, 0x31, 0x74, 0x2d, 0x62, 0x13, 
	0x29, 0x49, 0x18, 0x85, 0x00, 0x01, 0x00, 0x01, 
	0x00, 0x01, 0x00, 0x01, 0x20, 0xc5, 0x10, 0x83, 
	0x00, 0x01, 0x10, 0x41, 0x18, 0x81, 0x6a, 0xd1, 
	0x49, 0xc9, 0x41, 0xc7, 0x52, 0x0b, 0x41, 0xc5, 
	0x20, 0xc3, 0x00, 0x01, 0x00, 0x01, 0x18, 0x45, 
	0x59, 0x8f, 0xa3, 0xe3, 0x94, 0xa5, 0xb5, 0x71, 
	0xce, 0x7d, 0xae, 0x7d, 0x85, 0xb9, 0x54, 0x71, 
	0x33, 0xad, 0x3b, 0xef, 0x6c, 0x73, 0x72, 0x9d, 
	0x39, 0x8b, 0x29, 0x47, 0x08, 0x43, 0x00, 0x01, 
	0x00, 0x01, 0x08, 0x41, 0x29, 0x05, 0x00, 0x01, 
	0x00, 0x01, 0x00, 0x01, 0x08, 0x03, 0x28, 0xc7, 
	0x20, 0xc3, 0x31, 0x05, 0x29, 0x43, 0x42, 0x07, 
	0x21, 0x43, 0x00, 0x01, 0x00, 0x43, 0x08, 0x83, 
	0x20, 0x87, 0x41, 0x4b, 0x52, 0x53, 0x83, 0xe3, 
	0xb5, 0x31, 0xae, 0x3b, 0x8d, 0x77, 0x54, 0x73, 
	0x3b, 0x6d, 0x3b, 0xad, 0x4c, 0x31, 0x7b, 0xeb, 
	0x49, 0x8f, 0x41, 0xcd, 0x08, 0x01, 0x00, 0x01, 
	0x00, 0x01, 0x10, 0x43, 0x29, 0x07, 0x08, 0x41, 
	0x00, 0x01, 0x00, 0x01, 0x00, 0x01, 0x08, 0x01, 
	0x18, 0xc3, 0x28, 0xc3, 0x20, 0xc5, 0x5a, 0x8b, 
	0x31, 0x45, 0x00, 0x03, 0x08, 0x01, 0x08, 0x43, 
	0x10, 0x83, 0x21, 0x49, 0x41, 0xcd, 0x49, 0xcf, 
	0x72, 0xdd, 0xa5, 0x33, 0x85, 0x77, 0x5c, 0xb3, 
	0x3b, 0xad, 0x33, 0x6b, 0x43, 0xef, 0x6c, 0x71, 
	0x62, 0x15, 0x41, 0x8d, 0x08, 0x85, 0x00, 0x01, 
	0x00, 0x01, 0x18, 0x83, 0x20, 0xc5, 0x00, 0x01, 
	0x00, 0x01, 0x00, 0x01, 0x10, 0x41, 0x08, 0x41, 
	0x10, 0x81, 0x20, 0xc3, 0x18, 0x81, 0x31, 0x47, 
	0x20, 0xc5, 0x08, 0x83, 0x10, 0x85, 0x10, 0x43, 
	0x18, 0x87, 0x29, 0x07, 0x20, 0xc5, 0x30, 0x87, 
	0x31, 0x4d, 0x52, 0x99, 0x84, 0x6f, 0x5c, 0xb3, 
	0x3b, 0xaf, 0x3b, 0x6d, 0x43, 0xef, 0x5c, 0xb3, 
	0x83, 0xe9, 0x49, 0xcf, 0x18, 0x85, 0x00, 0x01, 
	0x00, 0x01, 0x20, 0xc7, 0x19, 0x07, 0x00, 0x01, 
	0x00, 0x01, 0x08, 0x01, 0x10, 0x03, 0x00, 0x01, 
	0x08, 0x01, 0x08, 0x41, 0x00, 0x01, 0x18, 0x83, 
	0x51, 0xcb, 0x28, 0xc7, 0x29, 0x07, 0x08, 0x43, 
	0x00, 0x41, 0x08, 0x45, 0x08, 0x43, 0x20, 0x85, 
	0x20, 0xc7, 0x39, 0x4f, 0x73, 0x23, 0x64, 0x73, 
	0x43, 0xed, 0x43, 0x6d, 0x3b, 0xad, 0x54, 0x71, 
	0x84, 0xf3, 0x62, 0x17, 0x21, 0x07, 0x00, 0x01, 
	0x00, 0x01, 0x29, 0x07, 0x20, 0x85, 0x00, 0x01, 
	0x00, 0x01, 0x10, 0x01, 0x10, 0x01, 0x08, 0x01, 
	0x00, 0x01, 0x00, 0x01, 0x00, 0x01, 0x18, 0xc5, 
	0x42, 0x0f, 0x20, 0xc7, 0x20, 0xc5, 0x00, 0x01, 
	0x08, 0x01, 0x08, 0x01, 0x00, 0x01, 0x18, 0xc5, 
	0x29, 0x09, 0x52, 0x13, 0x8a, 0xa1, 0x6c, 0xb3, 
	0x43, 0xf1, 0x3b, 0xab, 0x3b, 0x6d, 0x4c, 0x31, 
	0x7c, 0xf5, 0x7b, 0x1f, 0x41, 0xcb, 0x00, 0x43, 
	0x08, 0x01, 0x31, 0x49, 0x10, 0xc5, 0x00, 0x01, 
	0x08, 0x01, 0x08, 0x01, 0x08, 0x01, 0x00, 0x01, 
	0x00, 0x01, 0x00, 0x01, 0x08, 0x43, 0x08, 0x43, 
	0x18, 0x85, 0x08, 0x41, 0x41, 0x4d, 0x31, 0x09, 
	0x10, 0x43, 0x00, 0x41, 0x08, 0x43, 0x18, 0xc5, 
	0x31, 0x4b, 0x42, 0x0f, 0x7a, 0x9b, 0x6c, 0x73, 
	0x4c, 0x2f, 0x3b, 0x6d, 0x43, 0x6b, 0x4b, 0xef, 
	0x6c, 0xf5, 0x83, 0x61, 0x49, 0xd1, 0x08, 0x01, 
	0x00, 0x03, 0x31, 0x47, 0x08, 0x43, 0x08, 0x01, 
	0x00, 0x01, 0x10, 0x01, 0x08, 0x01, 0x00, 0x01, 
	0x00, 0x01, 0x00, 0x01, 0x00, 0x01, 0x08, 0x01, 
	0x20, 0x43, 0x28, 0x87, 0x8b, 0x1d, 0x8a, 0xdb, 
	0x20, 0xc7, 0x10, 0x43, 0x10, 0x83, 0x20, 0xc7, 
	0x42, 0x4f, 0x49, 0xcd, 0x82, 0xdd, 0x74, 0xf3, 
	0x54, 0x71, 0x43, 0xef, 0x43, 0xaf, 0x4b, 0xf1, 
	0x6c, 0xb3, 0x6a, 0xdd, 0x5a, 0x51, 0x08, 0x43, 
	0x08, 0x01, 0x31, 0x4b, 0x10, 0x43, 0x00, 0x01, 
	0x08, 0x01, 0x08, 0x01, 0x10, 0x01, 0x00, 0x01, 
	0x00, 0x01, 0x00, 0x01, 0x08, 0x43, 0x00, 0x01, 
	0x18, 0x43, 0x29, 0x07, 0x9b, 0x5b, 0x9b, 0x5b, 
	0x28, 0xc7, 0x10, 0x43, 0x20, 0x85, 0x20, 0xc5, 
	0x29, 0x09, 0x39, 0x0b, 0x8b, 0xe7, 0x75, 0x37, 
	0x4c, 0x33, 0x43, 0xaf, 0x4b, 0xef, 0x43, 0xef, 
	0x64, 0x73, 0x6a, 0xdd, 0x62, 0x51, 0x10, 0x83, 
	0x08, 0x43, 0x31, 0x49, 0x00, 0x01, 0x00, 0x01, 
	0x10, 0x03, 0x10, 0x01, 0x08, 0x01, 0x08, 0x01, 
	0x00, 0x01, 0x00, 0x01, 0x00, 0x01, 0x08, 0x43, 
	0x08, 0x43, 0x31, 0x49, 0x7a, 0x95, 0x82, 0x59, 
	0x20, 0x85, 0x10, 0x83, 0x18, 0xc5, 0x18, 0xc7, 
	0x29, 0x49, 0x59, 0xd3, 0x94, 0x6f, 0x75, 0x35, 
	0x5c, 0xb3, 0x4b, 0xef, 0x54, 0x31, 0x4c, 0x2f, 
	0x64, 0xb3, 0x72, 0x9d, 0x6a, 0x53, 0x10, 0x85, 
	0x10, 0x83, 0x21, 0x07, 0x08, 0x43, 0x00, 0x03, 
	0x10, 0x43, 0x10, 0x03, 0x10, 0x43, 0x00, 0x01, 
	0x00, 0x01, 0x00, 0x01, 0x00, 0x01, 0x21, 0x07, 
	0x19, 0x05, 0x18, 0x85, 0x72, 0x13, 0x61, 0x51, 
	0x31, 0x07, 0x31, 0x07, 0x39, 0x8b, 0x4a, 0x4d, 
	0x41, 0x8b, 0x72, 0x17, 0x8b, 0xa5, 0x84, 0xb3, 
	0x5c, 0xb5, 0x4c, 0x31, 0x5c, 0x71, 0x54, 0x33, 
	0x64, 0xb3, 0x6a, 0x99, 0x72, 0x55, 0x18, 0xc7, 
	0x18, 0x85, 0x10, 0x85, 0x00, 0x03, 0x00, 0x41, 
	0x20, 0x43, 0x18, 0x03, 0x18, 0x03, 0x00, 0x03, 
	0x08, 0x01, 0x00, 0x01, 0x08, 0x43, 0x29, 0x07, 
	0x41, 0xcd, 0x39, 0x89, 0x82, 0x91, 0x61, 0x4d, 
	0x41, 0x45, 0x41, 0xc7, 0x31, 0xcb, 0x62, 0xd3, 
	0x5a, 0x0f, 0x61, 0xd3, 0x62, 0x59, 0x83, 0xe9, 
	0x64, 0xb3, 0x54, 0x71, 0x64, 0x73, 0x5c, 0x71, 
	0x64, 0xb3, 0x72, 0x9f, 0x72, 0x55, 0x20, 0xc7, 
	0x08, 0x43, 0x10, 0x43, 0x08, 0x43, 0x08, 0x43, 
	0x08, 0x03, 0x10, 0x41, 0x08, 0x43, 0x00, 0x41, 
	0x00, 0x03, 0x08, 0x03, 0x08, 0x03, 0x21, 0x07, 
	0x52, 0x91, 0x41, 0xcb, 0x82, 0x8f, 0x61, 0x4d, 
	0x31, 0x05, 0x49, 0x8d, 0x62, 0x93, 0x7b, 0x5b, 
	0x82, 0xd5, 0x81, 0xd3, 0x61, 0xd3, 0x8b, 0x65, 
	0x6d, 0x37, 0x5c, 0x73, 0x64, 0x73, 0x64, 0xb3, 
	0x64, 0xb5, 0x83, 0x61, 0x6a, 0x57, 0x18, 0xc7, 
	0x08, 0x43, 0x10, 0x43, 0x00, 0x03, 0x00, 0x01, 
	0x08, 0x01, 0x10, 0x03, 0x08, 0x01, 0x08, 0x01, 
	0x00, 0x41, 0x08, 0x45, 0x08, 0x41, 0x08, 0x01, 
	0x31, 0x4b, 0x39, 0x8b, 0x59, 0x8b, 0x38, 0x89, 
	0x08, 0x03, 0x18, 0xc7, 0x52, 0x11, 0x6b, 0x17, 
	0x6a, 0x97, 0x71, 0xd5, 0x61, 0xd3, 0x93, 0x67, 
	0x74, 0xf5, 0x64, 0xb5, 0x74, 0xf5, 0x6c, 0xb5, 
	0x74, 0xf5, 0x7a, 0xa1, 0x61, 0xd3, 0x18, 0x85, 
	0x08, 0x43, 0x10, 0x85, 0x10, 0x43, 0x08, 0x03, 
	0x08, 0x01, 0x08, 0x01, 0x08, 0x01, 0x08, 0x03, 
	0x10, 0x03, 0x10, 0x87, 0x08, 0x45, 0x10, 0x83, 
	0x18, 0x43, 0x08, 0x43, 0x18, 0x87, 0x10, 0x45, 
	0x08, 0x01, 0x20, 0x43, 0x41, 0x47, 0x31, 0x0b, 
	0x31, 0x09, 0x28, 0xc9, 0x61, 0xd3, 0x82, 0xe1, 
	0x74, 0xf5, 0x7d, 0x37, 0x85, 0x77, 0x85, 0x77, 
	0x75, 0x35, 0x7a, 0x9d, 0x49, 0x8f, 0x18, 0x85, 
	0x10, 0x43, 0x18, 0x85, 0x10, 0x87, 0x10, 0x03, 
	0x10, 0x01, 0x28, 0x43, 0x08, 0x43, 0x08, 0x03, 
	0x08, 0x03, 0x10, 0x89, 0x10, 0x85, 0x10, 0x83, 
	0x10, 0x85, 0x08, 0x43, 0x08, 0x03, 0x00, 0x43, 
	0x08, 0x03, 0x20, 0x43, 0x28, 0xc7, 0x18, 0xc5, 
	0x10, 0x43, 0x29, 0x09, 0x51, 0xd1, 0x8b, 0x1f, 
	0x8c, 0xf3, 0x85, 0x77, 0x95, 0xb9, 0x8d, 0x79, 
	0x84, 0xf5, 0x72, 0x5b, 0x28, 0xc9, 0x08, 0x43, 
	0x08, 0x43, 0x10, 0x43, 0x10, 0x87, 0x08, 0x03, 
	0x20, 0x85, 0x48, 0x89, 0x20, 0x03, 0x00, 0x01, 
	0x00, 0x43, 0x20, 0xcb, 0x18, 0x85, 0x18, 0x85, 
	0x10, 0x83, 0x10, 0x83, 0x00, 0x01, 0x08, 0x03, 
	0x00, 0x41, 0x08, 0x43, 0x20, 0x85, 0x20, 0x87, 
	0x18, 0xc7, 0x31, 0x4d, 0x49, 0xcf, 0x59, 0xd7, 
	0x73, 0xa7, 0x8d, 0xb9, 0x95, 0xb9, 0x8d, 0xb9, 
	0x8c, 0xf5, 0x72, 0x99, 0x18, 0x85, 0x08, 0x03, 
	0x08, 0x01, 0x10, 0x85, 0x08, 0x45, 0x00, 0x01, 
	0x18, 0x03, 0x20, 0x45, 0x10, 0x43, 0x08, 0x01, 
	0x00, 0x01, 0x20, 0x47, 0x18, 0x87, 0x31, 0x8d, 
	0x42, 0x11, 0x39, 0xcf, 0x10, 0x83, 0x08, 0x43, 
	0x10, 0x05, 0x18, 0x45, 0x18, 0x87, 0x29, 0x4f, 
	0x21, 0x0b, 0x52, 0x97, 0x4a, 0x53, 0x42, 0x11, 
	0x8c, 0x2b, 0xa6, 0x3b, 0x95, 0xb9, 0x9d, 0xb9, 
	0x84, 0x6d, 0x62, 0x57, 0x28, 0xc7, 0x10, 0x41, 
	0x00, 0x01, 0x10, 0x43, 0x10, 0x87, 0x00, 0x41, 
	0x10, 0x03, 0x18, 0x03, 0x08, 0x03, 0x08, 0x03, 
	0x08, 0x01, 0x08, 0x43, 0x10, 0x83, 0x52, 0x93, 
	0x63, 0x17, 0x73, 0x5b, 0x18, 0xc7, 0x18, 0x85, 
	0x20, 0x85, 0x28, 0xc9, 0x18, 0x85, 0x39, 0x4b, 
	0x29, 0x4d, 0x21, 0x0b, 0x4a, 0x17, 0x83, 0xe5, 
	0xad, 0x31, 0xb6, 0x3b, 0xa5, 0xfb, 0xa6, 0x3b, 
	0x7b, 0xa5, 0x49, 0xd3, 0x29, 0x09, 0x08, 0x43, 
	0x00, 0x01, 0x08, 0x43, 0x18, 0x87, 0x08, 0x03, 
	0x08, 0x43, 0x10, 0x01, 0x10, 0x01, 0x08, 0x01, 
	0x00, 0x03, 0x08, 0x01, 0x08, 0x43, 0x41, 0xcd, 
	0x73, 0x19, 0x5a, 0x93, 0x28, 0xc5, 0x41, 0x09, 
	0x61, 0x11, 0x40, 0xc9, 0x28, 0xc7, 0x39, 0x49, 
	0x31, 0x09, 0x20, 0x85, 0x41, 0x8d, 0xad, 0x33, 
	0xc6, 0x3b, 0xbe, 0x7d, 0xae, 0x3b, 0xae, 0x3b, 
	0x73, 0x21, 0x39, 0x8b, 0x20, 0xc7, 0x08, 0x01, 
	0x00, 0x01, 0x08, 0x43, 0x18, 0x87, 0x08, 0x03, 
	0x08, 0x01, 0x08, 0x03, 0x10, 0x03, 0x08, 0x01, 
	0x10, 0x41, 0x10, 0x83, 0x10, 0x01, 0x39, 0x8d, 
	0x7b, 0xdb, 0x73, 0x59, 0x49, 0x0b, 0x68, 0xcf, 
	0x79, 0x11, 0x49, 0x0b, 0x30, 0xc7, 0x39, 0x09, 
	0x39, 0x4b, 0x29, 0x47, 0x6a, 0x55, 0xc5, 0xb7, 
	0xce, 0xbf, 0xbe, 0x7d, 0xb6, 0x7d, 0xbe, 0x3b, 
	0x73, 0x5f, 0x41, 0xd1, 0x20, 0xc5, 0x00, 0x43, 
	0x00, 0x01, 0x08, 0x43, 0x18, 0x85, 0x08, 0x03, 
	0x08, 0x01, 0x10, 0x01, 0x08, 0x01, 0x08, 0x01, 
	0x08, 0x01, 0x20, 0x87, 0x18, 0x85, 0x4a, 0x0d, 
	0xa4, 0xa5, 0x9b, 0x61, 0x79, 0x95, 0x70, 0xcd, 
	0x78, 0xcf, 0x61, 0x51, 0x20, 0xc7, 0x21, 0x09, 
	0x31, 0x4d, 0x31, 0x49, 0x83, 0x5f, 0xbd, 0xf7, 
	0xc6, 0x7d, 0xc6, 0xbf, 0xc6, 0x7d, 0xc6, 0x3d, 
	0x8c, 0x27, 0x4a, 0x55, 0x18, 0x45, 0x08, 0x01, 
	0x00, 0x01, 0x08, 0x43, 0x18, 0x85, 0x08, 0x01, 
	0x10, 0x01, 0x08, 0x01, 0x08, 0x01, 0x08, 0x01, 
	0x00, 0x01, 0x31, 0x0b, 0x61, 0xd3, 0x40, 0xc7, 
	0x79, 0x8f, 0xa2, 0xdf, 0xa2, 0xe1, 0x70, 0xc9, 
	0x70, 0xc9, 0x7a, 0x19, 0x31, 0x49, 0x39, 0x8b, 
	0x52, 0x51, 0x42, 0x0d, 0x83, 0x5f, 0xad, 0x75, 
	0xd6, 0xbd, 0xd6, 0xff, 0xc6, 0xff, 0xc6, 0xbd, 
	0x9c, 0xaf, 0x52, 0x57, 0x10, 0x85, 0x00, 0x01, 
	0x00, 0x01, 0x08, 0x41, 0x10, 0x83, 0x08, 0x43, 
	0x08, 0x03, 0x08, 0x01, 0x08, 0x01, 0x00, 0x01, 
	0x10, 0x03, 0x38, 0x87, 0x92, 0xdd, 0x79, 0x93, 
	0x79, 0x4f, 0x89, 0x93, 0x91, 0x99, 0x81, 0x0d, 
	0x89, 0x4d, 0x92, 0x9f, 0x5a, 0x4f, 0x5a, 0xd3, 
	0x5a, 0x93, 0x52, 0x97, 0x6b, 0x21, 0xc6, 0x79, 
	0xce, 0xff, 0xce, 0xbf, 0xd6, 0xbd, 0xce, 0x7d, 
	0x7b, 0xa3, 0x31, 0xcf, 0x10, 0x43, 0x00, 0x01, 
	0x00, 0x01, 0x00, 0x03, 0x18, 0xc7, 0x10, 0x83, 
	0x10, 0x41, 0x08, 0x01, 0x00, 0x01, 0x08, 0x01, 
	0x20, 0x85, 0x82, 0xdd, 0xa3, 0x63, 0x9a, 0x9f, 
	0xa2, 0x19, 0x91, 0x53, 0x91, 0xdb, 0x91, 0x97, 
	0x9a, 0x1b, 0x82, 0x59, 0x5a, 0x8f, 0x52, 0x51, 
	0x29, 0x51, 0x3a, 0x19, 0x4a, 0x9d, 0xbe, 0x3b, 
	0xd6, 0xff, 0xd6, 0xff, 0xce, 0xbf, 0xbd, 0xf7, 
	0x52, 0x13, 0x20, 0xc9, 0x10, 0x43, 0x00, 0x01, 
	0x00, 0x01, 0x00, 0x01, 0x21, 0x07, 0x18, 0x87, 
	0x08, 0x43, 0x08, 0x01, 0x08, 0x01, 0x08, 0x41, 
	0x41, 0x4f, 0x93, 0x63, 0xb4, 0xad, 0xab, 0x19, 
	0xbb, 0xdf, 0xa2, 0x61, 0xb3, 0x67, 0xa2, 0xe5, 
	0x93, 0x25, 0x31, 0x09, 0x39, 0x8b, 0x39, 0x91, 
	0x29, 0x93, 0x31, 0xd7, 0x4a, 0x5b, 0xbd, 0xf9, 
	0xce, 0xbf, 0xd6, 0xbf, 0xce, 0xbb, 0xad, 0x31, 
	0x31, 0x4d, 0x20, 0xc7, 0x08, 0x01, 0x00, 0x01, 
	0x00, 0x01, 0x00, 0x01, 0x18, 0xc7, 0x29, 0x49, 
	0x08, 0x43, 0x08, 0x01, 0x08, 0x01, 0x08, 0x01, 
	0x28, 0x87, 0x93, 0xa3, 0xc4, 0xed, 0xb3, 0x4d, 
	0xc4, 0x53, 0xbb, 0xe7, 0xb3, 0xa9, 0x82, 0x5b, 
	0x41, 0x0d, 0x10, 0x43, 0x08, 0x43, 0x18, 0xc9, 
	0x29, 0x4f, 0x31, 0x93, 0x42, 0x9b, 0xb5, 0xf5, 
	0xd6, 0xfd, 0xce, 0xff, 0xc6, 0x3b, 0x94, 0x27, 
	0x31, 0x4b, 0x20, 0x89, 0x00, 0x01, 0x00, 0x01, 
	0x00, 0x01, 0x00, 0x01, 0x10, 0x85, 0x31, 0x4b, 
	0x18, 0x83, 0x10, 0x41, 0x10, 0x43, 0x00, 0x03, 
	0x39, 0x0d, 0xbc, 0xf3, 0xcd, 0xb7, 0xcc, 0xdf, 
	0xcd, 0x1d, 0xc4, 0x6b, 0xb3, 0xab, 0x61, 0x95, 
	0x10, 0x45, 0x08, 0x03, 0x00, 0x03, 0x08, 0x45, 
	0x18, 0xcd, 0x29, 0x95, 0x42, 0x1b, 0xad, 0xb7, 
	0xce, 0xbf, 0xd6, 0xbd, 0xc6, 0x3b, 0x73, 0x1d, 
	0x29, 0x0b, 0x18, 0xc7, 0x00, 0x01, 0x00, 0x01, 
	0x00, 0x01, 0x00, 0x01, 0x08, 0x43, 0x31, 0x8b, 
	0x28, 0xc9, 0x28, 0x87, 0x40, 0xcb, 0x10, 0x01, 
	0x20, 0x87, 0x82, 0xe1, 0xbc, 0xb1, 0xbc, 0x2d, 
	0xc4, 0x2d, 0xb3, 0xa3, 0xa2, 0x9f, 0x69, 0xd5, 
	0x08, 0x03, 0x08, 0x85, 0x10, 0x85, 0x10, 0x87, 
	0x29, 0x0d, 0x21, 0x51, 0x42, 0x59, 0xad, 0xb5, 
	0xce, 0xff, 0xc6, 0xbd, 0xa4, 0xef, 0x49, 0xcf, 
	0x29, 0x4b, 0x10, 0x45, 0x00, 0x01, 0x00, 0x01, 
	0x00, 0x01, 0x00, 0x01, 0x00, 0x01, 0x39, 0x8d, 
	0x28, 0xc7, 0x49, 0x4f, 0x6a, 0x17, 0x49, 0x51, 
	0x18, 0x45, 0x20, 0x87, 0x59, 0xd7, 0x92, 0xdf, 
	0xa2, 0x61, 0xb3, 0x57, 0xb2, 0xdb, 0x51, 0x11, 
	0x10, 0x45, 0x10, 0x89, 0x10, 0x47, 0x29, 0x0d, 
	0x31, 0x53, 0x29, 0x51, 0x39, 0xd7, 0xad, 0xb5, 
	0xb5, 0xf7, 0x84, 0x6b, 0x5a, 0x57, 0x39, 0x49, 
	0x28, 0xc9, 0x08, 0x43, 0x00, 0x01, 0x00, 0x01, 
	0x00, 0x01, 0x00, 0x01, 0x00, 0x01, 0x21, 0x49, 
	0x41, 0xcd, 0x69, 0xd3, 0x9b, 0xa5, 0xa4, 0x29, 
	0x39, 0x4d, 0x08, 0x01, 0x18, 0x43, 0x7a, 0x19, 
	0x9a, 0x5f, 0xa2, 0x19, 0xa2, 0x5d, 0x51, 0x51, 
	0x08, 0x43, 0x08, 0x45, 0x10, 0x87, 0x31, 0x53, 
	0x31, 0x95, 0x19, 0x0d, 0x29, 0x91, 0x63, 0x61, 
	0x52, 0x9d, 0x39, 0xd7, 0x42, 0x51, 0x31, 0x09, 
	0x20, 0xc7, 0x00, 0x01, 0x00, 0x01, 0x00, 0x01, 
	0x00, 0x01, 0x00, 0x01, 0x00, 0x01, 0x10, 0x45, 
	0x62, 0x95, 0x5a, 0x13, 0xa3, 0xa5, 0xbc, 0xaf, 
	0x6a, 0x9d, 0x08, 0x43, 0x31, 0x0d, 0x72, 0x9b, 
	0xab, 0xab, 0xb3, 0x69, 0x92, 0x61, 0x28, 0xc9, 
	0x08, 0x43, 0x10, 0x45, 0x28, 0xcb, 0x29, 0x51, 
	0x29, 0x91, 0x29, 0x4f, 0x21, 0x0b, 0x31, 0xd5, 
	0x31, 0xd7, 0x3a, 0x17, 0x41, 0xd1, 0x31, 0x49, 
	0x10, 0x43, 0x00, 0x01, 0x00, 0x01, 0x00, 0x01, 
	0x00, 0x01, 0x00, 0x01, 0x00, 0x01, 0x08, 0x43, 
	0x63, 0x19, 0x72, 0xd7, 0x93, 0x61, 0xc5, 0x75, 
	0xac, 0x6d, 0x28, 0x89, 0x49, 0xd3, 0x83, 0xa3, 
	0xbd, 0xb5, 0xc5, 0xb5, 0x9c, 0x6b, 0x39, 0x51, 
	0x08, 0x45, 0x18, 0x85, 0x31, 0x0f, 0x31, 0xd3, 
	0x21, 0x93, 0x29, 0x8f, 0x20, 0xcb, 0x29, 0x53, 
	0x3a, 0x1b, 0x42, 0x5b, 0x42, 0x11, 0x20, 0xc5, 
	0x00, 0x01, 0x00, 0x01, 0x00, 0x01, 0x00, 0x01, 
	0x00, 0x01, 0x00, 0x01, 0x00, 0x01, 0x00, 0x01, 
	0x29, 0x4b, 0x62, 0xd3, 0x7a, 0x57, 0xb4, 0x29, 
	0xbc, 0xaf, 0x49, 0x91, 0x5a, 0x13, 0x94, 0xab, 
	0xb5, 0xf7, 0xb5, 0xb7, 0x9d, 0x33, 0x5a, 0x59, 
	0x18, 0x45, 0x28, 0x89, 0x31, 0x8d, 0x21, 0x0f, 
	0x18, 0xcd, 0x29, 0x51, 0x21, 0x51, 0x21, 0x51, 
	0x21, 0x4f, 0x4a, 0x15, 0x39, 0x4b, 0x10, 0x43, 
	0x00, 0x01, 0x00, 0x01, 0x00, 0x01, 0x00, 0x01, 
	0x00, 0x01, 0x00, 0x01, 0x00, 0x01, 0x00, 0x01, 
	0x08, 0x43, 0x4a, 0x51, 0x82, 0x97, 0x91, 0xd3, 
	0xbb, 0xdf, 0xa3, 0xa5, 0x72, 0x9b, 0x9c, 0xad, 
	0xb5, 0xb7, 0xad, 0xb7, 0x9d, 0x33, 0x39, 0xd5, 
	0x10, 0x45, 0x31, 0x09, 0x39, 0x8d, 0x21, 0x4d, 
	0x21, 0x91, 0x31, 0x93, 0x29, 0x93, 0x29, 0x51, 
	0x29, 0x4f, 0x39, 0xcd, 0x28, 0xc7, 0x08, 0x03, 
	0x00, 0x01, 0x00, 0x01, 0x00, 0x01, 0x00, 0x01, 
	0x00, 0x01, 0x00, 0x01, 0x00, 0x01, 0x00, 0x01, 
	0x00, 0x01, 0x21, 0x09, 0x83, 0x5b, 0x92, 0x59, 
	0xb3, 0x93, 0xb3, 0xa1, 0xa2, 0xa1, 0xb4, 0xad, 
	0xb5, 0xf7, 0xad, 0xb5, 0x94, 0xef, 0x31, 0xd3, 
	0x19, 0x0b, 0x20, 0xc9, 0x39, 0xcf, 0x31, 0x4f, 
	0x31, 0x95, 0x29, 0x93, 0x28, 0xcd, 0x29, 0x53, 
	0x39, 0xd1, 0x31, 0x49, 0x08, 0x43, 0x00, 0x01, 
	0x00, 0x01, 0x00, 0x01, 0x00, 0x01, 0x00, 0x01, 
	0x00, 0x01, 0x00, 0x01, 0x00, 0x01, 0x00, 0x01, 
	0x00, 0x01, 0x08, 0x43, 0x52, 0x95, 0x8a, 0x57, 
	0xab, 0x13, 0xcc, 0xdd, 0xab, 0x65, 0xa2, 0xa3, 
	0xbc, 0xb1, 0xb5, 0x77, 0x9c, 0xf3, 0x4a, 0x17, 
	0x10, 0x45, 0x28, 0x89, 0x39, 0x0b, 0x31, 0x91, 
	0x29, 0x51, 0x28, 0xcf, 0x18, 0x89, 0x31, 0x91, 
	0x41, 0xcf, 0x20, 0xc7, 0x08, 0x01, 0x00, 0x01, 
	0x00, 0x01, 0x00, 0x01, 0x00, 0x01, 0x00, 0x01, 
	0x00, 0x01, 0x00, 0x01, 0x00, 0x01, 0x00, 0x01, 
	0x00, 0x01, 0x00, 0x01, 0x18, 0x85, 0x62, 0x13, 
	0x9a, 0x13, 0xbc, 0x19, 0xc4, 0x25, 0xaa, 0xa3, 
	0xab, 0x21, 0xb3, 0xe9, 0x8b, 0xe7, 0x49, 0x91, 
	0x10, 0x45, 0x10, 0x45, 0x20, 0x87, 0x20, 0x89, 
	0x21, 0x0d, 0x18, 0x87, 0x21, 0x0b, 0x4a, 0x0f, 
	0x21, 0x07, 0x18, 0x45, 0x00, 0x01, 0x00, 0x01, 
	0x00, 0x01, 0x00, 0x01, 0x00, 0x01, 0x00, 0x01, 
	0x00, 0x01, 0x00, 0x01, 0x00, 0x01, 0x00, 0x01, 
	0x00, 0x01, 0x00, 0x01, 0x00, 0x01, 0x28, 0xc7, 
	0x79, 0xd7, 0xa2, 0x5b, 0xbc, 0x27, 0xbb, 0xe7, 
	0xb3, 0x11, 0xaa, 0x9f, 0x72, 0x5b, 0x18, 0x87, 
	0x08, 0x03, 0x08, 0x43, 0x10, 0x47, 0x08, 0x45, 
	0x10, 0x45, 0x10, 0x85, 0x4a, 0x4d, 0x39, 0x8b, 
	0x18, 0x83, 0x00, 0x01, 0x00, 0x01, 0x00, 0x01, 
	0x00, 0x01, 0x00, 0x01, 0x00, 0x01, 0x00, 0x01, 
	0x00, 0x01, 0x00, 0x01, 0x00, 0x01, 0x00, 0x01, 
	0x00, 0x01, 0x00, 0x01, 0x00, 0x01, 0x00, 0x01, 
	0x39, 0x4d, 0x8a, 0x17, 0x9a, 0x19, 0xab, 0x25, 
	0xb3, 0x1f, 0xaa, 0x9f, 0x92, 0x5f, 0x30, 0xc9, 
	0x08, 0x43, 0x08, 0x45, 0x10, 0x87, 0x08, 0x43, 
	0x08, 0x41, 0x31, 0x49, 0x41, 0x89, 0x20, 0x85, 
	0x08, 0x03, 0x00, 0x01, 0x00, 0x01, 0x00, 0x01, 
	0x00, 0x01, 0x00, 0x01, 0x00, 0x01, 0x00, 0x01, 
	0x00, 0x01, 0x00, 0x01, 0x00, 0x01, 0x00, 0x01, 
	0x00, 0x01, 0x00, 0x01, 0x00, 0x01, 0x00, 0x01, 
	0x08, 0x01, 0x41, 0x0b, 0x81, 0xd9, 0xa2, 0x5f, 
	0xbb, 0xab, 0xab, 0x67, 0x92, 0x5d, 0x28, 0x89, 
	0x08, 0x01, 0x10, 0x85, 0x08, 0x45, 0x18, 0x87, 
	0x41, 0x4b, 0x59, 0xcf, 0x28, 0x87, 0x08, 0x43, 
	0x00, 0x01, 0x00, 0x01, 0x00, 0x01, 0x00, 0x01, 
	0x00, 0x01, 0x00, 0x01, 0x00, 0x01, 0x00, 0x01, 
	0x00, 0x01, 0x00, 0x01, 0x00, 0x01, 0x00, 0x01, 
	0x00, 0x01, 0x00, 0x01, 0x00, 0x01, 0x00, 0x01, 
	0x00, 0x01, 0x08, 0x43, 0x49, 0x0b, 0x81, 0xd7, 
	0x9a, 0x5f, 0xa2, 0xa3, 0x81, 0xdb, 0x69, 0x93, 
	0x51, 0x93, 0x49, 0x4f, 0x49, 0x0d, 0x7a, 0x19, 
	0x8a, 0x9d, 0x49, 0x4f, 0x18, 0x85, 0x00, 0x01, 
	0x00, 0x01, 0x00, 0x01, 0x00, 0x01, 0x00, 0x01, 
	0x00, 0x01, 0x00, 0x01, 0x00, 0x01, 0x00, 0x01, 
	0x00, 0x01, 0x00, 0x01, 0x00, 0x01, 0x00, 0x01, 
	0x00, 0x01, 0x00, 0x01, 0x00, 0x01, 0x00, 0x01, 
	0x00, 0x01, 0x00, 0x01, 0x08, 0x43, 0x30, 0xc9, 
	0x61, 0x0f, 0x79, 0x0f, 0x81, 0x4f, 0x89, 0xd3, 
	0x92, 0x17, 0x81, 0x53, 0x81, 0x53, 0x81, 0xd9, 
	0x51, 0x51, 0x18, 0x45, 0x00, 0x01, 0x00, 0x01, 
	0x00, 0x01, 0x00, 0x01, 0x00, 0x01, 0x00, 0x01, 
	0x00, 0x01, 0x00, 0x01, 0x00, 0x01, 0x00, 0x01, 
	0x00, 0x01, 0x00, 0x01, 0x00, 0x01, 0x00, 0x01, 
	0x00, 0x01, 0x00, 0x01, 0x00, 0x01, 0x00, 0x01, 
	0x00, 0x01, 0x00, 0x01, 0x00, 0x01, 0x00, 0x01, 
	0x10, 0x43, 0x28, 0x87, 0x48, 0x87, 0x58, 0xc9, 
	0x50, 0x87, 0x48, 0x45, 0x38, 0x49, 0x20, 0x47, 
	0x08, 0x03, 0x00, 0x01, 0x00, 0x01, 0x00, 0x01, 
	0x00, 0x01, 0x00, 0x01, 0x00, 0x01, 0x00, 0x01, 
	0x00, 0x01, 0x00, 0x01, 0x00, 0x01, 0x00, 0x01, 
	0x00, 0x01, 0x00, 0x01, 0x00, 0x01, 0x00, 0x01, 
	0x00, 0x01, 0x00, 0x01, 0x00, 0x01, 0x00, 0x01, 
	0x00, 0x01, 0x00, 0x01, 0x00, 0x01, 0x00, 0x01, 
	0x00, 0x01, 0x00, 0x01, 0x08, 0x03, 0x08, 0x03, 
	0x08, 0x03, 0x08, 0x03, 0x00, 0x01, 0x00, 0x01, 
	0x00, 0x01, 0x00, 0x01, 0x00, 0x01, 0x00, 0x01, 
	0x00, 0x01, 0x00, 0x01, 0x00, 0x01, 0x00, 0x01, 
	0x00, 0x01, 0x00, 0x01, 0x00, 0x01, 0x00, 0x01, 
	0x00, 0x01, 0x00, 0x01, 0x00, 0x01, 0x00, 0x01, 
	0x00, 0x01, 0x00, 0x01, 0x00, 0x01, 0x00, 0x01, 
	0x00, 0x01, 0x00, 0x01, 0x00, 0x01, 0x00, 0x01, 
	0x00, 0x01, 0x00, 0x01, 0x00, 0x01, 0x00, 0x01, 
	0x00, 0x01, 0x00, 0x01, 0x00, 0x01, 0x00, 0x01, 
	0x00, 0x01, 0x00, 0x01, 0x00, 0x01, 0x00, 0x01, 
	0x00, 0x01, 0x00, 0x01, 0x00, 0x01, 0x00, 0x01, 
	0x00, 0x01, 0x00, 0x01, 0x00, 0x01, 0x00, 0x01, 
	
};

Gfx mario_mario_button_rgba16_aligner[] = {gsSPEndDisplayList()};
u8 mario_mario_button_rgba16[] = {
	0xff, 0xfe, 0xff, 0xfe, 0xff, 0xfe, 0xff, 0xfe, 
	0xff, 0xfe, 0xff, 0xfe, 0xff, 0xfe, 0xff, 0xfe, 
	0xff, 0xfe, 0xff, 0xfe, 0xff, 0xfe, 0xff, 0xfe, 
	0xff, 0xfe, 0xff, 0xfe, 0xff, 0xfe, 0xff, 0xfe, 
	0xff, 0xfe, 0xff, 0xfe, 0xff, 0xfe, 0xff, 0xfe, 
	0xff, 0xfe, 0xff, 0xfe, 0xff, 0xfe, 0xff, 0xfe, 
	0xff, 0xfe, 0xff, 0xfe, 0xff, 0xfe, 0xff, 0xfe, 
	0xff, 0xfe, 0xff, 0xfe, 0xff, 0xfe, 0xff, 0xfe, 
	0xff, 0xfe, 0xff, 0xfe, 0xff, 0xfe, 0xff, 0xfe, 
	0xff, 0xfe, 0xff, 0xfe, 0xff, 0xfe, 0xff, 0xfe, 
	0xff, 0xfe, 0xff, 0xfe, 0xff, 0xfe, 0xff, 0xfe, 
	0xff, 0xfe, 0xff, 0xfe, 0xff, 0xfe, 0xff, 0xfe, 
	0xff, 0xfe, 0xff, 0xfe, 0xff, 0xfe, 0xff, 0xfe, 
	0xff, 0xfe, 0xff, 0xfe, 0xff, 0xfe, 0xff, 0xfe, 
	0xff, 0xfe, 0xff, 0xfe, 0xff, 0xfe, 0xff, 0xfe, 
	0xff, 0xfe, 0xff, 0xfe, 0xff, 0xfe, 0xff, 0xfe, 
	0xff, 0xfe, 0xff, 0xfe, 0xff, 0xfe, 0xff, 0xfe, 
	0xff, 0xfe, 0xff, 0xfe, 0xff, 0xfe, 0xff, 0xfe, 
	0xff, 0xfe, 0xff, 0xfe, 0xff, 0xfe, 0xff, 0xfe, 
	0xff, 0xfe, 0xff, 0xfe, 0xff, 0xfe, 0xff, 0xfe, 
	0xff, 0xfe, 0xff, 0xfe, 0xff, 0xfe, 0xff, 0xfe, 
	0xff, 0xfe, 0xff, 0xfe, 0xff, 0xfe, 0xff, 0xfe, 
	0xff, 0xfe, 0xff, 0xfe, 0xff, 0xfe, 0xff, 0xfe, 
	0xff, 0xfe, 0xff, 0xfe, 0xff, 0xfe, 0xff, 0xfe, 
	0xff, 0xfe, 0xff, 0xfe, 0xff, 0xfe, 0xff, 0xfe, 
	0xff, 0xfe, 0xff, 0xfe, 0xff, 0xfe, 0xff, 0xfe, 
	0xff, 0xfe, 0xff, 0xfe, 0xff, 0xfe, 0xff, 0xfe, 
	0xf7, 0x41, 0xf7, 0x01, 0xf7, 0x01, 0xf7, 0x01, 
	0xf7, 0x01, 0xf6, 0xc1, 0xf7, 0x01, 0xff, 0xfe, 
	0xff, 0xfe, 0xff, 0xfe, 0xff, 0xfe, 0xff, 0xfe, 
	0xff, 0xfe, 0xff, 0xfe, 0xff, 0xfe, 0xff, 0xfe, 
	0xff, 0xfe, 0xff, 0xfe, 0xff, 0xfe, 0xff, 0xfe, 
	0xff, 0xfe, 0xff, 0xfe, 0xff, 0xfe, 0xff, 0xfe, 
	0xff, 0xfe, 0xff, 0xfe, 0xff, 0xfe, 0xff, 0xfe, 
	0xff, 0xfe, 0xf7, 0x01, 0xf7, 0x01, 0xf7, 0x41, 
	0xf7, 0x81, 0xf7, 0x81, 0xf7, 0x81, 0xf7, 0x81, 
	0xf7, 0x81, 0xf7, 0x41, 0xf7, 0x01, 0xf7, 0x41, 
	0xf7, 0x01, 0xf7, 0x01, 0xff, 0xfe, 0xff, 0xfe, 
	0xff, 0xfe, 0xff, 0xfe, 0xff, 0xfe, 0xff, 0xfe, 
	0xff, 0xfe, 0xff, 0xfe, 0xff, 0xfe, 0xff, 0xfe, 
	0xff, 0xfe, 0xff, 0xfe, 0xff, 0xfe, 0xff, 0xfe, 
	0xff, 0xfe, 0xff, 0xfe, 0xff, 0xfe, 0xff, 0xfe, 
	0xf7, 0x81, 0xf7, 0x41, 0xf7, 0x81, 0xf7, 0x81, 
	0xf7, 0x81, 0xf7, 0x81, 0xf7, 0x81, 0xf7, 0x81, 
	0xf7, 0x81, 0xf7, 0x81, 0xf7, 0x81, 0xf7, 0x81, 
	0xf7, 0x41, 0xf7, 0x01, 0xf7, 0x41, 0xff, 0xfe, 
	0xff, 0xfe, 0xff, 0xfe, 0xff, 0xfe, 0xff, 0xfe, 
	0xff, 0xfe, 0xff, 0xfe, 0xff, 0xfe, 0xff, 0xfe, 
	0xff, 0xfe, 0xff, 0xfe, 0xff, 0xfe, 0xff, 0xfe, 
	0xff, 0xfe, 0xff, 0xfe, 0xf7, 0x41, 0xf7, 0x81, 
	0xf7, 0x81, 0xf7, 0x81, 0xf7, 0x81, 0xf7, 0x81, 
	0xf7, 0x81, 0xf7, 0x81, 0xf7, 0x81, 0xf7, 0x81, 
	0xf7, 0x81, 0xf7, 0x81, 0xf7, 0x81, 0xf7, 0x81, 
	0xf7, 0x81, 0xf7, 0x81, 0xf7, 0x41, 0xf7, 0x01, 
	0xf7, 0x01, 0xff, 0xfe, 0xff, 0xfe, 0xff, 0xfe, 
	0xff, 0xfe, 0xff, 0xfe, 0xff, 0xfe, 0xff, 0xfe, 
	0xff, 0xfe, 0xff, 0xfe, 0xff, 0xfe, 0xff, 0xfe, 
	0xff, 0xfe, 0xf7, 0x41, 0xf7, 0x41, 0xf7, 0x81, 
	0xf7, 0x81, 0xf7, 0x81, 0xf7, 0x81, 0xf7, 0x81, 
	0xf7, 0x81, 0xf7, 0x81, 0xf7, 0x81, 0xf7, 0x81, 
	0xf7, 0x81, 0xf7, 0x81, 0xf7, 0x81, 0xf7, 0x81, 
	0xf7, 0x81, 0xf7, 0x81, 0xf7, 0x81, 0xf7, 0x41, 
	0xf6, 0xc1, 0xf7, 0x01, 0xff, 0xfe, 0xff, 0xfe, 
	0xff, 0xfe, 0xff, 0xfe, 0xff, 0xfe, 0xff, 0xfe, 
	0xff, 0xfe, 0xff, 0xfe, 0xff, 0xfe, 0xff, 0xfe, 
	0xff, 0xfe, 0xf7, 0x81, 0xf7, 0x81, 0xf7, 0x81, 
	0xf7, 0x81, 0xf7, 0x81, 0xf7, 0x81, 0xf7, 0x81, 
	0xf7, 0x81, 0xf7, 0x81, 0xf7, 0x81, 0xf7, 0x81, 
	0xf7, 0x81, 0xf7, 0x81, 0xf7, 0x81, 0xf7, 0x81, 
	0xf7, 0x81, 0xf7, 0x81, 0xf7, 0x81, 0xf7, 0x81, 
	0xf7, 0x41, 0xf7, 0x01, 0xff, 0xfe, 0xff, 0xfe, 
	0xff, 0xfe, 0xff, 0xfe, 0xff, 0xfe, 0xff, 0xfe, 
	0xff, 0xfe, 0xff, 0xfe, 0xff, 0xfe, 0xff, 0xfe, 
	0xf7, 0x41, 0xf7, 0x81, 0xf7, 0x81, 0xf7, 0x81, 
	0xf7, 0x81, 0xf7, 0x81, 0xf7, 0x81, 0xf7, 0x81, 
	0xf7, 0x81, 0xf7, 0x81, 0xf7, 0x81, 0xf7, 0x81, 
	0xf7, 0x81, 0xf7, 0x81, 0xf7, 0x81, 0xf7, 0x81, 
	0xf7, 0x81, 0xf7, 0x81, 0xf7, 0x81, 0xf7, 0x81, 
	0xf7, 0x81, 0xf7, 0x41, 0xf7, 0x41, 0xff, 0xfe, 
	0xff, 0xfe, 0xff, 0xfe, 0xff, 0xfe, 0xff, 0xfe, 
	0xff, 0xfe, 0xff, 0xfe, 0xff, 0xfe, 0xf7, 0x01, 
	0xf7, 0x01, 0xf7, 0x81, 0xf7, 0x81, 0xf7, 0x81, 
	0xf7, 0x81, 0xf7, 0x81, 0xf7, 0x81, 0xf7, 0x81, 
	0xf7, 0x81, 0xf7, 0x81, 0xf7, 0x81, 0xf7, 0x81, 
	0xf7, 0x81, 0xf7, 0x81, 0xf7, 0x81, 0xf7, 0x81, 
	0xf7, 0x81, 0xf7, 0x81, 0xf7, 0x81, 0xf7, 0x81, 
	0xf7, 0x81, 0xf7, 0x81, 0xf7, 0x01, 0xf7, 0x01, 
	0xff, 0xfe, 0xff, 0xfe, 0xff, 0xfe, 0xff, 0xfe, 
	0xff, 0xfe, 0xff, 0xfe, 0xff, 0xfe, 0xf6, 0xc1, 
	0xf7, 0x01, 0xf7, 0x81, 0xf7, 0x81, 0xf7, 0x81, 
	0xf7, 0x81, 0xf7, 0x81, 0xf7, 0x81, 0xf7, 0x81, 
	0xf7, 0x81, 0xf7, 0x81, 0xf7, 0x81, 0xf7, 0x81, 
	0xf7, 0x81, 0xf7, 0x81, 0xf7, 0x81, 0xf7, 0x81, 
	0xf7, 0x81, 0xf7, 0x81, 0xf7, 0x81, 0xf7, 0x81, 
	0xf7, 0x81, 0xf7, 0x81, 0xf7, 0x41, 0xf7, 0x01, 
	0xff, 0xfe, 0xff, 0xfe, 0xff, 0xfe, 0xff, 0xfe, 
	0xff, 0xfe, 0xff, 0xfe, 0xff, 0xfe, 0xf6, 0xc1, 
	0xf7, 0x01, 0xf7, 0x81, 0xf7, 0x81, 0xf7, 0x81, 
	0xf7, 0x81, 0xf7, 0x81, 0xf7, 0x81, 0xf7, 0x81, 
	0xf7, 0x81, 0xf7, 0x81, 0xf7, 0x81, 0xf7, 0x81, 
	0xf7, 0x81, 0xf7, 0x81, 0xf7, 0x81, 0xf7, 0x81, 
	0xf7, 0x81, 0xf7, 0x81, 0xf7, 0x81, 0xf7, 0x81, 
	0xf7, 0x81, 0xf7, 0x81, 0xf7, 0x81, 0xf7, 0x41, 
	0xff, 0xfe, 0xff, 0xfe, 0xff, 0xfe, 0xff, 0xfe, 
	0xff, 0xfe, 0xff, 0xfe, 0xf6, 0x81, 0xf6, 0x81, 
	0xf7, 0x01, 0xf7, 0x81, 0xf7, 0x81, 0xf7, 0x81, 
	0xf7, 0x81, 0xf7, 0x81, 0xf7, 0x81, 0xf7, 0x81, 
	0xf7, 0x81, 0xf7, 0x81, 0xf7, 0x81, 0xf7, 0x81, 
	0xf7, 0x81, 0xf7, 0x81, 0xf7, 0x81, 0xf7, 0x81, 
	0xf7, 0x81, 0xf7, 0x81, 0xf7, 0x81, 0xf7, 0x81, 
	0xf7, 0x81, 0xf7, 0x81, 0xf7, 0x81, 0xf7, 0x01, 
	0xf7, 0x03, 0xff, 0xfe, 0xff, 0xfe, 0xff, 0xfe, 
	0xff, 0xfe, 0xff, 0xfe, 0xf6, 0x01, 0xf6, 0x41, 
	0xf6, 0xc1, 0xf7, 0x81, 0xf7, 0x81, 0xf7, 0x81, 
	0xf7, 0x81, 0xf7, 0x81, 0xf7, 0x81, 0xf7, 0x81, 
	0xf7, 0x81, 0xf7, 0x81, 0xf7, 0x81, 0xf7, 0x81, 
	0xf7, 0x81, 0xf7, 0x81, 0xf7, 0x81, 0xf7, 0x81, 
	0xf7, 0x81, 0xf7, 0x81, 0xf7, 0x81, 0xf7, 0x81, 
	0xf7, 0x81, 0xf7, 0x81, 0xf7, 0x81, 0xf7, 0x01, 
	0xf6, 0xc1, 0xff, 0xfe, 0xff, 0xfe, 0xff, 0xfe, 
	0xff, 0xfe, 0xff, 0xfe, 0xf5, 0xc1, 0xf5, 0xc1, 
	0xf6, 0x81, 0xf7, 0x41, 0xf7, 0x81, 0xf7, 0x81, 
	0xf7, 0x81, 0xf7, 0x81, 0xf7, 0x81, 0xf7, 0x81, 
	0xf7, 0x81, 0xf7, 0x81, 0xf7, 0x81, 0xf7, 0x81, 
	0xf7, 0x81, 0xf7, 0x81, 0xf7, 0x81, 0xf7, 0x81, 
	0xf7, 0x81, 0xf7, 0x81, 0xf7, 0x81, 0xf7, 0x81, 
	0xf7, 0x81, 0xf7, 0x81, 0xf7, 0x41, 0xf6, 0xc1, 
	0xf6, 0xc1, 0xff, 0xfe, 0xff, 0xfe, 0xff, 0xfe, 
	0xff, 0xfe, 0xff, 0xfe, 0xed, 0x41, 0xe5, 0x01, 
	0xf5, 0xc1, 0xf6, 0xc1, 0xf7, 0x81, 0xf7, 0x81, 
	0xf7, 0x81, 0xf7, 0x81, 0xf7, 0x81, 0xf7, 0x81, 
	0xf7, 0x81, 0xf7, 0x81, 0xf7, 0x81, 0xf7, 0x81, 
	0xf7, 0x81, 0xf7, 0x81, 0xf7, 0x81, 0xf7, 0x81, 
	0xf7, 0x81, 0xf7, 0x81, 0xf7, 0x81, 0xf7, 0x81, 
	0xf7, 0x81, 0xf7, 0x81, 0xf7, 0x41, 0xf6, 0xc1, 
	0xf6, 0xc1, 0xff, 0xfe, 0xff, 0xfe, 0xff, 0xfe, 
	0xff, 0xfe, 0xff, 0xfe, 0xe5, 0x01, 0xdc, 0x81, 
	0xdd, 0x01, 0xf6, 0x41, 0xf7, 0x81, 0xf7, 0x81, 
	0xf7, 0x81, 0xf7, 0x81, 0xf7, 0x81, 0xf7, 0x81, 
	0xf7, 0x81, 0xf7, 0x81, 0xf7, 0x81, 0xf7, 0x81, 
	0xf7, 0x81, 0xf7, 0x81, 0xf7, 0x81, 0xf7, 0x81, 
	0xf7, 0x81, 0xf7, 0x81, 0xf7, 0x81, 0xf7, 0x81, 
	0xf7, 0x81, 0xf7, 0x81, 0xf7, 0x41, 0xf6, 0x81, 
	0xf6, 0x81, 0xff, 0xfe, 0xff, 0xfe, 0xff, 0xfe, 
	0xff, 0xfe, 0xff, 0xfe, 0xe5, 0x01, 0xdc, 0x81, 
	0xdc, 0xc1, 0xed, 0x81, 0xf6, 0xc1, 0xf7, 0x81, 
	0xf7, 0x81, 0xf7, 0x81, 0xf7, 0x81, 0xf7, 0x81, 
	0xf7, 0x81, 0xf7, 0x81, 0xf7, 0x81, 0xf7, 0x81, 
	0xf7, 0x81, 0xf7, 0x81, 0xf7, 0x81, 0xf7, 0x81, 
	0xf7, 0x81, 0xf7, 0x81, 0xf7, 0x81, 0xf7, 0x81, 
	0xf7, 0x81, 0xf7, 0x81, 0xf6, 0xc1, 0xed, 0x81, 
	0xf6, 0x01, 0xff, 0xfe, 0xff, 0xfe, 0xff, 0xfe, 
	0xff, 0xfe, 0xff, 0xfe, 0xed, 0xc1, 0xdc, 0x81, 
	0xd4, 0x81, 0xcc, 0x81, 0xdd, 0x41, 0xf7, 0x01, 
	0xf7, 0x81, 0xf7, 0x81, 0xf7, 0x81, 0xf7, 0x81, 
	0xf7, 0x81, 0xf7, 0x81, 0xf7, 0x81, 0xf7, 0x81, 
	0xf7, 0x81, 0xf7, 0x81, 0xf7, 0x81, 0xf7, 0x81, 
	0xf7, 0x81, 0xf7, 0x81, 0xf7, 0x81, 0xf7, 0x81, 
	0xf7, 0x81, 0xf6, 0xc1, 0xe5, 0x81, 0xdd, 0x01, 
	0xf6, 0x07, 0xff, 0xfe, 0xff, 0xfe, 0xff, 0xfe, 
	0xff, 0xfe, 0xff, 0xfe, 0xff, 0xfe, 0xe5, 0x41, 
	0xdc, 0x81, 0xcc, 0x81, 0xc4, 0x81, 0xdd, 0x41, 
	0xf6, 0xc1, 0xf7, 0x81, 0xf7, 0x81, 0xf7, 0x81, 
	0xf7, 0x81, 0xf7, 0x81, 0xf7, 0x81, 0xf7, 0x81, 
	0xf7, 0x81, 0xf7, 0x81, 0xf7, 0x81, 0xf7, 0x81, 
	0xf7, 0x81, 0xf7, 0x81, 0xf7, 0x81, 0xf7, 0x01, 
	0xee, 0x01, 0xdd, 0x41, 0xd4, 0xc1, 0xdd, 0x41, 
	0xff, 0xfe, 0xff, 0xfe, 0xff, 0xfe, 0xff, 0xfe, 
	0xff, 0xfe, 0xff, 0xfe, 0xff, 0xfe, 0xe5, 0x41, 
	0xe4, 0xc1, 0xd4, 0x81, 0xc4, 0x41, 0xbc, 0x41, 
	0xcc, 0xc1, 0xe6, 0x01, 0xf7, 0x41, 0xf7, 0x81, 
	0xf7, 0x81, 0xf7, 0x81, 0xf7, 0x81, 0xf7, 0x81, 
	0xf7, 0x81, 0xf7, 0x81, 0xf7, 0x81, 0xf7, 0x81, 
	0xf7, 0x81, 0xf7, 0x81, 0xf6, 0x81, 0xdd, 0x81, 
	0xcc, 0xc1, 0xcc, 0x81, 0xd4, 0x81, 0xe5, 0x81, 
	0xff, 0xfe, 0xff, 0xfe, 0xff, 0xfe, 0xff, 0xfe, 
	0xff, 0xfe, 0xff, 0xfe, 0xff, 0xfe, 0xed, 0xc1, 
	0xe4, 0xc1, 0xe4, 0xc1, 0xd4, 0x81, 0xbc, 0x01, 
	0xb4, 0x01, 0xc4, 0x81, 0xd5, 0x01, 0xee, 0x01, 
	0xf7, 0x01, 0xf7, 0x81, 0xf7, 0x81, 0xf7, 0x81, 
	0xf7, 0x81, 0xf7, 0x81, 0xf7, 0x01, 0xee, 0x41, 
	0xdd, 0x81, 0xd5, 0x41, 0xcc, 0xc1, 0xc4, 0x81, 
	0xc4, 0x81, 0xcc, 0x81, 0xdc, 0xc1, 0xf6, 0x05, 
	0xff, 0xfe, 0xff, 0xfe, 0xff, 0xfe, 0xff, 0xfe, 
	0xff, 0xfe, 0xff, 0xfe, 0xff, 0xfe, 0xff, 0xfe, 
	0xf5, 0xc1, 0xe4, 0xc1, 0xe4, 0xc1, 0xd4, 0x81, 
	0xbc, 0x01, 0xb4, 0x01, 0xb4, 0x01, 0xbc, 0x41, 
	0xc4, 0x81, 0xcc, 0xc1, 0xd5, 0x01, 0xd5, 0x41, 
	0xd5, 0x01, 0xcc, 0xc1, 0xc4, 0x81, 0xbc, 0x41, 
	0xb4, 0x01, 0xb4, 0x41, 0xbc, 0x41, 0xc4, 0x81, 
	0xd4, 0x81, 0xdc, 0xc1, 0xf5, 0xc1, 0xff, 0xfe, 
	0xff, 0xfe, 0xff, 0xfe, 0xff, 0xfe, 0xff, 0xfe, 
	0xff, 0xfe, 0xff, 0xfe, 0xff, 0xfe, 0xff, 0xfe, 
	0xff, 0xfe, 0xed, 0x41, 0xe4, 0xc1, 0xe4, 0xc1, 
	0xd4, 0x81, 0xc4, 0x41, 0xbc, 0x01, 0xb3, 0xc1, 
	0xab, 0xc1, 0xab, 0xc1, 0xb3, 0xc1, 0xb4, 0x01, 
	0xb3, 0xc1, 0xb3, 0xc1, 0xb4, 0x01, 0xb4, 0x01, 
	0xbc, 0x41, 0xcc, 0x81, 0xd4, 0xc1, 0xdc, 0xc1, 
	0xe5, 0x01, 0xed, 0x41, 0xff, 0xfe, 0xff, 0xfe, 
	0xff, 0xfe, 0xff, 0xfe, 0xff, 0xfe, 0xff, 0xfe, 
	0xff, 0xfe, 0xff, 0xfe, 0xff, 0xfe, 0xff, 0xfe, 
	0xff, 0xfe, 0xed, 0xc1, 0xe4, 0xc1, 0xe4, 0xc1, 
	0xe4, 0xc1, 0xdc, 0xc1, 0xd4, 0x81, 0xcc, 0x81, 
	0xc4, 0x41, 0xbc, 0x41, 0xbc, 0x41, 0xbc, 0x41, 
	0xbc, 0x41, 0xc4, 0x81, 0xcc, 0x81, 0xd4, 0xc1, 
	0xdd, 0x01, 0xe5, 0x01, 0xed, 0x01, 0xed, 0x01, 
	0xec, 0xc1, 0xf5, 0xc1, 0xff, 0xfe, 0xff, 0xfe, 
	0xff, 0xfe, 0xff, 0xfe, 0xff, 0xfe, 0xff, 0xfe, 
	0xff, 0xfe, 0xff, 0xfe, 0xff, 0xfe, 0xff, 0xfe, 
	0xff, 0xfe, 0xff, 0xfe, 0xed, 0xc1, 0xed, 0x41, 
	0xe4, 0xc1, 0xe4, 0xc1, 0xe4, 0xc1, 0xe4, 0xc1, 
	0xdc, 0xc1, 0xdc, 0xc1, 0xdc, 0xc1, 0xdc, 0xc1, 
	0xe5, 0x01, 0xe5, 0x01, 0xed, 0x41, 0xed, 0x41, 
	0xf5, 0x41, 0xf5, 0x41, 0xed, 0x01, 0xf5, 0x81, 
	0xf5, 0xc1, 0xff, 0xfe, 0xff, 0xfe, 0xff, 0xfe, 
	0xff, 0xfe, 0xff, 0xfe, 0xff, 0xfe, 0xff, 0xfe, 
	0xff, 0xfe, 0xff, 0xfe, 0xff, 0xfe, 0xff, 0xfe, 
	0xff, 0xfe, 0xff, 0xfe, 0xff, 0xfe, 0xff, 0xfe, 
	0xed, 0xc1, 0xdc, 0xc1, 0xe4, 0xc1, 0xe4, 0xc1, 
	0xe4, 0xc1, 0xe5, 0x01, 0xed, 0x01, 0xed, 0x01, 
	0xed, 0x01, 0xed, 0x41, 0xf5, 0x41, 0xed, 0x01, 
	0xed, 0x01, 0xed, 0x01, 0xf6, 0x01, 0xff, 0xfe, 
	0xff, 0xfe, 0xff, 0xfe, 0xff, 0xfe, 0xff, 0xfe, 
	0xff, 0xfe, 0xff, 0xfe, 0xff, 0xfe, 0xff, 0xfe, 
	0xff, 0xfe, 0xff, 0xfe, 0xff, 0xfe, 0xff, 0xfe, 
	0xff, 0xfe, 0xff, 0xfe, 0xff, 0xfe, 0xff, 0xfe, 
	0xff, 0xfe, 0xed, 0xc1, 0xe5, 0x01, 0xe5, 0x01, 
	0xe4, 0xc1, 0xe4, 0xc1, 0xe4, 0xc1, 0xe4, 0xc1, 
	0xe4, 0xc1, 0xe4, 0xc1, 0xec, 0xc1, 0xed, 0x41, 
	0xed, 0x41, 0xf5, 0xc1, 0xff, 0xfe, 0xff, 0xfe, 
	0xff, 0xfe, 0xff, 0xfe, 0xff, 0xfe, 0xff, 0xfe, 
	0xff, 0xfe, 0xff, 0xfe, 0xff, 0xfe, 0xff, 0xfe, 
	0xff, 0xfe, 0xff, 0xfe, 0xff, 0xfe, 0xff, 0xfe, 
	0xff, 0xfe, 0xff, 0xfe, 0xff, 0xfe, 0xff, 0xfe, 
	0xff, 0xfe, 0xff, 0xfe, 0xff, 0xfe, 0xff, 0xfe, 
	0xed, 0xc1, 0xe5, 0x01, 0xed, 0x41, 0xed, 0x41, 
	0xed, 0x41, 0xed, 0x41, 0xf5, 0xc1, 0xff, 0xfe, 
	0xff, 0xfe, 0xff, 0xfe, 0xff, 0xfe, 0xff, 0xfe, 
	0xff, 0xfe, 0xff, 0xfe, 0xff, 0xfe, 0xff, 0xfe, 
	0xff, 0xfe, 0xff, 0xfe, 0xff, 0xfe, 0xff, 0xfe, 
	0xff, 0xfe, 0xff, 0xfe, 0xff, 0xfe, 0xff, 0xfe, 
	0xff, 0xfe, 0xff, 0xfe, 0xff, 0xfe, 0xff, 0xfe, 
	0xff, 0xfe, 0xff, 0xfe, 0xff, 0xfe, 0xff, 0xfe, 
	0xff, 0xfe, 0xff, 0xfe, 0xff, 0xfe, 0xff, 0xfe, 
	0xff, 0xfe, 0xff, 0xfe, 0xff, 0xfe, 0xff, 0xfe, 
	0xff, 0xfe, 0xff, 0xfe, 0xff, 0xfe, 0xff, 0xfe, 
	0xff, 0xfe, 0xff, 0xfe, 0xff, 0xfe, 0xff, 0xfe, 
	0xff, 0xfe, 0xff, 0xfe, 0xff, 0xfe, 0xff, 0xfe, 
	0xff, 0xfe, 0xff, 0xfe, 0xff, 0xfe, 0xff, 0xfe, 
	0xff, 0xfe, 0xff, 0xfe, 0xff, 0xfe, 0xff, 0xfe, 
	0xff, 0xfe, 0xff, 0xfe, 0xff, 0xfe, 0xff, 0xfe, 
	0xff, 0xfe, 0xff, 0xfe, 0xff, 0xfe, 0xff, 0xfe, 
	0xff, 0xfe, 0xff, 0xfe, 0xff, 0xfe, 0xff, 0xfe, 
	0xff, 0xfe, 0xff, 0xfe, 0xff, 0xfe, 0xff, 0xfe, 
	0xff, 0xfe, 0xff, 0xfe, 0xff, 0xfe, 0xff, 0xfe, 
	0xff, 0xfe, 0xff, 0xfe, 0xff, 0xfe, 0xff, 0xfe, 
	
};

Gfx mario_mario_face_1_rgba16_aligner[] = {gsSPEndDisplayList()};
u8 mario_mario_face_1_rgba16[] = {
	0xff, 0xfe, 0xff, 0xfe, 0xff, 0xfe, 0xff, 0xfe, 
	0xff, 0xfe, 0xff, 0xfe, 0xff, 0xfe, 0xff, 0xfe, 
	0xff, 0xfe, 0xff, 0xfe, 0xff, 0xfe, 0xff, 0xfe, 
	0xff, 0xfe, 0xff, 0xfe, 0xff, 0xfe, 0xff, 0xfe, 
	0xff, 0xfe, 0xff, 0xfe, 0xff, 0xfe, 0xff, 0xfe, 
	0xff, 0xfe, 0xff, 0xfe, 0xff, 0xfe, 0xff, 0xfe, 
	0xff, 0xfe, 0xff, 0xfe, 0xff, 0xfe, 0xff, 0xfe, 
	0xff, 0xfe, 0xff, 0xfe, 0xff, 0xfe, 0xff, 0xfe, 
	0xff, 0xfe, 0xff, 0xfe, 0xff, 0xfe, 0xff, 0xfe, 
	0xff, 0xfe, 0xff, 0xfe, 0xff, 0xfe, 0xff, 0xfe, 
	0xff, 0xfe, 0xff, 0xfe, 0xff, 0xfe, 0xff, 0xfe, 
	0xff, 0xfe, 0xff, 0xfe, 0xff, 0xfe, 0xff, 0xfe, 
	0xff, 0xfe, 0xff, 0xfe, 0xff, 0xfe, 0xff, 0xfe, 
	0xff, 0xfe, 0xff, 0xfe, 0xff, 0xfe, 0xff, 0xfe, 
	0xff, 0xfe, 0xff, 0xfe, 0xff, 0xfe, 0xff, 0xfe, 
	0xff, 0xfe, 0xff, 0xfe, 0xff, 0xfe, 0xff, 0xfe, 
	0xff, 0xfe, 0xff, 0xfe, 0xff, 0xfe, 0xff, 0xfe, 
	0xff, 0xfe, 0xff, 0xfe, 0xff, 0xfe, 0xff, 0xfe, 
	0xff, 0xfe, 0xff, 0xfe, 0xff, 0xfe, 0xff, 0xfe, 
	0xff, 0xfe, 0xff, 0xfe, 0xff, 0xfe, 0xff, 0xfe, 
	0xff, 0xfe, 0xff, 0xfe, 0xff, 0xfe, 0xff, 0xfe, 
	0xff, 0xfe, 0xff, 0xfe, 0xff, 0xfe, 0xff, 0xfe, 
	0xff, 0xfe, 0xff, 0xfe, 0xff, 0xfe, 0xff, 0xfe, 
	0xff, 0xfe, 0xff, 0xfe, 0xff, 0xfe, 0xff, 0xfe, 
	0xff, 0xfe, 0xff, 0xfe, 0xff, 0xfe, 0xff, 0xfe, 
	0xff, 0xfe, 0xff, 0xfe, 0xff, 0xfe, 0xff, 0xfe, 
	0xff, 0xfe, 0xff, 0xfe, 0xff, 0xfe, 0xff, 0xfe, 
	0xff, 0xfe, 0xff, 0xfe, 0xff, 0xfe, 0xff, 0xfe, 
	0xff, 0xfe, 0xff, 0xfe, 0xff, 0xfe, 0xff, 0xfe, 
	0xff, 0xfe, 0xff, 0xfe, 0xff, 0xfe, 0xff, 0xfe, 
	0xff, 0xfe, 0xff, 0xfe, 0xff, 0xfe, 0xff, 0xfe, 
	0xff, 0xfe, 0xff, 0xfe, 0xff, 0xfe, 0xff, 0xfe, 
	0xff, 0xfe, 0xff, 0xfe, 0xff, 0xfe, 0xff, 0xfe, 
	0xff, 0xfe, 0xff, 0xfe, 0xff, 0xfe, 0xff, 0xfe, 
	0xff, 0xfe, 0xff, 0xfe, 0xff, 0xfe, 0xff, 0xfe, 
	0xff, 0xfe, 0xff, 0xfe, 0xff, 0xfe, 0xff, 0xfe, 
	0xff, 0xfe, 0xff, 0xfe, 0xff, 0xfe, 0xff, 0xfe, 
	0xff, 0xfe, 0xff, 0xfe, 0xff, 0xfe, 0xff, 0xfe, 
	0xff, 0xfe, 0xff, 0xfe, 0xff, 0xfe, 0xff, 0xfe, 
	0xff, 0xfe, 0xff, 0xfe, 0xff, 0xfe, 0xff, 0xfe, 
	0xff, 0xfe, 0xff, 0xfe, 0xff, 0xfe, 0xff, 0xfe, 
	0x18, 0x87, 0x00, 0x01, 0x08, 0x03, 0x08, 0x01, 
	0x10, 0x43, 0xff, 0xfe, 0xff, 0xfe, 0xff, 0xfe, 
	0xff, 0xfe, 0xff, 0xfe, 0xff, 0xfe, 0xff, 0xfe, 
	0xff, 0xfe, 0xff, 0xfe, 0xff, 0xfe, 0xff, 0xfe, 
	0xff, 0xfe, 0xff, 0xfe, 0xff, 0xfe, 0x08, 0x43, 
	0x08, 0x01, 0x08, 0x03, 0x00, 0x01, 0x18, 0x87, 
	0xff, 0xfe, 0xff, 0xfe, 0xff, 0xfe, 0xff, 0xfe, 
	0xff, 0xfe, 0xff, 0xfe, 0xff, 0xfe, 0x08, 0x43, 
	0x08, 0x03, 0x08, 0x03, 0x08, 0x03, 0x08, 0x03, 
	0x08, 0x43, 0x08, 0x03, 0xff, 0xfe, 0xff, 0xfe, 
	0xff, 0xfe, 0xff, 0xfe, 0xff, 0xfe, 0xff, 0xfe, 
	0xff, 0xfe, 0xff, 0xfe, 0xff, 0xfe, 0xff, 0xfe, 
	0xff, 0xfe, 0xff, 0xfe, 0x08, 0x01, 0x08, 0x43, 
	0x08, 0x01, 0x08, 0x03, 0x08, 0x01, 0x08, 0x03, 
	0x10, 0x45, 0xff, 0xfe, 0xff, 0xfe, 0xff, 0xfe, 
	0xff, 0xfe, 0xff, 0xfe, 0x29, 0x4b, 0x00, 0x01, 
	0x41, 0xcf, 0xff, 0xfe, 0xff, 0xfe, 0xff, 0xfe, 
	0x31, 0x8d, 0x00, 0x01, 0x20, 0xc9, 0xff, 0xfe, 
	0xff, 0xfe, 0xff, 0xfe, 0xff, 0xfe, 0xff, 0xfe, 
	0xff, 0xfe, 0xff, 0xfe, 0xff, 0xfe, 0xff, 0xfe, 
	0xff, 0xfe, 0x18, 0x85, 0x08, 0x01, 0x39, 0x8f, 
	0xff, 0xfe, 0xff, 0xfe, 0xff, 0xfe, 0x41, 0xcf, 
	0x00, 0x01, 0x39, 0x8f, 0xff, 0xfe, 0xff, 0xfe, 
	0xff, 0xfe, 0xff, 0xfe, 0x08, 0x03, 0xff, 0xfe, 
	0xff, 0xfe, 0xff, 0xfe, 0xff, 0xfe, 0xff, 0xfe, 
	0xff, 0xfe, 0xff, 0xfe, 0x08, 0x03, 0xff, 0xfe, 
	0xff, 0xfe, 0xff, 0xfe, 0xff, 0xfe, 0xff, 0xfe, 
	0xff, 0xfe, 0xff, 0xfe, 0xff, 0xfe, 0xff, 0xfe, 
	0xff, 0xfe, 0x20, 0xc7, 0xff, 0xfe, 0xff, 0xfe, 
	0xff, 0xfe, 0xff, 0xfe, 0xff, 0xfe, 0xff, 0xfe, 
	0xff, 0xfe, 0x18, 0x87, 0xff, 0xfe, 0xff, 0xfe, 
	0xff, 0xfe, 0xff, 0xfe, 0xff, 0xfe, 0xff, 0xfe, 
	0xff, 0xfe, 0xff, 0xfe, 0xff, 0xfe, 0xff, 0xfe, 
	0xff, 0xfe, 0xff, 0xfe, 0xff, 0xfe, 0xff, 0xfe, 
	0xff, 0xfe, 0xff, 0xfe, 0xff, 0xfe, 0xff, 0xfe, 
	0xff, 0xfe, 0xff, 0xfe, 0xff, 0xfe, 0xff, 0xfe, 
	0xff, 0xfe, 0xff, 0xfe, 0xff, 0xfe, 0xff, 0xfe, 
	0xff, 0xfe, 0xff, 0xfe, 0xff, 0xfe, 0xff, 0xfe, 
	0xff, 0xfe, 0xff, 0xfe, 0xff, 0xfe, 0xff, 0xfe, 
	0xff, 0xfe, 0xff, 0xfe, 0xff, 0xfe, 0xff, 0xfe, 
	0xff, 0xfe, 0xff, 0xfe, 0xf7, 0xbd, 0xf7, 0xbd, 
	0xf7, 0xbd, 0xff, 0xfe, 0xff, 0xfe, 0xff, 0xfe, 
	0xff, 0xfe, 0xff, 0xfe, 0xff, 0xfe, 0xff, 0xfe, 
	0xff, 0xfe, 0xff, 0xfe, 0xff, 0xfe, 0xff, 0xfe, 
	0xff, 0xfe, 0xff, 0xfe, 0xff, 0xfe, 0xf7, 0xbd, 
	0xf7, 0xbd, 0xf7, 0xbd, 0xff, 0xfe, 0xff, 0xfe, 
	0xff, 0xfe, 0xff, 0xfe, 0xff, 0xfe, 0xff, 0xfe, 
	0xff, 0xfe, 0xff, 0xfe, 0xff, 0xfe, 0xff, 0xfe, 
	0xff, 0xfe, 0xf7, 0xbd, 0xf7, 0xbd, 0xf7, 0xbd, 
	0xf7, 0xbd, 0xef, 0xbd, 0xef, 0x7d, 0xff, 0xfe, 
	0xff, 0xfe, 0xff, 0xfe, 0xff, 0xfe, 0xff, 0xfe, 
	0xff, 0xfe, 0xff, 0xfe, 0xff, 0xfe, 0xff, 0xfe, 
	0xff, 0xfe, 0xff, 0xfe, 0xe7, 0x7d, 0xf7, 0xbd, 
	0xf7, 0xbd, 0xf7, 0xbd, 0xf7, 0xbd, 0xf7, 0xbd, 
	0xff, 0xfe, 0xff, 0xfe, 0xff, 0xfe, 0xff, 0xfe, 
	0xff, 0xfe, 0xff, 0xfe, 0xff, 0xfe, 0xff, 0xfe, 
	0xf7, 0xbd, 0xf7, 0xbd, 0xf7, 0xbd, 0xf7, 0xbd, 
	0xb6, 0xbd, 0x3c, 0x3b, 0x33, 0xf9, 0xa6, 0x3d, 
	0xff, 0xfe, 0xff, 0xfe, 0xff, 0xfe, 0xff, 0xfe, 
	0xff, 0xfe, 0xff, 0xfe, 0xff, 0xfe, 0xff, 0xfe, 
	0xff, 0xfe, 0x44, 0x7b, 0x2b, 0xf9, 0x95, 0xbd, 
	0xf7, 0xbd, 0xf7, 0xbd, 0xf7, 0xbd, 0xf7, 0xbd, 
	0xf7, 0xbd, 0xff, 0xfe, 0xff, 0xfe, 0xff, 0xfe, 
	0xff, 0xfe, 0xff, 0xfe, 0xff, 0xfe, 0xf7, 0xbd, 
	0xf7, 0xbd, 0xf7, 0xbd, 0xf7, 0xbd, 0xc6, 0xfd, 
	0x2b, 0xb9, 0x1b, 0x77, 0x1b, 0x79, 0x23, 0xb9, 
	0xff, 0xfe, 0xff, 0xfe, 0xff, 0xfe, 0xff, 0xfe, 
	0xff, 0xfe, 0xff, 0xfe, 0xff, 0xfe, 0xff, 0xfe, 
	0x44, 0x7b, 0x1b, 0x79, 0x1b, 0x79, 0x13, 0x37, 
	0x95, 0xfd, 0xf7, 0xbd, 0xf7, 0xbd, 0xf7, 0xbd, 
	0xf7, 0xbd, 0xff, 0xfe, 0xff, 0xfe, 0xff, 0xfe, 
	0xff, 0xfe, 0xff, 0xfe, 0xff, 0xfe, 0xf7, 0xbd, 
	0xf7, 0xbd, 0xf7, 0xbd, 0xf7, 0xbd, 0x5c, 0xbd, 
	0x1b, 0x37, 0x23, 0xb9, 0x23, 0x35, 0x12, 0xf5, 
	0x4c, 0xbd, 0xff, 0xfe, 0xff, 0xfe, 0xff, 0xfe, 
	0xff, 0xfe, 0xff, 0xfe, 0xff, 0xfe, 0x85, 0x7d, 
	0x12, 0xf5, 0x1b, 0x33, 0x23, 0xb9, 0x1b, 0x79, 
	0x33, 0xf9, 0xdf, 0x7d, 0xf7, 0xbd, 0xf7, 0xbd, 
	0xf7, 0xbd, 0xf7, 0xbd, 0xff, 0xfe, 0xff, 0xfe, 
	0xff, 0xfe, 0xff, 0xfe, 0xf7, 0xbd, 0xf7, 0xbd, 
	0xf7, 0xbd, 0xf7, 0xbd, 0xd7, 0x3d, 0x2b, 0xb9, 
	0x23, 0xb9, 0x1a, 0xf3, 0x00, 0x93, 0x00, 0x53, 
	0x1a, 0xaf, 0xff, 0xfe, 0xff, 0xfe, 0xff, 0xfe, 
	0xff, 0xfe, 0xff, 0xfe, 0xff, 0xfe, 0x3b, 0xf5, 
	0x00, 0xd9, 0x00, 0x4b, 0x12, 0x6b, 0x23, 0xb9, 
	0x1b, 0x77, 0xa6, 0x3d, 0xf7, 0xbd, 0xf7, 0xbd, 
	0xf7, 0xbd, 0xf7, 0xbd, 0xff, 0xfe, 0xff, 0xfe, 
	0xff, 0xfe, 0xff, 0xfe, 0xf7, 0xbd, 0xf7, 0xbd, 
	0xf7, 0xbd, 0xf7, 0xbd, 0x95, 0xfd, 0x1b, 0x79, 
	0x23, 0xb9, 0x09, 0x1d, 0x00, 0x01, 0x00, 0x01, 
	0x00, 0x0b, 0x8d, 0x7d, 0xff, 0xfe, 0xff, 0xfe, 
	0xff, 0xfe, 0xff, 0xfe, 0xff, 0xfe, 0x01, 0x1d, 
	0x00, 0x01, 0x00, 0x01, 0x00, 0x4f, 0x1b, 0x35, 
	0x1b, 0x79, 0x6c, 0xfd, 0xf7, 0xbd, 0xf7, 0xbd, 
	0xf7, 0xbd, 0xf7, 0xbd, 0xff, 0xfe, 0xff, 0xfe, 
	0xff, 0xfe, 0xff, 0xfe, 0xf7, 0xbd, 0xf7, 0xbd, 
	0xf7, 0xbd, 0xf7, 0xbd, 0x7d, 0x3d, 0x1b, 0x79, 
	0x1b, 0x33, 0x00, 0x05, 0x00, 0x01, 0x00, 0x01, 
	0x00, 0x01, 0x5c, 0x33, 0xff, 0xfe, 0xff, 0xfe, 
	0xff, 0xfe, 0xff, 0xfe, 0x95, 0x7b, 0x00, 0x01, 
	0x00, 0x01, 0x00, 0x01, 0x00, 0x01, 0x12, 0x29, 
	0x23, 0xb9, 0x44, 0x7b, 0xf7, 0xbd, 0xf7, 0xbd, 
	0xf7, 0xbd, 0xf7, 0xbd, 0xf7, 0xbd, 0xff, 0xfe, 
	0xff, 0xfe, 0xf7, 0xbd, 0xf7, 0xbd, 0xf7, 0xbd, 
	0xf7, 0xbd, 0xf7, 0xbd, 0x64, 0xfd, 0x1b, 0x79, 
	0x12, 0x2b, 0x00, 0x01, 0x00, 0x01, 0x00, 0x8d, 
	0x00, 0x01, 0x32, 0xe7, 0xff, 0xfe, 0xff, 0xfe, 
	0xff, 0xfe, 0xff, 0xfe, 0x6c, 0xb3, 0x00, 0x01, 
	0x00, 0x8f, 0x00, 0x01, 0x00, 0x01, 0x09, 0x63, 
	0x23, 0x79, 0x33, 0xfb, 0xef, 0xbd, 0xf7, 0xbd, 
	0xf7, 0xbd, 0xf7, 0xbd, 0xf7, 0xbd, 0xff, 0xfe, 
	0xff, 0xfe, 0xf7, 0xbd, 0xf7, 0xbd, 0xf7, 0xbd, 
	0xf7, 0xbd, 0xf7, 0xbd, 0x54, 0xbb, 0x1b, 0x79, 
	0x11, 0xe7, 0x00, 0x01, 0x21, 0xdd, 0xce, 0xbd, 
	0x6c, 0x2f, 0x19, 0xe1, 0xff, 0xfe, 0xff, 0xfe, 
	0xff, 0xfe, 0xff, 0xfe, 0x53, 0xed, 0x32, 0x61, 
	0xce, 0xbd, 0x53, 0xa9, 0x00, 0x01, 0x09, 0x1d, 
	0x23, 0x79, 0x2b, 0xb9, 0xdf, 0x3d, 0xf7, 0xbd, 
	0xf7, 0xbd, 0xf7, 0xbd, 0xf7, 0xbd, 0xff, 0xfe, 
	0xff, 0xfe, 0xf7, 0xbd, 0xf7, 0xbd, 0xf7, 0xbd, 
	0xf7, 0xbd, 0xf7, 0xbd, 0x44, 0x7b, 0x23, 0x79, 
	0x09, 0xe5, 0x00, 0x01, 0x5b, 0xeb, 0xf7, 0xbd, 
	0xb6, 0x3d, 0x11, 0x9f, 0xff, 0xfe, 0xff, 0xfe, 
	0xff, 0xfe, 0xff, 0xfe, 0x43, 0x29, 0x74, 0x6f, 
	0xf7, 0xbd, 0x9d, 0xb9, 0x00, 0x01, 0x00, 0xd9, 
	0x23, 0x77, 0x2b, 0xb9, 0xd7, 0x3d, 0xf7, 0xbd, 
	0xf7, 0xbd, 0xf7, 0xbd, 0xf7, 0xbd, 0xff, 0xfe, 
	0xff, 0xfe, 0xf7, 0xbd, 0xf7, 0xbd, 0xf7, 0xbd, 
	0xf7, 0xbd, 0xf7, 0xbd, 0x54, 0xbd, 0x1b, 0x79, 
	0x11, 0xe7, 0x00, 0x01, 0x19, 0x9b, 0xb6, 0x3d, 
	0x5b, 0xeb, 0x19, 0xe1, 0xff, 0xfe, 0xff, 0xfe, 
	0xff, 0xfe, 0xff, 0xfe, 0x4b, 0xad, 0x2a, 0x1f, 
	0xb6, 0x3d, 0x4b, 0x67, 0x00, 0x01, 0x01, 0x1d, 
	0x23, 0x77, 0x2b, 0xf9, 0xe7, 0x7d, 0xf7, 0xbd, 
	0xf7, 0xbd, 0xf7, 0xbd, 0xf7, 0xbd, 0xff, 0xfe, 
	0xff, 0xfe, 0xf7, 0xbd, 0xf7, 0xbd, 0xf7, 0xbd, 
	0xf7, 0xbd, 0xf7, 0xbd, 0x6c, 0xfd, 0x1b, 0x79, 
	0x12, 0x29, 0x00, 0x01, 0x00, 0x01, 0x00, 0x01, 
	0x00, 0x01, 0x2a, 0xa7, 0xff, 0xfe, 0xff, 0xfe, 
	0xff, 0xfe, 0xff, 0xfe, 0x64, 0x73, 0x00, 0x01, 
	0x00, 0x05, 0x00, 0x01, 0x00, 0x01, 0x09, 0x61, 
	0x23, 0x79, 0x33, 0xfb, 0xef, 0xbd, 0xf7, 0xbd, 
	0xf7, 0xbd, 0xf7, 0xbd, 0xf7, 0xbd, 0xff, 0xfe, 
	0xff, 0xfe, 0xff, 0xfe, 0xf7, 0xbd, 0xf7, 0xbd, 
	0xf7, 0xbd, 0xf7, 0xbd, 0x7d, 0x3d, 0x1b, 0x79, 
	0x1a, 0xf1, 0x00, 0x05, 0x00, 0x01, 0x00, 0x01, 
	0x00, 0x01, 0x53, 0xf1, 0xff, 0xfe, 0xff, 0xfe, 
	0xff, 0xfe, 0xff, 0xfe, 0x8d, 0x3b, 0x00, 0x01, 
	0x00, 0x01, 0x00, 0x01, 0x00, 0x01, 0x12, 0x27, 
	0x1b, 0xb9, 0x4c, 0x7b, 0xf7, 0xbd, 0xf7, 0xbd, 
	0xf7, 0xbd, 0xf7, 0xbd, 0xf7, 0xbd, 0xff, 0xfe, 
	0xff, 0xfe, 0xff, 0xfe, 0xf7, 0xbd, 0xf7, 0xbd, 
	0xf7, 0xbd, 0xf7, 0xbd, 0x9e, 0x3d, 0x1b, 0x79, 
	0x23, 0x77, 0x00, 0xd9, 0x00, 0x01, 0x00, 0x01, 
	0x00, 0x01, 0x85, 0x7b, 0xff, 0xfe, 0xff, 0xfe, 
	0xff, 0xfe, 0xff, 0xfe, 0xff, 0xfe, 0x00, 0xd9, 
	0x00, 0x01, 0x00, 0x01, 0x00, 0x05, 0x1a, 0xf3, 
	0x1b, 0x79, 0x75, 0x3d, 0xf7, 0xbd, 0xf7, 0xbd, 
	0xf7, 0xbd, 0xf7, 0xbd, 0xff, 0xfe, 0xff, 0xfe, 
	0xff, 0xfe, 0xff, 0xfe, 0xf7, 0xbd, 0xf7, 0xbd, 
	0xf7, 0xbd, 0xf7, 0xbd, 0xdf, 0x3d, 0x2b, 0xb9, 
	0x23, 0xb9, 0x12, 0x6d, 0x00, 0x01, 0x00, 0x01, 
	0x11, 0xe7, 0xff, 0xfe, 0xff, 0xfe, 0xff, 0xfe, 
	0xff, 0xfe, 0xff, 0xfe, 0xff, 0xfe, 0x2b, 0x73, 
	0x00, 0x0b, 0x00, 0x01, 0x09, 0xe5, 0x23, 0xb9, 
	0x1b, 0x79, 0xae, 0x7d, 0xf7, 0xbd, 0xf7, 0xbd, 
	0xf7, 0xbd, 0xf7, 0xbd, 0xff, 0xfe, 0xff, 0xfe, 
	0xff, 0xfe, 0xff, 0xfe, 0xff, 0xfe, 0xf7, 0xbd, 
	0xf7, 0xbd, 0xf7, 0xbd, 0xf7, 0xbd, 0x6c, 0xfd, 
	0x1b, 0x37, 0x23, 0xb9, 0x1a, 0xb1, 0x12, 0x6f, 
	0x4c, 0x7b, 0xff, 0xfe, 0xff, 0xfe, 0xff, 0xfe, 
	0xff, 0xfe, 0xff, 0xfe, 0xff, 0xfe, 0x7d, 0x3d, 
	0x0a, 0x71, 0x12, 0xad, 0x23, 0x77, 0x1b, 0x79, 
	0x3c, 0x3b, 0xe7, 0x7d, 0xf7, 0xbd, 0xf7, 0xbd, 
	0xf7, 0xbd, 0xf7, 0xbd, 0xff, 0xfe, 0xff, 0xfe, 
	0xff, 0xfe, 0xff, 0xfe, 0xff, 0xfe, 0xf7, 0xbd, 
	0xf7, 0xbd, 0xf7, 0xbd, 0xf7, 0xbd, 0xd7, 0x3d, 
	0x2b, 0xb9, 0x13, 0x37, 0x1b, 0x79, 0x23, 0x79, 
	0xff, 0xfe, 0xff, 0xfe, 0xff, 0xfe, 0xff, 0xfe, 
	0xff, 0xfe, 0xff, 0xfe, 0xff, 0xfe, 0xff, 0xfe, 
	0x3c, 0x3b, 0x13, 0x79, 0x1b, 0x79, 0x13, 0x37, 
	0x9e, 0x3d, 0xf7, 0xbd, 0xf7, 0xbd, 0xf7, 0xbd, 
	0xf7, 0xbd, 0xff, 0xfe, 0xff, 0xfe, 0xff, 0xfe, 
	0xff, 0xfe, 0xff, 0xfe, 0xff, 0xfe, 0xff, 0xfe, 
	0xf7, 0xbd, 0xf7, 0xbd, 0xf7, 0xbd, 0xf7, 0xbd, 
	0xbe, 0xbd, 0x54, 0xbd, 0x4c, 0xbb, 0xae, 0x7d, 
	0xff, 0xfe, 0xff, 0xfe, 0xff, 0xfe, 0xff, 0xfe, 
	0xff, 0xfe, 0xff, 0xfe, 0xff, 0xfe, 0xff, 0xfe, 
	0xc6, 0xfd, 0x5c, 0xbd, 0x4c, 0x7b, 0x9e, 0x3d, 
	0xf7, 0xbd, 0xf7, 0xbd, 0xf7, 0xbd, 0xf7, 0xbd, 
	0xf7, 0xbd, 0xff, 0xfe, 0xff, 0xfe, 0xff, 0xfe, 
	0xff, 0xfe, 0xff, 0xfe, 0xff, 0xfe, 0xff, 0xfe, 
	0xf7, 0xbd, 0xf7, 0xbd, 0xf7, 0xbd, 0xf7, 0xbd, 
	0xf7, 0xbd, 0xf7, 0xbd, 0xf7, 0xbd, 0xff, 0xfe, 
	0xff, 0xfe, 0xff, 0xfe, 0xff, 0xfe, 0xff, 0xfe, 
	0xff, 0xfe, 0xff, 0xfe, 0xff, 0xfe, 0xff, 0xfe, 
	0xff, 0xfe, 0xf7, 0xbd, 0xf7, 0xbd, 0xf7, 0xbd, 
	0xf7, 0xbd, 0xf7, 0xbd, 0xf7, 0xbd, 0xf7, 0xbd, 
	0xff, 0xfe, 0xff, 0xfe, 0xff, 0xfe, 0xff, 0xfe, 
	0xff, 0xfe, 0xff, 0xfe, 0xff, 0xfe, 0xff, 0xfe, 
	0xff, 0xfe, 0xff, 0xfe, 0xf7, 0xbd, 0xf7, 0xbd, 
	0xf7, 0xbd, 0xf7, 0xbd, 0xff, 0xfe, 0xff, 0xfe, 
	0xff, 0xfe, 0xff, 0xfe, 0xff, 0xfe, 0xff, 0xfe, 
	0xff, 0xfe, 0xff, 0xfe, 0xff, 0xfe, 0xff, 0xfe, 
	0xff, 0xfe, 0xff, 0xfe, 0xff, 0xfe, 0xf7, 0xbd, 
	0xf7, 0xbd, 0xf7, 0xbd, 0xff, 0xfe, 0xff, 0xfe, 
	0xff, 0xfe, 0xff, 0xfe, 0xff, 0xfe, 0xff, 0xfe, 
	0xff, 0xfe, 0xff, 0xfe, 0xff, 0xfe, 0xff, 0xfe, 
	0xff, 0xfe, 0xff, 0xfe, 0xff, 0xfe, 0xff, 0xfe, 
	0xff, 0xfe, 0xff, 0xfe, 0xff, 0xfe, 0xff, 0xfe, 
	0xff, 0xfe, 0xff, 0xfe, 0xff, 0xfe, 0xff, 0xfe, 
	0xff, 0xfe, 0xff, 0xfe, 0xff, 0xfe, 0xff, 0xfe, 
	0xff, 0xfe, 0xff, 0xfe, 0xff, 0xfe, 0xff, 0xfe, 
	0xff, 0xfe, 0xff, 0xfe, 0xff, 0xfe, 0xff, 0xfe, 
	0xff, 0xfe, 0xff, 0xfe, 0xff, 0xfe, 0xff, 0xfe, 
	
};

Gfx mario_mario_mustache_rgba16_aligner[] = {gsSPEndDisplayList()};
u8 mario_mario_mustache_rgba16[] = {
	0xff, 0xfe, 0xff, 0xfe, 0xff, 0xfe, 0xff, 0xfe, 
	0xff, 0xfe, 0xff, 0xfe, 0xff, 0xfe, 0xff, 0xfe, 
	0xff, 0xfe, 0xff, 0xfe, 0xff, 0xfe, 0xff, 0xfe, 
	0xff, 0xfe, 0xff, 0xfe, 0xff, 0xfe, 0xff, 0xfe, 
	0xff, 0xfe, 0xff, 0xfe, 0xff, 0xfe, 0xff, 0xfe, 
	0xff, 0xfe, 0xff, 0xfe, 0xff, 0xfe, 0xff, 0xfe, 
	0xff, 0xfe, 0xff, 0xfe, 0xff, 0xfe, 0xff, 0xfe, 
	0xff, 0xfe, 0xff, 0xfe, 0xff, 0xfe, 0xff, 0xfe, 
	0xff, 0xfe, 0xff, 0xfe, 0xff, 0xfe, 0xff, 0xfe, 
	0xff, 0xfe, 0xff, 0xfe, 0xff, 0xfe, 0xff, 0xfe, 
	0xff, 0xfe, 0xff, 0xfe, 0xff, 0xfe, 0xff, 0xfe, 
	0xff, 0xfe, 0xff, 0xfe, 0xff, 0xfe, 0xff, 0xfe, 
	0xff, 0xfe, 0xff, 0xfe, 0xff, 0xfe, 0xff, 0xfe, 
	0xff, 0xfe, 0xff, 0xfe, 0xff, 0xfe, 0xff, 0xfe, 
	0xff, 0xfe, 0xff, 0xfe, 0xff, 0xfe, 0xff, 0xfe, 
	0xff, 0xfe, 0xff, 0xfe, 0xff, 0xfe, 0xff, 0xfe, 
	0xff, 0xfe, 0xff, 0xfe, 0xff, 0xfe, 0xff, 0xfe, 
	0xff, 0xfe, 0xff, 0xfe, 0xff, 0xfe, 0xff, 0xfe, 
	0xff, 0xfe, 0xff, 0xfe, 0xff, 0xfe, 0xff, 0xfe, 
	0xff, 0xfe, 0xff, 0xfe, 0xff, 0xfe, 0xff, 0xfe, 
	0xff, 0xfe, 0xff, 0xfe, 0xff, 0xfe, 0xff, 0xfe, 
	0xff, 0xfe, 0xff, 0xfe, 0xff, 0xfe, 0xff, 0xfe, 
	0x00, 0x01, 0xff, 0xfe, 0xff, 0xfe, 0xff, 0xfe, 
	0xff, 0xfe, 0xff, 0xfe, 0xff, 0xfe, 0xff, 0xfe, 
	0xff, 0xfe, 0xff, 0xfe, 0xff, 0xfe, 0xff, 0xfe, 
	0xff, 0xfe, 0xff, 0xfe, 0xff, 0xfe, 0xff, 0xfe, 
	0xff, 0xfe, 0xff, 0xfe, 0xff, 0xfe, 0xff, 0xfe, 
	0xff, 0xfe, 0xff, 0xfe, 0xff, 0xfe, 0xff, 0xfe, 
	0xff, 0xfe, 0xff, 0xfe, 0xff, 0xfe, 0xff, 0xfe, 
	0xff, 0xfe, 0xff, 0xfe, 0xff, 0xfe, 0xff, 0xfe, 
	0x00, 0x01, 0x00, 0x01, 0xff, 0xfe, 0xff, 0xfe, 
	0xff, 0xfe, 0xff, 0xfe, 0xff, 0xfe, 0xff, 0xfe, 
	0xff, 0xfe, 0xff, 0xfe, 0xff, 0xfe, 0xff, 0xfe, 
	0xff, 0xfe, 0xff, 0xfe, 0xff, 0xfe, 0xff, 0xfe, 
	0xff, 0xfe, 0xff, 0xfe, 0xff, 0xfe, 0xff, 0xfe, 
	0xff, 0xfe, 0xff, 0xfe, 0xff, 0xfe, 0xff, 0xfe, 
	0xff, 0xfe, 0xff, 0xfe, 0xff, 0xfe, 0xff, 0xfe, 
	0xff, 0xfe, 0xff, 0xfe, 0xff, 0xfe, 0xff, 0xfe, 
	0x00, 0x01, 0x00, 0x01, 0x00, 0x01, 0xff, 0xfe, 
	0xff, 0xfe, 0xff, 0xfe, 0xff, 0xfe, 0xff, 0xfe, 
	0xff, 0xfe, 0xff, 0xfe, 0xff, 0xfe, 0xff, 0xfe, 
	0xff, 0xfe, 0xff, 0xfe, 0xff, 0xfe, 0xff, 0xfe, 
	0xff, 0xfe, 0xff, 0xfe, 0xff, 0xfe, 0xff, 0xfe, 
	0xff, 0xfe, 0xff, 0xfe, 0xff, 0xfe, 0xff, 0xfe, 
	0xff, 0xfe, 0xff, 0xfe, 0xff, 0xfe, 0xff, 0xfe, 
	0xff, 0xfe, 0xff, 0xfe, 0xff, 0xfe, 0x00, 0x01, 
	0x00, 0x01, 0x00, 0x01, 0x00, 0x01, 0xff, 0xfe, 
	0xff, 0xfe, 0xff, 0xfe, 0xff, 0xfe, 0xff, 0xfe, 
	0xff, 0xfe, 0xff, 0xfe, 0xff, 0xfe, 0xff, 0xfe, 
	0xff, 0xfe, 0xff, 0xfe, 0xff, 0xfe, 0xff, 0xfe, 
	0xff, 0xfe, 0xff, 0xfe, 0xff, 0xfe, 0xff, 0xfe, 
	0xff, 0xfe, 0xff, 0xfe, 0xff, 0xfe, 0xff, 0xfe, 
	0xff, 0xfe, 0xff, 0xfe, 0xff, 0xfe, 0xff, 0xfe, 
	0xff, 0xfe, 0xff, 0xfe, 0xff, 0xfe, 0x00, 0x01, 
	0x00, 0x01, 0x00, 0x01, 0x00, 0x01, 0x00, 0x01, 
	0xff, 0xfe, 0xff, 0xfe, 0xff, 0xfe, 0xff, 0xfe, 
	0xff, 0xfe, 0xff, 0xfe, 0xff, 0xfe, 0xff, 0xfe, 
	0xff, 0xfe, 0xff, 0xfe, 0xff, 0xfe, 0xff, 0xfe, 
	0xff, 0xfe, 0xff, 0xfe, 0xff, 0xfe, 0xff, 0xfe, 
	0xff, 0xfe, 0xff, 0xfe, 0xff, 0xfe, 0xff, 0xfe, 
	0xff, 0xfe, 0xff, 0xfe, 0xff, 0xfe, 0xff, 0xfe, 
	0xff, 0xfe, 0xff, 0xfe, 0x00, 0x01, 0x00, 0x01, 
	0x00, 0x01, 0x00, 0x01, 0x00, 0x01, 0x00, 0x01, 
	0xff, 0xfe, 0xff, 0xfe, 0xff, 0xfe, 0xff, 0xfe, 
	0xff, 0xfe, 0xff, 0xfe, 0xff, 0xfe, 0xff, 0xfe, 
	0xff, 0xfe, 0xff, 0xfe, 0xff, 0xfe, 0xff, 0xfe, 
	0xff, 0xfe, 0xff, 0xfe, 0xff, 0xfe, 0xff, 0xfe, 
	0xff, 0xfe, 0xff, 0xfe, 0xff, 0xfe, 0xff, 0xfe, 
	0xff, 0xfe, 0xff, 0xfe, 0xff, 0xfe, 0xff, 0xfe, 
	0xff, 0xfe, 0x00, 0x01, 0x00, 0x01, 0x00, 0x01, 
	0x00, 0x01, 0x00, 0x01, 0x00, 0x01, 0x00, 0x01, 
	0x00, 0x01, 0xff, 0xfe, 0xff, 0xfe, 0xff, 0xfe, 
	0xff, 0xfe, 0xff, 0xfe, 0xff, 0xfe, 0xff, 0xfe, 
	0xff, 0xfe, 0xff, 0xfe, 0xff, 0xfe, 0xff, 0xfe, 
	0xff, 0xfe, 0xff, 0xfe, 0xff, 0xfe, 0xff, 0xfe, 
	0xff, 0xfe, 0xff, 0xfe, 0xff, 0xfe, 0xff, 0xfe, 
	0xff, 0xfe, 0xff, 0xfe, 0xff, 0xfe, 0xff, 0xfe, 
	0x00, 0x01, 0x00, 0x01, 0x00, 0x01, 0x00, 0x01, 
	0x00, 0x01, 0x00, 0x01, 0x00, 0x01, 0x00, 0x01, 
	0x00, 0x01, 0xff, 0xfe, 0xff, 0xfe, 0xff, 0xfe, 
	0xff, 0xfe, 0xff, 0xfe, 0xff, 0xfe, 0xff, 0xfe, 
	0xff, 0xfe, 0xff, 0xfe, 0xff, 0xfe, 0xff, 0xfe, 
	0xff, 0xfe, 0xff, 0xfe, 0xff, 0xfe, 0xff, 0xfe, 
	0xff, 0xfe, 0xff, 0xfe, 0xff, 0xfe, 0xff, 0xfe, 
	0xff, 0xfe, 0xff, 0xfe, 0xff, 0xfe, 0x00, 0x01, 
	0x00, 0x01, 0x00, 0x01, 0x00, 0x01, 0x00, 0x01, 
	0x00, 0x01, 0x00, 0x01, 0x00, 0x01, 0x00, 0x01, 
	0x00, 0x01, 0xff, 0xfe, 0xff, 0xfe, 0xff, 0xfe, 
	0xff, 0xfe, 0xff, 0xfe, 0xff, 0xfe, 0xff, 0xfe, 
	0xff, 0xfe, 0xff, 0xfe, 0xff, 0xfe, 0xff, 0xfe, 
	0xff, 0xfe, 0xff, 0xfe, 0xff, 0xfe, 0xff, 0xfe, 
	0xff, 0xfe, 0xff, 0xfe, 0xff, 0xfe, 0xff, 0xfe, 
	0xff, 0xfe, 0x00, 0x01, 0x00, 0x01, 0x00, 0x01, 
	0x00, 0x01, 0x00, 0x01, 0x00, 0x01, 0x00, 0x01, 
	0x00, 0x01, 0x00, 0x01, 0x00, 0x01, 0x00, 0x01, 
	0x00, 0x01, 0xff, 0xfe, 0xff, 0xfe, 0xff, 0xfe, 
	0xff, 0xfe, 0xff, 0xfe, 0xff, 0xfe, 0xff, 0xfe, 
	0xff, 0xfe, 0xff, 0xfe, 0xff, 0xfe, 0xff, 0xfe, 
	0xff, 0xfe, 0xff, 0xfe, 0xff, 0xfe, 0xff, 0xfe, 
	0xff, 0xfe, 0xff, 0xfe, 0xff, 0xfe, 0x00, 0x01, 
	0x00, 0x01, 0x00, 0x01, 0x00, 0x01, 0x00, 0x01, 
	0x00, 0x01, 0x00, 0x01, 0x00, 0x01, 0x00, 0x01, 
	0x00, 0x01, 0x00, 0x01, 0x00, 0x01, 0x00, 0x01, 
	0x00, 0x01, 0xff, 0xfe, 0xff, 0xfe, 0xff, 0xfe, 
	0xff, 0xfe, 0xff, 0xfe, 0xff, 0xfe, 0xff, 0xfe, 
	0xff, 0xfe, 0xff, 0xfe, 0xff, 0xfe, 0xff, 0xfe, 
	0xff, 0xfe, 0xff, 0xfe, 0xff, 0xfe, 0xff, 0xfe, 
	0xff, 0xfe, 0x00, 0x01, 0x00, 0x01, 0x00, 0x01, 
	0x00, 0x01, 0x00, 0x01, 0x00, 0x01, 0x00, 0x01, 
	0x00, 0x01, 0x00, 0x01, 0x00, 0x01, 0x00, 0x01, 
	0x00, 0x01, 0x00, 0x01, 0x00, 0x01, 0x00, 0x01, 
	0x00, 0x01, 0xff, 0xfe, 0xff, 0xfe, 0xff, 0xfe, 
	0xff, 0xfe, 0xff, 0xfe, 0xff, 0xfe, 0xff, 0xfe, 
	0xff, 0xfe, 0xff, 0xfe, 0xff, 0xfe, 0xff, 0xfe, 
	0xff, 0xfe, 0x00, 0x01, 0x00, 0x01, 0x00, 0x01, 
	0x00, 0x01, 0x00, 0x01, 0x00, 0x01, 0x00, 0x01, 
	0x00, 0x01, 0x00, 0x01, 0x00, 0x01, 0x00, 0x01, 
	0x00, 0x01, 0x00, 0x01, 0x00, 0x01, 0x00, 0x01, 
	0x00, 0x01, 0x00, 0x01, 0x00, 0x01, 0x00, 0x01, 
	0xff, 0xfe, 0xff, 0xfe, 0xff, 0xfe, 0xff, 0xfe, 
	0xff, 0xfe, 0xff, 0xfe, 0xff, 0xfe, 0xff, 0xfe, 
	0xff, 0xfe, 0x00, 0x01, 0x00, 0x01, 0x00, 0x01, 
	0x00, 0x01, 0x00, 0x01, 0x00, 0x01, 0x00, 0x01, 
	0x00, 0x01, 0x00, 0x01, 0x00, 0x01, 0x00, 0x01, 
	0x00, 0x01, 0x00, 0x01, 0x00, 0x01, 0x00, 0x01, 
	0x00, 0x01, 0x00, 0x01, 0x00, 0x01, 0x00, 0x01, 
	0x00, 0x01, 0x00, 0x01, 0x00, 0x01, 0x00, 0x01, 
	0xff, 0xfe, 0xff, 0xfe, 0xff, 0xfe, 0xff, 0xfe, 
	0xff, 0xfe, 0xff, 0xfe, 0x00, 0x01, 0x00, 0x01, 
	0x00, 0x01, 0x00, 0x01, 0x00, 0x01, 0x00, 0x01, 
	0x00, 0x01, 0x00, 0x01, 0x00, 0x01, 0x00, 0x01, 
	0x00, 0x01, 0x00, 0x01, 0x00, 0x01, 0x00, 0x01, 
	0x00, 0x01, 0x00, 0x01, 0x00, 0x01, 0x00, 0x01, 
	0x00, 0x01, 0x00, 0x01, 0x00, 0x01, 0x00, 0x01, 
	0x00, 0x01, 0x00, 0x01, 0x00, 0x01, 0xff, 0xfe, 
	0xff, 0xfe, 0xff, 0xfe, 0xff, 0xfe, 0xff, 0xfe, 
	0xff, 0xfe, 0xff, 0xfe, 0x00, 0x01, 0x00, 0x01, 
	0x00, 0x01, 0x00, 0x01, 0x00, 0x01, 0x00, 0x01, 
	0x00, 0x01, 0x00, 0x01, 0x00, 0x01, 0x00, 0x01, 
	0x00, 0x01, 0x00, 0x01, 0x00, 0x01, 0x00, 0x01, 
	0x00, 0x01, 0x00, 0x01, 0x00, 0x01, 0x00, 0x01, 
	0x00, 0x01, 0x00, 0x01, 0x00, 0x01, 0x00, 0x01, 
	0x00, 0x01, 0xff, 0xfe, 0xff, 0xfe, 0xff, 0xfe, 
	0xff, 0xfe, 0xff, 0xfe, 0xff, 0xfe, 0xff, 0xfe, 
	0xff, 0xfe, 0xff, 0xfe, 0x00, 0x01, 0x00, 0x01, 
	0x00, 0x01, 0x00, 0x01, 0x00, 0x01, 0x00, 0x01, 
	0x00, 0x01, 0x00, 0x01, 0x00, 0x01, 0x00, 0x01, 
	0x00, 0x01, 0x00, 0x01, 0x00, 0x01, 0x00, 0x01, 
	0x00, 0x01, 0x00, 0x01, 0x00, 0x01, 0x00, 0x01, 
	0x00, 0x01, 0x00, 0x01, 0x00, 0x01, 0x00, 0x01, 
	0x00, 0x01, 0x00, 0x01, 0xff, 0xfe, 0xff, 0xfe, 
	0xff, 0xfe, 0xff, 0xfe, 0xff, 0xfe, 0xff, 0xfe, 
	0xff, 0xfe, 0xff, 0xfe, 0x00, 0x01, 0x00, 0x01, 
	0x00, 0x01, 0x00, 0x01, 0x00, 0x01, 0x00, 0x01, 
	0x00, 0x01, 0x00, 0x01, 0x00, 0x01, 0x00, 0x01, 
	0x00, 0x01, 0x00, 0x01, 0x00, 0x01, 0x00, 0x01, 
	0x00, 0x01, 0x00, 0x01, 0x00, 0x01, 0x00, 0x01, 
	0x00, 0x01, 0x00, 0x01, 0x00, 0x01, 0x00, 0x01, 
	0x00, 0x01, 0x00, 0x01, 0xff, 0xfe, 0xff, 0xfe, 
	0xff, 0xfe, 0xff, 0xfe, 0xff, 0xfe, 0xff, 0xfe, 
	0xff, 0xfe, 0xff, 0xfe, 0x00, 0x01, 0x00, 0x01, 
	0x00, 0x01, 0x00, 0x01, 0x00, 0x01, 0x00, 0x01, 
	0x00, 0x01, 0x00, 0x01, 0x00, 0x01, 0x00, 0x01, 
	0x00, 0x01, 0x00, 0x01, 0x00, 0x01, 0x00, 0x01, 
	0x00, 0x01, 0x00, 0x01, 0x00, 0x01, 0x00, 0x01, 
	0x00, 0x01, 0x00, 0x01, 0x00, 0x01, 0x00, 0x01, 
	0x00, 0x01, 0x00, 0x01, 0xff, 0xfe, 0xff, 0xfe, 
	0xff, 0xfe, 0xff, 0xfe, 0xff, 0xfe, 0xff, 0xfe, 
	0xff, 0xfe, 0xff, 0xfe, 0x00, 0x01, 0x00, 0x01, 
	0x00, 0x01, 0x00, 0x01, 0x00, 0x01, 0x00, 0x01, 
	0x00, 0x01, 0x00, 0x01, 0x00, 0x01, 0x00, 0x01, 
	0x00, 0x01, 0x00, 0x01, 0x00, 0x01, 0x00, 0x01, 
	0x00, 0x01, 0x00, 0x01, 0x00, 0x01, 0x00, 0x01, 
	0x00, 0x01, 0x00, 0x01, 0x00, 0x01, 0x00, 0x01, 
	0x00, 0x01, 0x00, 0x01, 0xff, 0xfe, 0xff, 0xfe, 
	0xff, 0xfe, 0xff, 0xfe, 0xff, 0xfe, 0xff, 0xfe, 
	0xff, 0xfe, 0xff, 0xfe, 0x00, 0x01, 0x00, 0x01, 
	0x00, 0x01, 0x00, 0x01, 0x00, 0x01, 0x00, 0x01, 
	0x00, 0x01, 0x00, 0x01, 0x00, 0x01, 0x00, 0x01, 
	0x00, 0x01, 0x00, 0x01, 0x00, 0x01, 0x00, 0x01, 
	0x00, 0x01, 0x00, 0x01, 0x00, 0x01, 0x00, 0x01, 
	0x00, 0x01, 0x00, 0x01, 0x00, 0x01, 0x00, 0x01, 
	0x00, 0x01, 0x00, 0x01, 0xff, 0xfe, 0xff, 0xfe, 
	0xff, 0xfe, 0xff, 0xfe, 0xff, 0xfe, 0xff, 0xfe, 
	0xff, 0xfe, 0xff, 0xfe, 0x00, 0x01, 0x00, 0x01, 
	0x00, 0x01, 0x00, 0x01, 0x00, 0x01, 0x00, 0x01, 
	0x00, 0x01, 0x00, 0x01, 0x00, 0x01, 0x00, 0x01, 
	0x00, 0x01, 0x00, 0x01, 0x00, 0x01, 0x00, 0x01, 
	0x00, 0x01, 0x00, 0x01, 0x00, 0x01, 0x00, 0x01, 
	0x00, 0x01, 0x00, 0x01, 0x00, 0x01, 0x00, 0x01, 
	0x00, 0x01, 0xff, 0xfe, 0xff, 0xfe, 0xff, 0xfe, 
	0xff, 0xfe, 0xff, 0xfe, 0xff, 0xfe, 0xff, 0xfe, 
	0xff, 0xfe, 0xff, 0xfe, 0x00, 0x01, 0x00, 0x01, 
	0x00, 0x01, 0x00, 0x01, 0x00, 0x01, 0x00, 0x01, 
	0x00, 0x01, 0x00, 0x01, 0x00, 0x01, 0x00, 0x01, 
	0x00, 0x01, 0x00, 0x01, 0x00, 0x01, 0x00, 0x01, 
	0x00, 0x01, 0x00, 0x01, 0x00, 0x01, 0x00, 0x01, 
	0x00, 0x01, 0x00, 0x01, 0x00, 0x01, 0x00, 0x01, 
	0xff, 0xfe, 0xff, 0xfe, 0xff, 0xfe, 0xff, 0xfe, 
	0xff, 0xfe, 0xff, 0xfe, 0xff, 0xfe, 0xff, 0xfe, 
	0xff, 0xfe, 0xff, 0xfe, 0x00, 0x01, 0x00, 0x01, 
	0x00, 0x01, 0x00, 0x01, 0x00, 0x01, 0x00, 0x01, 
	0x00, 0x01, 0x00, 0x01, 0x00, 0x01, 0x00, 0x01, 
	0x00, 0x01, 0x00, 0x01, 0x00, 0x01, 0x00, 0x01, 
	0x00, 0x01, 0x00, 0x01, 0x00, 0x01, 0x00, 0x01, 
	0xff, 0xfe, 0xff, 0xfe, 0xff, 0xfe, 0xff, 0xfe, 
	0xff, 0xfe, 0xff, 0xfe, 0xff, 0xfe, 0xff, 0xfe, 
	0xff, 0xfe, 0xff, 0xfe, 0xff, 0xfe, 0xff, 0xfe, 
	0xff, 0xfe, 0xff, 0xfe, 0x00, 0x01, 0x00, 0x01, 
	0x00, 0x01, 0x00, 0x01, 0x00, 0x01, 0x00, 0x01, 
	0x00, 0x01, 0x00, 0x01, 0x00, 0x01, 0x00, 0x01, 
	0x00, 0x01, 0x00, 0x01, 0x00, 0x01, 0x00, 0x01, 
	0x00, 0x01, 0x00, 0x01, 0x00, 0x01, 0x00, 0x01, 
	0xff, 0xfe, 0xff, 0xfe, 0xff, 0xfe, 0xff, 0xfe, 
	0xff, 0xfe, 0xff, 0xfe, 0xff, 0xfe, 0xff, 0xfe, 
	0xff, 0xfe, 0xff, 0xfe, 0xff, 0xfe, 0xff, 0xfe, 
	0xff, 0xfe, 0xff, 0xfe, 0x00, 0x01, 0x00, 0x01, 
	0x00, 0x01, 0x00, 0x01, 0x00, 0x01, 0x00, 0x01, 
	0x00, 0x01, 0x00, 0x01, 0x00, 0x01, 0x00, 0x01, 
	0x00, 0x01, 0x00, 0x01, 0x00, 0x01, 0x00, 0x01, 
	0x00, 0x01, 0x00, 0x01, 0x00, 0x01, 0xff, 0xfe, 
	0xff, 0xfe, 0xff, 0xfe, 0xff, 0xfe, 0xff, 0xfe, 
	0xff, 0xfe, 0xff, 0xfe, 0xff, 0xfe, 0xff, 0xfe, 
	0xff, 0xfe, 0xff, 0xfe, 0xff, 0xfe, 0xff, 0xfe, 
	0xff, 0xfe, 0xff, 0xfe, 0xff, 0xfe, 0x00, 0x01, 
	0x00, 0x01, 0x00, 0x01, 0x00, 0x01, 0x00, 0x01, 
	0x00, 0x01, 0x00, 0x01, 0xff, 0xfe, 0xff, 0xfe, 
	0x00, 0x01, 0x00, 0x01, 0x00, 0x01, 0x00, 0x01, 
	0x00, 0x01, 0x00, 0x01, 0xff, 0xfe, 0xff, 0xfe, 
	0xff, 0xfe, 0xff, 0xfe, 0xff, 0xfe, 0xff, 0xfe, 
	0xff, 0xfe, 0xff, 0xfe, 0xff, 0xfe, 0xff, 0xfe, 
	0xff, 0xfe, 0xff, 0xfe, 0xff, 0xfe, 0xff, 0xfe, 
	0xff, 0xfe, 0xff, 0xfe, 0xff, 0xfe, 0xff, 0xfe, 
	0x00, 0x01, 0x00, 0x01, 0x00, 0x01, 0x00, 0x01, 
	0x00, 0x01, 0xff, 0xfe, 0xff, 0xfe, 0xff, 0xfe, 
	0xff, 0xfe, 0xff, 0xfe, 0xff, 0xfe, 0xff, 0xfe, 
	0xff, 0xfe, 0xff, 0xfe, 0xff, 0xfe, 0xff, 0xfe, 
	0xff, 0xfe, 0xff, 0xfe, 0xff, 0xfe, 0xff, 0xfe, 
	0xff, 0xfe, 0xff, 0xfe, 0xff, 0xfe, 0xff, 0xfe, 
	0xff, 0xfe, 0xff, 0xfe, 0xff, 0xfe, 0xff, 0xfe, 
	0xff, 0xfe, 0xff, 0xfe, 0xff, 0xfe, 0xff, 0xfe, 
	0xff, 0xfe, 0xff, 0xfe, 0xff, 0xfe, 0xff, 0xfe, 
	0xff, 0xfe, 0xff, 0xfe, 0xff, 0xfe, 0xff, 0xfe, 
	0xff, 0xfe, 0xff, 0xfe, 0xff, 0xfe, 0xff, 0xfe, 
	0xff, 0xfe, 0xff, 0xfe, 0xff, 0xfe, 0xff, 0xfe, 
	0xff, 0xfe, 0xff, 0xfe, 0xff, 0xfe, 0xff, 0xfe, 
	0xff, 0xfe, 0xff, 0xfe, 0xff, 0xfe, 0xff, 0xfe, 
	0xff, 0xfe, 0xff, 0xfe, 0xff, 0xfe, 0xff, 0xfe, 
	0xff, 0xfe, 0xff, 0xfe, 0xff, 0xfe, 0xff, 0xfe, 
	0xff, 0xfe, 0xff, 0xfe, 0xff, 0xfe, 0xff, 0xfe, 
	0xff, 0xfe, 0xff, 0xfe, 0xff, 0xfe, 0xff, 0xfe, 
	0xff, 0xfe, 0xff, 0xfe, 0xff, 0xfe, 0xff, 0xfe, 
	0xff, 0xfe, 0xff, 0xfe, 0xff, 0xfe, 0xff, 0xfe, 
	0xff, 0xfe, 0xff, 0xfe, 0xff, 0xfe, 0xff, 0xfe, 
	0xff, 0xfe, 0xff, 0xfe, 0xff, 0xfe, 0xff, 0xfe, 
	0xff, 0xfe, 0xff, 0xfe, 0xff, 0xfe, 0xff, 0xfe, 
	
};

Gfx mario_mario_sideburn_rgba16_aligner[] = {gsSPEndDisplayList()};
u8 mario_mario_sideburn_rgba16[] = {
	0xff, 0xfe, 0xff, 0xfe, 0xff, 0xfe, 0xff, 0xfe, 
	0xff, 0xfe, 0xff, 0xfe, 0xff, 0xfe, 0xff, 0xfe, 
	0xff, 0xfe, 0xff, 0xfe, 0xff, 0xfe, 0xff, 0xfe, 
	0xff, 0xfe, 0xff, 0xfe, 0xff, 0xfe, 0xff, 0xfe, 
	0xff, 0xfe, 0xff, 0xfe, 0xff, 0xfe, 0xff, 0xfe, 
	0xff, 0xfe, 0xff, 0xfe, 0xff, 0xfe, 0xff, 0xfe, 
	0xff, 0xfe, 0xff, 0xfe, 0xff, 0xfe, 0xff, 0xfe, 
	0xff, 0xfe, 0xff, 0xfe, 0xff, 0xfe, 0xff, 0xfe, 
	0xff, 0xfe, 0xff, 0xfe, 0xff, 0xfe, 0xff, 0xfe, 
	0xff, 0xfe, 0xff, 0xfe, 0xff, 0xfe, 0xff, 0xfe, 
	0xff, 0xfe, 0xff, 0xfe, 0xff, 0xfe, 0xff, 0xfe, 
	0xff, 0xfe, 0xff, 0xfe, 0xff, 0xfe, 0xff, 0xfe, 
	0xff, 0xfe, 0xff, 0xfe, 0xff, 0xfe, 0xff, 0xfe, 
	0xff, 0xfe, 0xff, 0xfe, 0xff, 0xfe, 0xff, 0xfe, 
	0xff, 0xfe, 0xff, 0xfe, 0xff, 0xfe, 0xff, 0xfe, 
	0xff, 0xfe, 0xff, 0xfe, 0xff, 0xfe, 0xff, 0xfe, 
	0xff, 0xfe, 0xff, 0xfe, 0xff, 0xfe, 0xff, 0xfe, 
	0xff, 0xfe, 0xff, 0xfe, 0xff, 0xfe, 0xff, 0xfe, 
	0xff, 0xfe, 0xff, 0xfe, 0xff, 0xfe, 0xff, 0xfe, 
	0xff, 0xfe, 0xff, 0xfe, 0xff, 0xfe, 0xff, 0xfe, 
	0xff, 0xfe, 0xff, 0xfe, 0xff, 0xfe, 0x70, 0x01, 
	0x78, 0x01, 0x68, 0x01, 0x60, 0x01, 0x50, 0x01, 
	0x50, 0x01, 0x48, 0x01, 0x60, 0x01, 0xff, 0xfe, 
	0xff, 0xfe, 0xff, 0xfe, 0xff, 0xfe, 0xff, 0xfe, 
	0xff, 0xfe, 0xff, 0xfe, 0xff, 0xfe, 0xff, 0xfe, 
	0xff, 0xfe, 0xff, 0xfe, 0xff, 0xfe, 0xff, 0xfe, 
	0xff, 0xfe, 0xff, 0xfe, 0xff, 0xfe, 0xff, 0xfe, 
	0xff, 0xfe, 0xff, 0xfe, 0xff, 0xfe, 0xff, 0xfe, 
	0xff, 0xfe, 0xff, 0xfe, 0xb0, 0x41, 0x80, 0x01, 
	0x80, 0x01, 0x78, 0x01, 0x60, 0x01, 0x50, 0x01, 
	0x48, 0x01, 0x40, 0x01, 0x38, 0x01, 0x30, 0x01, 
	0x28, 0x01, 0x30, 0x01, 0x38, 0x01, 0xff, 0xfe, 
	0xff, 0xfe, 0xff, 0xfe, 0xff, 0xfe, 0xff, 0xfe, 
	0xff, 0xfe, 0xff, 0xfe, 0xff, 0xfe, 0xff, 0xfe, 
	0xff, 0xfe, 0xff, 0xfe, 0xff, 0xfe, 0xff, 0xfe, 
	0xff, 0xfe, 0xff, 0xfe, 0xff, 0xfe, 0xff, 0xfe, 
	0xff, 0xfe, 0xff, 0xfe, 0x88, 0x01, 0x88, 0x01, 
	0x80, 0x01, 0x78, 0x01, 0x60, 0x01, 0x50, 0x01, 
	0x48, 0x01, 0x40, 0x01, 0x40, 0x01, 0x38, 0x01, 
	0x38, 0x01, 0x30, 0x01, 0x40, 0x01, 0xff, 0xfe, 
	0xff, 0xfe, 0xff, 0xfe, 0xff, 0xfe, 0xff, 0xfe, 
	0xff, 0xfe, 0xff, 0xfe, 0xff, 0xfe, 0xff, 0xfe, 
	0xff, 0xfe, 0xff, 0xfe, 0xff, 0xfe, 0xff, 0xfe, 
	0xff, 0xfe, 0xff, 0xfe, 0xff, 0xfe, 0xff, 0xfe, 
	0xff, 0xfe, 0xff, 0xfe, 0x80, 0x01, 0x88, 0x01, 
	0x78, 0x01, 0x68, 0x01, 0x58, 0x01, 0x50, 0x01, 
	0x48, 0x01, 0x40, 0x01, 0x40, 0x01, 0x38, 0x01, 
	0x38, 0x01, 0x28, 0x01, 0xff, 0xfe, 0xff, 0xfe, 
	0xff, 0xfe, 0xff, 0xfe, 0xff, 0xfe, 0xff, 0xfe, 
	0xff, 0xfe, 0xff, 0xfe, 0xff, 0xfe, 0xff, 0xfe, 
	0xff, 0xfe, 0xff, 0xfe, 0xff, 0xfe, 0xff, 0xfe, 
	0xff, 0xfe, 0xff, 0xfe, 0xff, 0xfe, 0xff, 0xfe, 
	0xff, 0xfe, 0x90, 0x01, 0x88, 0x01, 0x80, 0x01, 
	0x78, 0x01, 0x60, 0x01, 0x58, 0x01, 0x48, 0x01, 
	0x48, 0x01, 0x40, 0x01, 0x40, 0x01, 0x38, 0x01, 
	0x38, 0x01, 0x30, 0x01, 0xff, 0xfe, 0xff, 0xfe, 
	0xff, 0xfe, 0xff, 0xfe, 0xff, 0xfe, 0xff, 0xfe, 
	0xff, 0xfe, 0xff, 0xfe, 0xff, 0xfe, 0xff, 0xfe, 
	0xff, 0xfe, 0xff, 0xfe, 0xff, 0xfe, 0xff, 0xfe, 
	0xff, 0xfe, 0xff, 0xfe, 0xff, 0xfe, 0xff, 0xfe, 
	0xa8, 0x01, 0x80, 0x01, 0x80, 0x01, 0x78, 0x01, 
	0x68, 0x01, 0x58, 0x01, 0x50, 0x01, 0x48, 0x01, 
	0x40, 0x01, 0x40, 0x01, 0x40, 0x01, 0x38, 0x01, 
	0x30, 0x01, 0x58, 0x01, 0xff, 0xfe, 0xff, 0xfe, 
	0xff, 0xfe, 0xff, 0xfe, 0xff, 0xfe, 0xff, 0xfe, 
	0xff, 0xfe, 0xff, 0xfe, 0xff, 0xfe, 0xff, 0xfe, 
	0xff, 0xfe, 0xff, 0xfe, 0xff, 0xfe, 0xff, 0xfe, 
	0xff, 0xfe, 0xff, 0xfe, 0xff, 0xfe, 0xa8, 0x01, 
	0x80, 0x01, 0x80, 0x01, 0x78, 0x01, 0x68, 0x01, 
	0x58, 0x01, 0x50, 0x01, 0x48, 0x01, 0x48, 0x01, 
	0x40, 0x01, 0x40, 0x01, 0x38, 0x01, 0x38, 0x01, 
	0x28, 0x01, 0xff, 0xfe, 0xff, 0xfe, 0xff, 0xfe, 
	0xff, 0xfe, 0xff, 0xfe, 0xff, 0xfe, 0xff, 0xfe, 
	0xff, 0xfe, 0xff, 0xfe, 0xff, 0xfe, 0xff, 0xfe, 
	0x80, 0x01, 0x88, 0x01, 0x88, 0x01, 0x98, 0x01, 
	0xff, 0xfe, 0xa8, 0x01, 0x88, 0x01, 0x80, 0x01, 
	0x80, 0x01, 0x78, 0x01, 0x68, 0x01, 0x60, 0x01, 
	0x50, 0x01, 0x48, 0x01, 0x48, 0x01, 0x48, 0x01, 
	0x40, 0x01, 0x40, 0x01, 0x38, 0x01, 0x38, 0x01, 
	0x38, 0x01, 0xff, 0xfe, 0xff, 0xfe, 0xff, 0xfe, 
	0xff, 0xfe, 0xff, 0xfe, 0xff, 0xfe, 0xff, 0xfe, 
	0xff, 0xfe, 0xff, 0xfe, 0x90, 0x01, 0x78, 0x01, 
	0x80, 0x01, 0x88, 0x01, 0x88, 0x01, 0x88, 0x01, 
	0x80, 0x01, 0x80, 0x01, 0x80, 0x01, 0x80, 0x01, 
	0x78, 0x01, 0x68, 0x01, 0x60, 0x01, 0x50, 0x01, 
	0x48, 0x01, 0x48, 0x01, 0x48, 0x01, 0x40, 0x01, 
	0x40, 0x01, 0x38, 0x01, 0x38, 0x01, 0x30, 0x01, 
	0x50, 0x01, 0xff, 0xfe, 0xff, 0xfe, 0xff, 0xfe, 
	0xff, 0xfe, 0xff, 0xfe, 0xff, 0xfe, 0xff, 0xfe, 
	0xff, 0xfe, 0x90, 0x01, 0x68, 0x01, 0x78, 0x01, 
	0x80, 0x01, 0x88, 0x01, 0x88, 0x01, 0x88, 0x01, 
	0x80, 0x01, 0x80, 0x01, 0x78, 0x01, 0x68, 0x01, 
	0x60, 0x01, 0x58, 0x01, 0x50, 0x01, 0x48, 0x01, 
	0x48, 0x01, 0x48, 0x01, 0x40, 0x01, 0x40, 0x01, 
	0x40, 0x01, 0x38, 0x01, 0x38, 0x01, 0x28, 0x01, 
	0xff, 0xfe, 0xff, 0xfe, 0xff, 0xfe, 0xff, 0xfe, 
	0xff, 0xfe, 0xff, 0xfe, 0xff, 0xfe, 0xff, 0xfe, 
	0xff, 0xfe, 0x60, 0x01, 0x60, 0x01, 0x68, 0x01, 
	0x78, 0x01, 0x78, 0x01, 0x78, 0x01, 0x78, 0x01, 
	0x70, 0x01, 0x68, 0x01, 0x60, 0x01, 0x58, 0x01, 
	0x50, 0x01, 0x50, 0x01, 0x48, 0x01, 0x48, 0x01, 
	0x48, 0x01, 0x40, 0x01, 0x40, 0x01, 0x40, 0x01, 
	0x38, 0x01, 0x38, 0x01, 0x38, 0x01, 0x38, 0x01, 
	0xff, 0xfe, 0xff, 0xfe, 0xff, 0xfe, 0xff, 0xfe, 
	0xff, 0xfe, 0xff, 0xfe, 0xff, 0xfe, 0xff, 0xfe, 
	0xff, 0xfe, 0x58, 0x01, 0x50, 0x01, 0x58, 0x01, 
	0x60, 0x01, 0x60, 0x01, 0x60, 0x01, 0x60, 0x01, 
	0x60, 0x01, 0x58, 0x01, 0x50, 0x01, 0x50, 0x01, 
	0x48, 0x01, 0x48, 0x01, 0x48, 0x01, 0x48, 0x01, 
	0x40, 0x01, 0x40, 0x01, 0x40, 0x01, 0x40, 0x01, 
	0x38, 0x01, 0x38, 0x01, 0x28, 0x01, 0x58, 0x01, 
	0xff, 0xfe, 0xff, 0xfe, 0xff, 0xfe, 0xff, 0xfe, 
	0xff, 0xfe, 0xff, 0xfe, 0xff, 0xfe, 0xff, 0xfe, 
	0xff, 0xfe, 0x78, 0x01, 0x40, 0x01, 0x50, 0x01, 
	0x50, 0x01, 0x50, 0x01, 0x50, 0x01, 0x50, 0x01, 
	0x50, 0x01, 0x50, 0x01, 0x48, 0x01, 0x48, 0x01, 
	0x48, 0x01, 0x48, 0x01, 0x48, 0x01, 0x40, 0x01, 
	0x40, 0x01, 0x40, 0x01, 0x40, 0x01, 0x38, 0x01, 
	0x38, 0x01, 0x38, 0x01, 0x30, 0x01, 0xff, 0xfe, 
	0xff, 0xfe, 0xff, 0xfe, 0xff, 0xfe, 0xff, 0xfe, 
	0xff, 0xfe, 0xff, 0xfe, 0xff, 0xfe, 0xff, 0xfe, 
	0xff, 0xfe, 0xff, 0xfe, 0x60, 0x01, 0x50, 0x01, 
	0x48, 0x01, 0x48, 0x01, 0x48, 0x01, 0x48, 0x01, 
	0x48, 0x01, 0x48, 0x01, 0x48, 0x01, 0x48, 0x01, 
	0x48, 0x01, 0x48, 0x01, 0x40, 0x01, 0x40, 0x01, 
	0x40, 0x01, 0x40, 0x01, 0x38, 0x01, 0x38, 0x01, 
	0x38, 0x01, 0x28, 0x01, 0x60, 0x01, 0xff, 0xfe, 
	0xff, 0xfe, 0xff, 0xfe, 0xff, 0xfe, 0xff, 0xfe, 
	0xff, 0xfe, 0xff, 0xfe, 0xff, 0xfe, 0x58, 0x01, 
	0x78, 0x01, 0x90, 0x01, 0x88, 0x01, 0x68, 0x01, 
	0x50, 0x01, 0x48, 0x01, 0x48, 0x01, 0x48, 0x01, 
	0x48, 0x01, 0x48, 0x01, 0x48, 0x01, 0x48, 0x01, 
	0x40, 0x01, 0x40, 0x01, 0x40, 0x01, 0x40, 0x01, 
	0x40, 0x01, 0x38, 0x01, 0x38, 0x01, 0x38, 0x01, 
	0x30, 0x01, 0x38, 0x01, 0xff, 0xfe, 0xff, 0xfe, 
	0xff, 0xfe, 0xff, 0xfe, 0xff, 0xfe, 0xff, 0xfe, 
	0xff, 0xfe, 0xff, 0xfe, 0x38, 0x01, 0x58, 0x01, 
	0x78, 0x01, 0x80, 0x01, 0x80, 0x01, 0x68, 0x01, 
	0x50, 0x01, 0x48, 0x01, 0x48, 0x01, 0x48, 0x01, 
	0x48, 0x01, 0x48, 0x01, 0x48, 0x01, 0x40, 0x01, 
	0x40, 0x01, 0x40, 0x01, 0x40, 0x01, 0x40, 0x01, 
	0x38, 0x01, 0x38, 0x01, 0x38, 0x01, 0x38, 0x01, 
	0x28, 0x01, 0xff, 0xfe, 0xff, 0xfe, 0xff, 0xfe, 
	0xff, 0xfe, 0xff, 0xfe, 0xff, 0xfe, 0xff, 0xfe, 
	0xff, 0xfe, 0x40, 0x01, 0x38, 0x01, 0x48, 0x01, 
	0x58, 0x01, 0x60, 0x01, 0x60, 0x01, 0x58, 0x01, 
	0x48, 0x01, 0x48, 0x01, 0x48, 0x01, 0x48, 0x01, 
	0x40, 0x01, 0x40, 0x01, 0x40, 0x01, 0x40, 0x01, 
	0x40, 0x01, 0x40, 0x01, 0x40, 0x01, 0x38, 0x01, 
	0x38, 0x01, 0x38, 0x01, 0x38, 0x01, 0x28, 0x01, 
	0x40, 0x01, 0xff, 0xfe, 0xff, 0xfe, 0xff, 0xfe, 
	0xff, 0xfe, 0xff, 0xfe, 0xff, 0xfe, 0xff, 0xfe, 
	0xff, 0xfe, 0x38, 0x01, 0x30, 0x01, 0x38, 0x01, 
	0x40, 0x01, 0x40, 0x01, 0x48, 0x01, 0x48, 0x01, 
	0x40, 0x01, 0x40, 0x01, 0x40, 0x01, 0x40, 0x01, 
	0x40, 0x01, 0x40, 0x01, 0x40, 0x01, 0x40, 0x01, 
	0x40, 0x01, 0x38, 0x01, 0x38, 0x01, 0x38, 0x01, 
	0x38, 0x01, 0x30, 0x01, 0x28, 0x01, 0x40, 0x01, 
	0xff, 0xfe, 0xff, 0xfe, 0xff, 0xfe, 0xff, 0xfe, 
	0xff, 0xfe, 0xff, 0xfe, 0xff, 0xfe, 0xff, 0xfe, 
	0xff, 0xfe, 0x38, 0x01, 0x30, 0x01, 0x38, 0x01, 
	0x38, 0x01, 0x38, 0x01, 0x38, 0x01, 0x40, 0x01, 
	0x40, 0x01, 0x40, 0x01, 0x40, 0x01, 0x40, 0x01, 
	0x40, 0x01, 0x40, 0x01, 0x40, 0x01, 0x38, 0x01, 
	0x38, 0x01, 0x38, 0x01, 0x30, 0x01, 0x30, 0x01, 
	0x30, 0x01, 0x30, 0x01, 0x38, 0x01, 0xff, 0xfe, 
	0xff, 0xfe, 0xff, 0xfe, 0xff, 0xfe, 0xff, 0xfe, 
	0xff, 0xfe, 0xff, 0xfe, 0xff, 0xfe, 0xff, 0xfe, 
	0xff, 0xfe, 0xff, 0xfe, 0x20, 0x01, 0x30, 0x01, 
	0x30, 0x01, 0x38, 0x01, 0x38, 0x01, 0x38, 0x01, 
	0x38, 0x01, 0x38, 0x01, 0x38, 0x01, 0x38, 0x01, 
	0x38, 0x01, 0x38, 0x01, 0x38, 0x01, 0x38, 0x01, 
	0x38, 0x01, 0x30, 0x01, 0x30, 0x01, 0x30, 0x01, 
	0x28, 0x01, 0x38, 0x01, 0xff, 0xfe, 0xff, 0xfe, 
	0xff, 0xfe, 0xff, 0xfe, 0xff, 0xfe, 0xff, 0xfe, 
	0xff, 0xfe, 0xff, 0xfe, 0xff, 0xfe, 0xff, 0xfe, 
	0xff, 0xfe, 0xff, 0xfe, 0x38, 0x01, 0x28, 0x01, 
	0x30, 0x01, 0x30, 0x01, 0x30, 0x01, 0x30, 0x01, 
	0x38, 0x01, 0x38, 0x01, 0x38, 0x01, 0x38, 0x01, 
	0x38, 0x01, 0x38, 0x01, 0x38, 0x01, 0x30, 0x01, 
	0x30, 0x01, 0x30, 0x01, 0x30, 0x01, 0x28, 0x01, 
	0x60, 0x01, 0xff, 0xfe, 0xff, 0xfe, 0xff, 0xfe, 
	0xff, 0xfe, 0xff, 0xfe, 0xff, 0xfe, 0xff, 0xfe, 
	0xff, 0xfe, 0xff, 0xfe, 0xff, 0xfe, 0xff, 0xfe, 
	0xff, 0xfe, 0xff, 0xfe, 0xff, 0xfe, 0x48, 0x01, 
	0x20, 0x01, 0x28, 0x01, 0x28, 0x01, 0x30, 0x01, 
	0x30, 0x01, 0x30, 0x01, 0x30, 0x01, 0x30, 0x01, 
	0x30, 0x01, 0x30, 0x01, 0x38, 0x01, 0x30, 0x01, 
	0x30, 0x01, 0x28, 0x01, 0x40, 0x01, 0xff, 0xfe, 
	0xff, 0xfe, 0xff, 0xfe, 0xff, 0xfe, 0xff, 0xfe, 
	0xff, 0xfe, 0xff, 0xfe, 0xff, 0xfe, 0xff, 0xfe, 
	0xff, 0xfe, 0xff, 0xfe, 0xff, 0xfe, 0xff, 0xfe, 
	0xff, 0xfe, 0xff, 0xfe, 0xff, 0xfe, 0xff, 0xfe, 
	0x68, 0x01, 0x38, 0x01, 0x20, 0x01, 0x28, 0x01, 
	0x28, 0x01, 0x30, 0x01, 0x30, 0x01, 0x30, 0x01, 
	0x30, 0x01, 0x28, 0x01, 0x28, 0x01, 0x28, 0x01, 
	0x40, 0x01, 0xff, 0xfe, 0xff, 0xfe, 0xff, 0xfe, 
	0xff, 0xfe, 0xff, 0xfe, 0xff, 0xfe, 0xff, 0xfe, 
	0xff, 0xfe, 0xff, 0xfe, 0xff, 0xfe, 0xff, 0xfe, 
	0xff, 0xfe, 0xff, 0xfe, 0xff, 0xfe, 0xff, 0xfe, 
	0xff, 0xfe, 0xff, 0xfe, 0xff, 0xfe, 0xff, 0xfe, 
	0xff, 0xfe, 0xff, 0xfe, 0xff, 0xfe, 0x60, 0x01, 
	0x50, 0x01, 0x38, 0x01, 0x40, 0x01, 0x38, 0x01, 
	0x40, 0x01, 0x60, 0x01, 0xff, 0xfe, 0xff, 0xfe, 
	0xff, 0xfe, 0xff, 0xfe, 0xff, 0xfe, 0xff, 0xfe, 
	0xff, 0xfe, 0xff, 0xfe, 0xff, 0xfe, 0xff, 0xfe, 
	0xff, 0xfe, 0xff, 0xfe, 0xff, 0xfe, 0xff, 0xfe, 
	0xff, 0xfe, 0xff, 0xfe, 0xff, 0xfe, 0xff, 0xfe, 
	0xff, 0xfe, 0xff, 0xfe, 0xff, 0xfe, 0xff, 0xfe, 
	0xff, 0xfe, 0xff, 0xfe, 0xff, 0xfe, 0xff, 0xfe, 
	0xff, 0xfe, 0xff, 0xfe, 0xff, 0xfe, 0xff, 0xfe, 
	0xff, 0xfe, 0xff, 0xfe, 0xff, 0xfe, 0xff, 0xfe, 
	0xff, 0xfe, 0xff, 0xfe, 0xff, 0xfe, 0xff, 0xfe, 
	0xff, 0xfe, 0xff, 0xfe, 0xff, 0xfe, 0xff, 0xfe, 
	0xff, 0xfe, 0xff, 0xfe, 0xff, 0xfe, 0xff, 0xfe, 
	0xff, 0xfe, 0xff, 0xfe, 0xff, 0xfe, 0xff, 0xfe, 
	0xff, 0xfe, 0xff, 0xfe, 0xff, 0xfe, 0xff, 0xfe, 
	0xff, 0xfe, 0xff, 0xfe, 0xff, 0xfe, 0xff, 0xfe, 
	0xff, 0xfe, 0xff, 0xfe, 0xff, 0xfe, 0xff, 0xfe, 
	0xff, 0xfe, 0xff, 0xfe, 0xff, 0xfe, 0xff, 0xfe, 
	0xff, 0xfe, 0xff, 0xfe, 0xff, 0xfe, 0xff, 0xfe, 
	0xff, 0xfe, 0xff, 0xfe, 0xff, 0xfe, 0xff, 0xfe, 
	0xff, 0xfe, 0xff, 0xfe, 0xff, 0xfe, 0xff, 0xfe, 
	0xff, 0xfe, 0xff, 0xfe, 0xff, 0xfe, 0xff, 0xfe, 
	0xff, 0xfe, 0xff, 0xfe, 0xff, 0xfe, 0xff, 0xfe, 
	0xff, 0xfe, 0xff, 0xfe, 0xff, 0xfe, 0xff, 0xfe, 
	0xff, 0xfe, 0xff, 0xfe, 0xff, 0xfe, 0xff, 0xfe, 
	0xff, 0xfe, 0xff, 0xfe, 0xff, 0xfe, 0xff, 0xfe, 
	0xff, 0xfe, 0xff, 0xfe, 0xff, 0xfe, 0xff, 0xfe, 
	0xff, 0xfe, 0xff, 0xfe, 0xff, 0xfe, 0xff, 0xfe, 
	0xff, 0xfe, 0xff, 0xfe, 0xff, 0xfe, 0xff, 0xfe, 
	0xff, 0xfe, 0xff, 0xfe, 0xff, 0xfe, 0xff, 0xfe, 
	0xff, 0xfe, 0xff, 0xfe, 0xff, 0xfe, 0xff, 0xfe, 
	0xff, 0xfe, 0xff, 0xfe, 0xff, 0xfe, 0xff, 0xfe, 
	0xff, 0xfe, 0xff, 0xfe, 0xff, 0xfe, 0xff, 0xfe, 
	0xff, 0xfe, 0xff, 0xfe, 0xff, 0xfe, 0xff, 0xfe, 
	0xff, 0xfe, 0xff, 0xfe, 0xff, 0xfe, 0xff, 0xfe, 
	0xff, 0xfe, 0xff, 0xfe, 0xff, 0xfe, 0xff, 0xfe, 
	0xff, 0xfe, 0xff, 0xfe, 0xff, 0xfe, 0xff, 0xfe, 
	0xff, 0xfe, 0xff, 0xfe, 0xff, 0xfe, 0xff, 0xfe, 
	0xff, 0xfe, 0xff, 0xfe, 0xff, 0xfe, 0xff, 0xfe, 
	0xff, 0xfe, 0xff, 0xfe, 0xff, 0xfe, 0xff, 0xfe, 
	0xff, 0xfe, 0xff, 0xfe, 0xff, 0xfe, 0xff, 0xfe, 
	0xff, 0xfe, 0xff, 0xfe, 0xff, 0xfe, 0xff, 0xfe, 
	0xff, 0xfe, 0xff, 0xfe, 0xff, 0xfe, 0xff, 0xfe, 
	0xff, 0xfe, 0xff, 0xfe, 0xff, 0xfe, 0xff, 0xfe, 
	0xff, 0xfe, 0xff, 0xfe, 0xff, 0xfe, 0xff, 0xfe, 
	0xff, 0xfe, 0xff, 0xfe, 0xff, 0xfe, 0xff, 0xfe, 
	0xff, 0xfe, 0xff, 0xfe, 0xff, 0xfe, 0xff, 0xfe, 
	0xff, 0xfe, 0xff, 0xfe, 0xff, 0xfe, 0xff, 0xfe, 
	0xff, 0xfe, 0xff, 0xfe, 0xff, 0xfe, 0xff, 0xfe, 
	0xff, 0xfe, 0xff, 0xfe, 0xff, 0xfe, 0xff, 0xfe, 
	0xff, 0xfe, 0xff, 0xfe, 0xff, 0xfe, 0xff, 0xfe, 
	0xff, 0xfe, 0xff, 0xfe, 0xff, 0xfe, 0xff, 0xfe, 
	0xff, 0xfe, 0xff, 0xfe, 0xff, 0xfe, 0xff, 0xfe, 
	0xff, 0xfe, 0xff, 0xfe, 0xff, 0xfe, 0xff, 0xfe, 
	
};

Gfx mario_mario_cap_rgba16_aligner[] = {gsSPEndDisplayList()};
u8 mario_mario_cap_rgba16[] = {
	0xff, 0xfe, 0xff, 0xfe, 0xff, 0xfe, 0xff, 0xfe, 
	0xff, 0xfe, 0xff, 0xfe, 0xff, 0xfe, 0xff, 0xfe, 
	0xff, 0xfe, 0xff, 0xfe, 0xff, 0xfe, 0xff, 0xfe, 
	0xff, 0xfe, 0xff, 0xfe, 0xff, 0xfe, 0xff, 0xfe, 
	0xff, 0xfe, 0xff, 0xfe, 0xff, 0xfe, 0xff, 0xfe, 
	0xff, 0xfe, 0xff, 0xfe, 0xff, 0xfe, 0xff, 0xfe, 
	0xff, 0xfe, 0xff, 0xfe, 0xff, 0xfe, 0xff, 0xfe, 
	0xff, 0xfe, 0xff, 0xfe, 0xff, 0xfe, 0xff, 0xfe, 
	0xff, 0xfe, 0xff, 0xfe, 0xff, 0xfe, 0xff, 0xfe, 
	0xff, 0xfe, 0xff, 0xfe, 0xff, 0xfe, 0xff, 0xfe, 
	0xff, 0xfe, 0xff, 0xfe, 0xff, 0xfe, 0xff, 0xfe, 
	0xff, 0xfe, 0xff, 0xfe, 0xff, 0xfe, 0xff, 0xfe, 
	0xff, 0xfe, 0xff, 0xfe, 0xff, 0xfe, 0xff, 0xfe, 
	0xff, 0xfe, 0xff, 0xfe, 0xff, 0xfe, 0xff, 0xfe, 
	0xff, 0xfe, 0xff, 0xfe, 0xff, 0xfe, 0xff, 0xfe, 
	0xff, 0xfe, 0xff, 0xfe, 0xff, 0xfe, 0xff, 0xfe, 
	0xff, 0xfe, 0xff, 0xfe, 0xff, 0xfe, 0xff, 0xfe, 
	0xff, 0xfe, 0xff, 0xfe, 0xff, 0xfe, 0xff, 0xfe, 
	0xff, 0xfe, 0xff, 0xfe, 0xff, 0xfe, 0xff, 0xfe, 
	0xff, 0xfe, 0xff, 0xfe, 0xff, 0xfe, 0xff, 0xfe, 
	0xff, 0xfe, 0xff, 0xfe, 0xff, 0xfe, 0xff, 0xfe, 
	0xff, 0xfe, 0xff, 0xfe, 0xff, 0xfe, 0xff, 0xfe, 
	0xff, 0xfe, 0xff, 0xfe, 0xff, 0xfe, 0xff, 0xfe, 
	0xff, 0xfe, 0xff, 0xfe, 0xff, 0xfe, 0xff, 0xfe, 
	0xff, 0xfe, 0xff, 0xfe, 0xff, 0xfe, 0xff, 0xfe, 
	0xff, 0xfe, 0xff, 0xfe, 0xff, 0xfe, 0xff, 0xfe, 
	0xff, 0xfe, 0xff, 0xfe, 0xff, 0xfe, 0xff, 0xfe, 
	0xff, 0xfe, 0xff, 0xfe, 0xff, 0xfe, 0xff, 0xfe, 
	0xff, 0xfe, 0xff, 0xfe, 0xff, 0xfe, 0xff, 0xfe, 
	0xff, 0xfe, 0xff, 0xfe, 0xff, 0xfe, 0xff, 0xfe, 
	0xff, 0xfe, 0xff, 0xfe, 0xff, 0xfe, 0xff, 0xfe, 
	0xff, 0xfe, 0xff, 0xfe, 0xff, 0xfe, 0xff, 0xfe, 
	0xff, 0xfe, 0xff, 0xfe, 0xff, 0xfe, 0xff, 0xfe, 
	0xff, 0xfe, 0xff, 0xfe, 0xff, 0xfe, 0xff, 0xfe, 
	0xff, 0xfe, 0xff, 0xfe, 0xff, 0xfe, 0xff, 0xfe, 
	0xff, 0xfe, 0xff, 0xfe, 0xff, 0xfe, 0xff, 0xfe, 
	0xff, 0xfe, 0xff, 0xfe, 0xff, 0xfe, 0xff, 0xfe, 
	0xff, 0xfe, 0xff, 0xfe, 0xff, 0xfe, 0xff, 0xfe, 
	0xff, 0xfe, 0xff, 0xfe, 0xff, 0xfe, 0xff, 0xfe, 
	0xff, 0xfe, 0xff, 0xfe, 0xff, 0xfe, 0xff, 0xfe, 
	0xff, 0xfe, 0xff, 0xfe, 0xff, 0xfe, 0xff, 0xfe, 
	0xff, 0xfe, 0xff, 0xfe, 0xff, 0xfe, 0xff, 0xfe, 
	0xff, 0xfe, 0xff, 0xfe, 0xff, 0xfe, 0xff, 0xfe, 
	0xf7, 0xbd, 0xf7, 0xbd, 0xf7, 0xbd, 0xf7, 0xbd, 
	0xf7, 0xbd, 0xf7, 0xbd, 0xf7, 0xbd, 0xf7, 0xbd, 
	0xff, 0xfe, 0xff, 0xfe, 0xff, 0xfe, 0xff, 0xfe, 
	0xff, 0xfe, 0xff, 0xfe, 0xff, 0xfe, 0xff, 0xfe, 
	0xff, 0xfe, 0xff, 0xfe, 0xff, 0xfe, 0xff, 0xfe, 
	0xff, 0xfe, 0xff, 0xfe, 0xff, 0xfe, 0xff, 0xfe, 
	0xff, 0xfe, 0xff, 0xfe, 0xff, 0xfe, 0xff, 0xfe, 
	0xff, 0xfe, 0xff, 0xfe, 0xf7, 0xbd, 0xf7, 0xbd, 
	0xf7, 0xbd, 0xf7, 0xbd, 0xf7, 0xbd, 0xf7, 0xbd, 
	0xf7, 0xbd, 0xf7, 0xbd, 0xf7, 0xbd, 0xf7, 0xbd, 
	0xf7, 0xbd, 0xf7, 0xbd, 0xff, 0xfe, 0xff, 0xfe, 
	0xff, 0xfe, 0xff, 0xfe, 0xff, 0xfe, 0xff, 0xfe, 
	0xff, 0xfe, 0xff, 0xfe, 0xff, 0xfe, 0xff, 0xfe, 
	0xff, 0xfe, 0xff, 0xfe, 0xff, 0xfe, 0xff, 0xfe, 
	0xff, 0xfe, 0xff, 0xfe, 0xff, 0xfe, 0xff, 0xfe, 
	0xff, 0xfe, 0xf7, 0xbd, 0xf7, 0xbd, 0xf7, 0xbd, 
	0xf7, 0xbd, 0xf7, 0xbd, 0xf7, 0xbd, 0xf7, 0xbd, 
	0xf7, 0xbd, 0xf7, 0xbd, 0xf7, 0xbd, 0xf7, 0xbd, 
	0xf7, 0xbd, 0xf7, 0xbd, 0xf7, 0xbd, 0xf7, 0xbd, 
	0xff, 0xfe, 0xff, 0xfe, 0xff, 0xfe, 0xff, 0xfe, 
	0xff, 0xfe, 0xff, 0xfe, 0xff, 0xfe, 0xff, 0xfe, 
	0xff, 0xfe, 0xff, 0xfe, 0xff, 0xfe, 0xff, 0xfe, 
	0xff, 0xfe, 0xff, 0xfe, 0xff, 0xfe, 0xff, 0xfe, 
	0xf7, 0xbd, 0xf7, 0xbd, 0xf7, 0xbd, 0xf7, 0xbd, 
	0xf7, 0xbd, 0xf7, 0xbd, 0xf7, 0xbd, 0xf7, 0xbd, 
	0xf7, 0xbd, 0xf7, 0xbd, 0xf7, 0xbd, 0xf7, 0xbd, 
	0xf7, 0xbd, 0xf7, 0xbd, 0xf7, 0xbd, 0xf7, 0xbd, 
	0xf7, 0xbd, 0xff, 0xfe, 0xff, 0xfe, 0xff, 0xfe, 
	0xff, 0xfe, 0xff, 0xfe, 0xff, 0xfe, 0xff, 0xfe, 
	0xff, 0xfe, 0xff, 0xfe, 0xff, 0xfe, 0xff, 0xfe, 
	0xff, 0xfe, 0xff, 0xfe, 0xff, 0xfe, 0xf7, 0xbd, 
	0xf7, 0xbd, 0xf7, 0xbd, 0xf7, 0xbd, 0xf6, 0xb5, 
	0xf5, 0xaf, 0xec, 0xe9, 0xf7, 0xbd, 0xf7, 0xbd, 
	0xf7, 0xbd, 0xf5, 0xef, 0xf5, 0x2b, 0xf5, 0x29, 
	0xf7, 0xbd, 0xf7, 0xbd, 0xf7, 0xbd, 0xf7, 0xbd, 
	0xf7, 0xbd, 0xf7, 0xbd, 0xff, 0xfe, 0xff, 0xfe, 
	0xff, 0xfe, 0xff, 0xfe, 0xff, 0xfe, 0xff, 0xfe, 
	0xff, 0xfe, 0xff, 0xfe, 0xff, 0xfe, 0xff, 0xfe, 
	0xff, 0xfe, 0xff, 0xfe, 0xf7, 0xbd, 0xf7, 0xbd, 
	0xf7, 0xbd, 0xf7, 0xbd, 0xf7, 0xbd, 0xf0, 0x01, 
	0xf0, 0x01, 0xf0, 0x01, 0xf3, 0xe1, 0xf7, 0xbd, 
	0xf7, 0x3b, 0xf0, 0x01, 0xf0, 0x01, 0xf0, 0x01, 
	0xf7, 0xbd, 0xf7, 0xbd, 0xf7, 0xbd, 0xf7, 0xbd, 
	0xf7, 0xbd, 0xf7, 0xbd, 0xff, 0xfe, 0xff, 0xfe, 
	0xff, 0xfe, 0xff, 0xfe, 0xff, 0xfe, 0xff, 0xfe, 
	0xff, 0xfe, 0xff, 0xfe, 0xff, 0xfe, 0xff, 0xfe, 
	0xff, 0xfe, 0xff, 0xfe, 0xf7, 0xbd, 0xf7, 0xbd, 
	0xf7, 0xbd, 0xf7, 0xbd, 0xf5, 0xef, 0xf0, 0x01, 
	0xf0, 0x01, 0xf0, 0x01, 0xf0, 0x01, 0xf7, 0xbd, 
	0xf3, 0x19, 0xf0, 0x01, 0xf0, 0x01, 0xf0, 0x01, 
	0xf0, 0x01, 0xf7, 0xbd, 0xf7, 0xbd, 0xf7, 0xbd, 
	0xf7, 0xbd, 0xf7, 0xbd, 0xf7, 0xbd, 0xff, 0xfe, 
	0xff, 0xfe, 0xff, 0xfe, 0xff, 0xfe, 0xff, 0xfe, 
	0xff, 0xfe, 0xff, 0xfe, 0xff, 0xfe, 0xff, 0xfe, 
	0xff, 0xfe, 0xf7, 0xbd, 0xf7, 0xbd, 0xf7, 0xbd, 
	0xf7, 0xbd, 0xf7, 0xbd, 0xf0, 0x45, 0xf0, 0x01, 
	0xf0, 0x01, 0xf0, 0x01, 0xf0, 0x01, 0xee, 0xf7, 
	0xf0, 0x85, 0xf0, 0x01, 0xf0, 0x01, 0xf0, 0x01, 
	0xf0, 0x01, 0xf5, 0x6d, 0xf7, 0xbd, 0xf7, 0xbd, 
	0xf7, 0xbd, 0xf7, 0xbd, 0xf7, 0xbd, 0xf7, 0xbd, 
	0xff, 0xfe, 0xff, 0xfe, 0xff, 0xfe, 0xff, 0xfe, 
	0xff, 0xfe, 0xff, 0xfe, 0xff, 0xfe, 0xff, 0xfe, 
	0xff, 0xfe, 0xf7, 0xbd, 0xf7, 0xbd, 0xf7, 0xbd, 
	0xf7, 0xbd, 0xf7, 0xbd, 0xf0, 0x01, 0xf0, 0x01, 
	0xf0, 0x01, 0xf0, 0x01, 0xf0, 0x01, 0xf0, 0x01, 
	0xf0, 0x01, 0xf0, 0x01, 0xf0, 0x01, 0xf0, 0x01, 
	0xf0, 0x01, 0xf0, 0x01, 0xf7, 0xbd, 0xf7, 0xbd, 
	0xf7, 0xbd, 0xf7, 0xbd, 0xf7, 0xbd, 0xf7, 0xbd, 
	0xff, 0xfe, 0xff, 0xfe, 0xff, 0xfe, 0xff, 0xfe, 
	0xff, 0xfe, 0xff, 0xfe, 0xff, 0xfe, 0xff, 0xfe, 
	0xf7, 0xbd, 0xf7, 0xbd, 0xf7, 0xbd, 0xf7, 0xbd, 
	0xf7, 0xbd, 0xf2, 0xd9, 0xf0, 0x01, 0xf0, 0x01, 
	0xf2, 0x11, 0xf1, 0xd1, 0xf0, 0x01, 0xf0, 0x01, 
	0xf0, 0x01, 0xf0, 0x01, 0xf4, 0xa5, 0xf0, 0x01, 
	0xf0, 0x01, 0xf0, 0x01, 0xf3, 0x9d, 0xf7, 0xbd, 
	0xf7, 0xbd, 0xf7, 0xbd, 0xf7, 0xbd, 0xf7, 0xbd, 
	0xf7, 0xbd, 0xff, 0xfe, 0xff, 0xfe, 0xff, 0xfe, 
	0xff, 0xfe, 0xff, 0xfe, 0xff, 0xfe, 0xff, 0xfe, 
	0xf7, 0xbd, 0xf7, 0xbd, 0xf7, 0xbd, 0xf7, 0xbd, 
	0xf7, 0xbd, 0xf0, 0x01, 0xf0, 0x01, 0xf0, 0x01, 
	0xf4, 0x21, 0xf7, 0xbd, 0xf0, 0x01, 0xf0, 0x01, 
	0xf0, 0x01, 0xf0, 0x01, 0xf7, 0xbd, 0xf0, 0x01, 
	0xf0, 0x01, 0xf0, 0x01, 0xf0, 0x01, 0xf7, 0xbd, 
	0xf7, 0xbd, 0xf7, 0xbd, 0xf7, 0xbd, 0xf7, 0xbd, 
	0xf7, 0xbd, 0xff, 0xfe, 0xff, 0xfe, 0xff, 0xfe, 
	0xff, 0xfe, 0xff, 0xfe, 0xff, 0xfe, 0xff, 0xfe, 
	0xf7, 0xbd, 0xf7, 0xbd, 0xf7, 0xbd, 0xf7, 0xbd, 
	0xf5, 0x29, 0xf0, 0x01, 0xf0, 0x01, 0xf0, 0x01, 
	0xf6, 0x33, 0xf7, 0xbd, 0xf0, 0x01, 0xf0, 0x01, 
	0xf0, 0x01, 0xf4, 0xe7, 0xf7, 0xbd, 0xf2, 0x95, 
	0xf0, 0x01, 0xf0, 0x01, 0xf0, 0x01, 0xf1, 0x4b, 
	0xf7, 0xbd, 0xf7, 0xbd, 0xf7, 0xbd, 0xf7, 0xbd, 
	0xf7, 0xbd, 0xff, 0xfe, 0xff, 0xfe, 0xff, 0xfe, 
	0xff, 0xfe, 0xff, 0xfe, 0xff, 0xfe, 0xff, 0xfe, 
	0xf7, 0xbd, 0xf7, 0xbd, 0xf7, 0xbd, 0xf7, 0xbd, 
	0xf0, 0x87, 0xf0, 0x01, 0xf0, 0x01, 0xf0, 0x01, 
	0xf7, 0xbd, 0xf7, 0xbd, 0xf7, 0x3b, 0xf4, 0xa5, 
	0xf4, 0xa5, 0xf7, 0xbd, 0xf7, 0xbd, 0xf6, 0xb5, 
	0xf0, 0x01, 0xf0, 0x01, 0xf0, 0x01, 0xf0, 0x01, 
	0xf6, 0xf7, 0xf7, 0xbd, 0xf7, 0xbd, 0xf7, 0xbd, 
	0xf7, 0xbd, 0xff, 0xfe, 0xff, 0xfe, 0xff, 0xfe, 
	0xff, 0xfe, 0xff, 0xfe, 0xff, 0xfe, 0xff, 0xfe, 
	0xf7, 0xbd, 0xf7, 0xbd, 0xf7, 0xbd, 0xf7, 0xbd, 
	0xf0, 0x01, 0xf0, 0x01, 0xf0, 0x01, 0xf0, 0x87, 
	0xf7, 0xbd, 0xf7, 0xbd, 0xf7, 0xbd, 0xf7, 0xbd, 
	0xf7, 0xbd, 0xf7, 0xbd, 0xf7, 0xbd, 0xf7, 0xbd, 
	0xf0, 0x01, 0xf0, 0x01, 0xf0, 0x01, 0xf0, 0x01, 
	0xf0, 0x01, 0xf7, 0xbd, 0xf7, 0xbd, 0xf7, 0xbd, 
	0xf7, 0xbd, 0xff, 0xfe, 0xff, 0xfe, 0xff, 0xfe, 
	0xff, 0xfe, 0xff, 0xfe, 0xff, 0xfe, 0xff, 0xfe, 
	0xf7, 0xbd, 0xf7, 0xbd, 0xf7, 0xbd, 0xf2, 0x55, 
	0xf0, 0x01, 0xf0, 0x01, 0xf0, 0x01, 0xf4, 0x23, 
	0xf7, 0xbd, 0xf7, 0xbd, 0xf7, 0xbd, 0xf7, 0xbd, 
	0xf7, 0xbd, 0xf7, 0xbd, 0xf7, 0xbd, 0xf7, 0xbd, 
	0xf2, 0x13, 0xf0, 0x01, 0xf0, 0x01, 0xf0, 0x01, 
	0xf0, 0x01, 0xf3, 0xe1, 0xf7, 0xbd, 0xf7, 0xbd, 
	0xf7, 0xbd, 0xff, 0xfe, 0xff, 0xfe, 0xff, 0xfe, 
	0xff, 0xfe, 0xff, 0xfe, 0xff, 0xfe, 0xff, 0xfe, 
	0xf7, 0xbd, 0xf7, 0xbd, 0xf7, 0xbd, 0xf0, 0x01, 
	0xf0, 0x01, 0xf0, 0x01, 0xf0, 0x01, 0xf7, 0xbd, 
	0xf7, 0xbd, 0xf7, 0xbd, 0xf7, 0xbd, 0xf7, 0xbd, 
	0xf7, 0xbd, 0xf7, 0xbd, 0xf7, 0xbd, 0xf7, 0xbd, 
	0xf6, 0x75, 0xf0, 0x01, 0xf0, 0x01, 0xf0, 0x01, 
	0xf3, 0x9f, 0xf7, 0xbd, 0xf7, 0xbd, 0xf7, 0xbd, 
	0xf7, 0xbd, 0xff, 0xfe, 0xff, 0xfe, 0xff, 0xfe, 
	0xff, 0xfe, 0xff, 0xfe, 0xff, 0xfe, 0xff, 0xfe, 
	0xf7, 0xbd, 0xf7, 0xbd, 0xf7, 0xbd, 0xf7, 0x7b, 
	0xf3, 0x9f, 0xf0, 0x03, 0xf0, 0x01, 0xf7, 0xbd, 
	0xf7, 0xbd, 0xf7, 0xbd, 0xf7, 0xbd, 0xf7, 0xbd, 
	0xf7, 0xbd, 0xf7, 0xbd, 0xf7, 0xbd, 0xf7, 0xbd, 
	0xf7, 0xbd, 0xf0, 0x01, 0xf2, 0x13, 0xf7, 0xbd, 
	0xf7, 0xbd, 0xf7, 0xbd, 0xf7, 0xbd, 0xf7, 0xbd, 
	0xff, 0xfe, 0xff, 0xfe, 0xff, 0xfe, 0xff, 0xfe, 
	0xff, 0xfe, 0xff, 0xfe, 0xff, 0xfe, 0xff, 0xfe, 
	0xff, 0xfe, 0xf7, 0xbd, 0xf7, 0xbd, 0xf7, 0xbd, 
	0xf7, 0xbd, 0xf7, 0xbd, 0xf7, 0x7d, 0xf7, 0xbd, 
	0xf7, 0xbd, 0xf7, 0xbd, 0xf7, 0xbd, 0xf7, 0xbd, 
	0xf7, 0xbd, 0xf7, 0xbd, 0xf7, 0xbd, 0xf7, 0xbd, 
	0xf7, 0xbd, 0xf7, 0xbd, 0xf7, 0xbd, 0xf7, 0xbd, 
	0xf7, 0xbd, 0xf7, 0xbd, 0xf7, 0xbd, 0xf7, 0xbd, 
	0xff, 0xfe, 0xff, 0xfe, 0xff, 0xfe, 0xff, 0xfe, 
	0xff, 0xfe, 0xff, 0xfe, 0xff, 0xfe, 0xff, 0xfe, 
	0xff, 0xfe, 0xff, 0xfe, 0xf7, 0xbd, 0xf7, 0xbd, 
	0xf7, 0xbd, 0xf7, 0xbd, 0xf7, 0xbd, 0xf7, 0xbd, 
	0xf7, 0xbd, 0xf7, 0xbd, 0xf7, 0xbd, 0xf7, 0xbd, 
	0xf7, 0xbd, 0xf7, 0xbd, 0xf7, 0xbd, 0xf7, 0xbd, 
	0xf7, 0xbd, 0xf7, 0xbd, 0xf7, 0xbd, 0xf7, 0xbd, 
	0xf7, 0xbd, 0xf7, 0xbd, 0xf7, 0xbd, 0xff, 0xfe, 
	0xff, 0xfe, 0xff, 0xfe, 0xff, 0xfe, 0xff, 0xfe, 
	0xff, 0xfe, 0xff, 0xfe, 0xff, 0xfe, 0xff, 0xfe, 
	0xff, 0xfe, 0xff, 0xfe, 0xff, 0xfe, 0xf7, 0xbd, 
	0xf7, 0xbd, 0xf7, 0xbd, 0xf7, 0xbd, 0xf7, 0xbd, 
	0xf7, 0xbd, 0xf7, 0xbd, 0xf7, 0xbd, 0xf7, 0xbd, 
	0xf7, 0xbd, 0xf7, 0xbd, 0xf7, 0xbd, 0xf7, 0xbd, 
	0xf7, 0xbd, 0xf7, 0xbd, 0xf7, 0xbd, 0xf7, 0xbd, 
	0xf7, 0xbd, 0xff, 0xfe, 0xff, 0xfe, 0xff, 0xfe, 
	0xff, 0xfe, 0xff, 0xfe, 0xff, 0xfe, 0xff, 0xfe, 
	0xff, 0xfe, 0xff, 0xfe, 0xff, 0xfe, 0xff, 0xfe, 
	0xff, 0xfe, 0xff, 0xfe, 0xff, 0xfe, 0xff, 0xfe, 
	0xff, 0xfe, 0xf7, 0xbd, 0xf7, 0xbd, 0xf7, 0xbd, 
	0xf7, 0xbd, 0xf7, 0xbd, 0xf7, 0xbd, 0xf7, 0xbd, 
	0xf7, 0xbd, 0xf7, 0xbd, 0xf7, 0xbd, 0xf7, 0xbd, 
	0xf7, 0xbd, 0xf7, 0xbd, 0xf7, 0xbd, 0xff, 0xfe, 
	0xff, 0xfe, 0xff, 0xfe, 0xff, 0xfe, 0xff, 0xfe, 
	0xff, 0xfe, 0xff, 0xfe, 0xff, 0xfe, 0xff, 0xfe, 
	0xff, 0xfe, 0xff, 0xfe, 0xff, 0xfe, 0xff, 0xfe, 
	0xff, 0xfe, 0xff, 0xfe, 0xff, 0xfe, 0xff, 0xfe, 
	0xff, 0xfe, 0xff, 0xfe, 0xff, 0xfe, 0xff, 0xfe, 
	0xff, 0xfe, 0xff, 0xfe, 0xff, 0xfe, 0xff, 0xfe, 
	0xff, 0xfe, 0xff, 0xfe, 0xff, 0xfe, 0xff, 0xfe, 
	0xff, 0xfe, 0xff, 0xfe, 0xff, 0xfe, 0xff, 0xfe, 
	0xff, 0xfe, 0xff, 0xfe, 0xff, 0xfe, 0xff, 0xfe, 
	0xff, 0xfe, 0xff, 0xfe, 0xff, 0xfe, 0xff, 0xfe, 
	0xff, 0xfe, 0xff, 0xfe, 0xff, 0xfe, 0xff, 0xfe, 
	0xff, 0xfe, 0xff, 0xfe, 0xff, 0xfe, 0xff, 0xfe, 
	0xff, 0xfe, 0xff, 0xfe, 0xff, 0xfe, 0xff, 0xfe, 
	0xff, 0xfe, 0xff, 0xfe, 0xff, 0xfe, 0xff, 0xfe, 
	0xff, 0xfe, 0xff, 0xfe, 0xff, 0xfe, 0xff, 0xfe, 
	0xff, 0xfe, 0xff, 0xfe, 0xff, 0xfe, 0xff, 0xfe, 
	0xff, 0xfe, 0xff, 0xfe, 0xff, 0xfe, 0xff, 0xfe, 
	0xff, 0xfe, 0xff, 0xfe, 0xff, 0xfe, 0xff, 0xfe, 
	0xff, 0xfe, 0xff, 0xfe, 0xff, 0xfe, 0xff, 0xfe, 
	0xff, 0xfe, 0xff, 0xfe, 0xff, 0xfe, 0xff, 0xfe, 
	0xff, 0xfe, 0xff, 0xfe, 0xff, 0xfe, 0xff, 0xfe, 
	0xff, 0xfe, 0xff, 0xfe, 0xff, 0xfe, 0xff, 0xfe, 
	0xff, 0xfe, 0xff, 0xfe, 0xff, 0xfe, 0xff, 0xfe, 
	0xff, 0xfe, 0xff, 0xfe, 0xff, 0xfe, 0xff, 0xfe, 
	0xff, 0xfe, 0xff, 0xfe, 0xff, 0xfe, 0xff, 0xfe, 
	0xff, 0xfe, 0xff, 0xfe, 0xff, 0xfe, 0xff, 0xfe, 
	0xff, 0xfe, 0xff, 0xfe, 0xff, 0xfe, 0xff, 0xfe, 
	0xff, 0xfe, 0xff, 0xfe, 0xff, 0xfe, 0xff, 0xfe, 
	0xff, 0xfe, 0xff, 0xfe, 0xff, 0xfe, 0xff, 0xfe, 
	0xff, 0xfe, 0xff, 0xfe, 0xff, 0xfe, 0xff, 0xfe, 
	0xff, 0xfe, 0xff, 0xfe, 0xff, 0xfe, 0xff, 0xfe, 
	0xff, 0xfe, 0xff, 0xfe, 0xff, 0xfe, 0xff, 0xfe, 
	0xff, 0xfe, 0xff, 0xfe, 0xff, 0xfe, 0xff, 0xfe, 
	0xff, 0xfe, 0xff, 0xfe, 0xff, 0xfe, 0xff, 0xfe, 
	0xff, 0xfe, 0xff, 0xfe, 0xff, 0xfe, 0xff, 0xfe, 
	0xf7, 0xbc, 0xff, 0xfe, 0xff, 0xfe, 0xff, 0xfe, 
	0xff, 0xfe, 0xff, 0xfe, 0xff, 0xfe, 0xff, 0xfe, 
	0xff, 0xfe, 0xff, 0xfe, 0xff, 0xfe, 0xff, 0xfe, 
	0xff, 0xfe, 0xff, 0xfe, 0xff, 0xfe, 0xff, 0xfe, 
	0xff, 0xfe, 0xff, 0xfe, 0xff, 0xfe, 0xff, 0xfe, 
	0xff, 0xfe, 0xff, 0xfe, 0xff, 0xfe, 0xff, 0xfe, 
	0xf7, 0xbc, 0xff, 0xfe, 0xff, 0xfe, 0xff, 0xfe, 
	0xff, 0xfe, 0xff, 0xfe, 0xff, 0xfe, 0xff, 0xfe, 
	0xff, 0xfe, 0xff, 0xfe, 0xff, 0xfe, 0xff, 0xfe, 
	0xff, 0xfe, 0xff, 0xfe, 0xff, 0xfe, 0xff, 0xfe, 
	0xff, 0xfe, 0xff, 0xfe, 0xff, 0xfe, 0xff, 0xfe, 
	0xff, 0xfe, 0xff, 0xfe, 0xff, 0xfe, 0xff, 0xfe, 
	0xff, 0xfe, 0xff, 0xfe, 0xff, 0xfe, 0xff, 0xfe, 
	0xff, 0xfe, 0xff, 0xfe, 0xff, 0xfe, 0xff, 0xfe, 
	0xff, 0xfe, 0xff, 0xfe, 0xff, 0xfe, 0xff, 0xfe, 
	
};

Gfx mario_mario_face_2_rgba16_aligner[] = {gsSPEndDisplayList()};
u8 mario_mario_face_2_rgba16[] = {
	0xff, 0xfe, 0xff, 0xfe, 0xff, 0xfe, 0xff, 0xfe, 
	0xff, 0xfe, 0xff, 0xfe, 0xff, 0xfe, 0xff, 0xfe, 
	0xff, 0xfe, 0xff, 0xfe, 0xff, 0xfe, 0xff, 0xfe, 
	0xff, 0xfe, 0xff, 0xfe, 0xff, 0xfe, 0xff, 0xfe, 
	0xff, 0xfe, 0xff, 0xfe, 0xff, 0xfe, 0xff, 0xfe, 
	0xff, 0xfe, 0xff, 0xfe, 0xff, 0xfe, 0xff, 0xfe, 
	0xff, 0xfe, 0xff, 0xfe, 0xff, 0xfe, 0xff, 0xfe, 
	0xff, 0xfe, 0xff, 0xfe, 0xff, 0xfe, 0xff, 0xfe, 
	0xff, 0xfe, 0xff, 0xfe, 0xff, 0xfe, 0xff, 0xfe, 
	0xff, 0xfe, 0xff, 0xfe, 0xff, 0xfe, 0xff, 0xfe, 
	0xff, 0xfe, 0xff, 0xfe, 0xff, 0xfe, 0xff, 0xfe, 
	0xff, 0xfe, 0xff, 0xfe, 0xff, 0xfe, 0xff, 0xfe, 
	0xff, 0xfe, 0xff, 0xfe, 0xff, 0xfe, 0xff, 0xfe, 
	0xff, 0xfe, 0xff, 0xfe, 0xff, 0xfe, 0xff, 0xfe, 
	0xff, 0xfe, 0xff, 0xfe, 0xff, 0xfe, 0xff, 0xfe, 
	0xff, 0xfe, 0xff, 0xfe, 0xff, 0xfe, 0xff, 0xfe, 
	0xff, 0xfe, 0xff, 0xfe, 0xff, 0xfe, 0xff, 0xfe, 
	0xff, 0xfe, 0xff, 0xfe, 0xff, 0xfe, 0xff, 0xfe, 
	0xff, 0xfe, 0xff, 0xfe, 0xff, 0xfe, 0xff, 0xfe, 
	0xff, 0xfe, 0xff, 0xfe, 0xff, 0xfe, 0xff, 0xfe, 
	0xff, 0xfe, 0xff, 0xfe, 0xff, 0xfe, 0xff, 0xfe, 
	0xff, 0xfe, 0xff, 0xfe, 0xff, 0xfe, 0xff, 0xfe, 
	0xff, 0xfe, 0xff, 0xfe, 0xff, 0xfe, 0xff, 0xfe, 
	0xff, 0xfe, 0xff, 0xfe, 0xff, 0xfe, 0xff, 0xfe, 
	0xff, 0xfe, 0xff, 0xfe, 0xff, 0xfe, 0xff, 0xfe, 
	0xff, 0xfe, 0xff, 0xfe, 0xff, 0xfe, 0xff, 0xfe, 
	0xff, 0xfe, 0xff, 0xfe, 0xff, 0xfe, 0xff, 0xfe, 
	0xff, 0xfe, 0xff, 0xfe, 0xff, 0xfe, 0xff, 0xfe, 
	0xff, 0xfe, 0xff, 0xfe, 0xff, 0xfe, 0xff, 0xfe, 
	0xff, 0xfe, 0xff, 0xfe, 0xff, 0xfe, 0xff, 0xfe, 
	0xff, 0xfe, 0xff, 0xfe, 0xff, 0xfe, 0xff, 0xfe, 
	0xff, 0xfe, 0xff, 0xfe, 0xff, 0xfe, 0xff, 0xfe, 
	0xff, 0xfe, 0xff, 0xfe, 0xff, 0xfe, 0xff, 0xfe, 
	0x18, 0x87, 0x00, 0x01, 0x08, 0x03, 0x08, 0x01, 
	0x10, 0x43, 0xff, 0xfe, 0xff, 0xfe, 0xff, 0xfe, 
	0xff, 0xfe, 0xff, 0xfe, 0xff, 0xfe, 0xff, 0xfe, 
	0xff, 0xfe, 0xff, 0xfe, 0xff, 0xfe, 0xff, 0xfe, 
	0xff, 0xfe, 0xff, 0xfe, 0xff, 0xfe, 0x08, 0x43, 
	0x08, 0x01, 0x08, 0x03, 0x08, 0x03, 0x08, 0x03, 
	0xff, 0xfe, 0xff, 0xfe, 0xff, 0xfe, 0xff, 0xfe, 
	0xff, 0xfe, 0xff, 0xfe, 0xff, 0xfe, 0x08, 0x43, 
	0x08, 0x03, 0x08, 0x03, 0x08, 0x03, 0x08, 0x03, 
	0x08, 0x43, 0x08, 0x03, 0xff, 0xfe, 0xff, 0xfe, 
	0xff, 0xfe, 0xff, 0xfe, 0xff, 0xfe, 0xff, 0xfe, 
	0xff, 0xfe, 0xff, 0xfe, 0xff, 0xfe, 0xff, 0xfe, 
	0xff, 0xfe, 0xff, 0xfe, 0x08, 0x01, 0x08, 0x43, 
	0x08, 0x01, 0x08, 0x03, 0x08, 0x01, 0x08, 0x03, 
	0x10, 0x45, 0xff, 0xfe, 0xff, 0xfe, 0xff, 0xfe, 
	0xff, 0xfe, 0xff, 0xfe, 0x29, 0x4b, 0x00, 0x01, 
	0x41, 0xcf, 0xff, 0xfe, 0xff, 0xfe, 0xff, 0xfe, 
	0x31, 0x8d, 0x00, 0x01, 0x20, 0xc9, 0xff, 0xfe, 
	0xff, 0xfe, 0xff, 0xfe, 0xff, 0xfe, 0xff, 0xfe, 
	0xff, 0xfe, 0xff, 0xfe, 0xff, 0xfe, 0xff, 0xfe, 
	0xff, 0xfe, 0x18, 0x85, 0x08, 0x01, 0x39, 0x8f, 
	0xff, 0xfe, 0xff, 0xfe, 0xff, 0xfe, 0x41, 0xcf, 
	0x00, 0x01, 0x39, 0x8f, 0xff, 0xfe, 0xff, 0xfe, 
	0xff, 0xfe, 0xff, 0xfe, 0x08, 0x03, 0xff, 0xfe, 
	0xff, 0xfe, 0xff, 0xfe, 0xff, 0xfe, 0xff, 0xfe, 
	0xff, 0xfe, 0xff, 0xfe, 0x18, 0xc7, 0xff, 0xfe, 
	0xff, 0xfe, 0xff, 0xfe, 0xff, 0xfe, 0xff, 0xfe, 
	0xff, 0xfe, 0xff, 0xfe, 0xff, 0xfe, 0xff, 0xfe, 
	0xff, 0xfe, 0x20, 0xc7, 0xff, 0xfe, 0xff, 0xfe, 
	0xff, 0xfe, 0xff, 0xfe, 0xff, 0xfe, 0xff, 0xfe, 
	0xff, 0xfe, 0x08, 0x03, 0xff, 0xfe, 0xff, 0xfe, 
	0xff, 0xfe, 0xff, 0xfe, 0xff, 0xfe, 0xff, 0xfe, 
	0xff, 0xfe, 0xff, 0xfe, 0xff, 0xfe, 0xff, 0xfe, 
	0xff, 0xfe, 0xff, 0xfe, 0xff, 0xfe, 0xff, 0xfe, 
	0xff, 0xfe, 0xff, 0xfe, 0xff, 0xfe, 0xff, 0xfe, 
	0xff, 0xfe, 0xff, 0xfe, 0xff, 0xfe, 0xff, 0xfe, 
	0xff, 0xfe, 0xff, 0xfe, 0xff, 0xfe, 0xff, 0xfe, 
	0xff, 0xfe, 0xff, 0xfe, 0xff, 0xfe, 0xff, 0xfe, 
	0xff, 0xfe, 0xff, 0xfe, 0xff, 0xfe, 0xff, 0xfe, 
	0xff, 0xfe, 0xff, 0xfe, 0xff, 0xfe, 0xff, 0xfe, 
	0xff, 0xfe, 0xff, 0xfe, 0xff, 0xfe, 0xff, 0xfe, 
	0xff, 0xfe, 0xff, 0xfe, 0xff, 0xfe, 0xff, 0xfe, 
	0xff, 0xfe, 0xff, 0xfe, 0xff, 0xfe, 0xff, 0xfe, 
	0xff, 0xfe, 0xff, 0xfe, 0xff, 0xfe, 0xff, 0xfe, 
	0xff, 0xfe, 0xff, 0xfe, 0xff, 0xfe, 0xff, 0xfe, 
	0xff, 0xfe, 0xff, 0xfe, 0xff, 0xfe, 0xff, 0xfe, 
	0xff, 0xfe, 0xff, 0xfe, 0xff, 0xfe, 0xff, 0xfe, 
	0xff, 0xfe, 0xff, 0xfe, 0xff, 0xfe, 0xff, 0xfe, 
	0xff, 0xfe, 0xff, 0xfe, 0xff, 0xfe, 0xff, 0xfe, 
	0xff, 0xfe, 0xff, 0xfe, 0xff, 0xfe, 0xff, 0xfe, 
	0xff, 0xfe, 0xff, 0xfe, 0xff, 0xfe, 0xff, 0xfe, 
	0xff, 0xfe, 0xff, 0xfe, 0xff, 0xfe, 0xff, 0xfe, 
	0xff, 0xfe, 0xff, 0xfe, 0xff, 0xfe, 0xff, 0xfe, 
	0xff, 0xfe, 0xff, 0xfe, 0xff, 0xfe, 0xff, 0xfe, 
	0xff, 0xfe, 0xff, 0xfe, 0xff, 0xfe, 0xff, 0xfe, 
	0xff, 0xfe, 0xff, 0xfe, 0xff, 0xfe, 0xff, 0xfe, 
	0xff, 0xfe, 0xff, 0xfe, 0xff, 0xfe, 0xff, 0xfe, 
	0xff, 0xfe, 0xff, 0xfe, 0xff, 0xfe, 0xff, 0xfe, 
	0xff, 0xfe, 0xff, 0xfe, 0xff, 0xfe, 0xff, 0xfe, 
	0xff, 0xfe, 0xff, 0xfe, 0xff, 0xfe, 0xff, 0xfe, 
	0xff, 0xfe, 0xff, 0xfe, 0xff, 0xfe, 0xff, 0xfe, 
	0xff, 0xfe, 0xff, 0xfe, 0xff, 0xfe, 0xff, 0xfe, 
	0xff, 0xfe, 0xff, 0xfe, 0xff, 0xfe, 0xff, 0xfe, 
	0xff, 0xfe, 0xff, 0xfe, 0xff, 0xfe, 0xff, 0xfe, 
	0xff, 0xfe, 0xff, 0xfe, 0xff, 0xfe, 0xff, 0xfe, 
	0xff, 0xfe, 0xff, 0xfe, 0xff, 0xfe, 0xff, 0xfe, 
	0xff, 0xfe, 0xff, 0xfe, 0xff, 0xfe, 0xff, 0xfe, 
	0xff, 0xfe, 0xff, 0xfe, 0xff, 0xfe, 0xff, 0xfe, 
	0xff, 0xfe, 0xff, 0xfe, 0xff, 0xfe, 0xff, 0xfe, 
	0xff, 0xfe, 0xff, 0xfe, 0xff, 0xfe, 0xff, 0xfe, 
	0xff, 0xfe, 0xff, 0xfe, 0xff, 0xfe, 0xff, 0xfe, 
	0xff, 0xfe, 0xff, 0xfe, 0xff, 0xfe, 0xff, 0xfe, 
	0xff, 0xfe, 0xff, 0xfe, 0xff, 0xfe, 0xff, 0xfe, 
	0xff, 0xfe, 0xff, 0xfe, 0xff, 0xfe, 0xff, 0xfe, 
	0xff, 0xfe, 0xff, 0xfe, 0xff, 0xfe, 0xff, 0xfe, 
	0xff, 0xfe, 0xff, 0xfe, 0xff, 0xfe, 0xff, 0xfe, 
	0xff, 0xfe, 0xff, 0xfe, 0xff, 0xfe, 0xff, 0xfe, 
	0xff, 0xfe, 0xff, 0xfe, 0xff, 0xfe, 0xff, 0xfe, 
	0xff, 0xfe, 0xff, 0xfe, 0xff, 0xfe, 0xff, 0xfe, 
	0xff, 0xfe, 0xff, 0xfe, 0xff, 0xfe, 0xff, 0xfe, 
	0xff, 0xfe, 0xff, 0xfe, 0xff, 0xfe, 0xff, 0xfe, 
	0xff, 0xfe, 0xff, 0xfe, 0xff, 0xfe, 0xff, 0xfe, 
	0xff, 0xfe, 0xff, 0xfe, 0xff, 0xfe, 0xff, 0xfe, 
	0xff, 0xfe, 0xff, 0xfe, 0xff, 0xfe, 0xff, 0xfe, 
	0xff, 0xfe, 0xff, 0xfe, 0xff, 0xfe, 0xff, 0xfe, 
	0xff, 0xfe, 0xff, 0xfe, 0xff, 0xfe, 0xff, 0xfe, 
	0xff, 0xfe, 0xff, 0xfe, 0xff, 0xfe, 0xff, 0xfe, 
	0xff, 0xfe, 0xff, 0xfe, 0xff, 0xfe, 0xff, 0xfe, 
	0xff, 0xfe, 0xff, 0xfe, 0xff, 0xfe, 0xff, 0xfe, 
	0xff, 0xfe, 0xff, 0xfe, 0xff, 0xfe, 0xff, 0xfe, 
	0xff, 0xfe, 0xff, 0xfe, 0xff, 0xfe, 0xff, 0xfe, 
	0xff, 0xfe, 0xff, 0xfe, 0xff, 0xfe, 0xff, 0xfe, 
	0xff, 0xfe, 0xff, 0xfe, 0xff, 0xfe, 0xff, 0xfe, 
	0xff, 0xfe, 0xff, 0xfe, 0xff, 0xfe, 0xff, 0xfe, 
	0xff, 0xfe, 0xff, 0xfe, 0xff, 0xfe, 0xff, 0xfe, 
	0xff, 0xfe, 0xff, 0xfe, 0xff, 0xfe, 0xff, 0xfe, 
	0x73, 0x9d, 0x52, 0x95, 0x18, 0xc7, 0x00, 0x01, 
	0x00, 0x01, 0x00, 0x01, 0x00, 0x01, 0x00, 0x01, 
	0x42, 0x11, 0xff, 0xfe, 0xff, 0xfe, 0xff, 0xfe, 
	0xff, 0xfe, 0xff, 0xfe, 0xff, 0xfe, 0x42, 0x11, 
	0x00, 0x01, 0x00, 0x01, 0x00, 0x01, 0x00, 0x01, 
	0x18, 0xc7, 0x21, 0x09, 0x52, 0x95, 0x8c, 0x63, 
	0xff, 0xfe, 0xff, 0xfe, 0xff, 0xfe, 0xff, 0xfe, 
	0xff, 0xfe, 0x84, 0x21, 0x94, 0xa5, 0x73, 0x9d, 
	0x42, 0x11, 0x21, 0x09, 0x18, 0xc7, 0x00, 0x01, 
	0x00, 0x01, 0x00, 0x01, 0x00, 0x01, 0x00, 0x01, 
	0x00, 0x01, 0x32, 0xe7, 0xff, 0xfe, 0xff, 0xfe, 
	0xff, 0xfe, 0xff, 0xfe, 0x00, 0x01, 0x00, 0x01, 
	0x00, 0x01, 0x00, 0x01, 0x00, 0x01, 0x00, 0x01, 
	0x00, 0x01, 0x21, 0x09, 0x21, 0x09, 0x42, 0x11, 
	0x73, 0x9d, 0x8c, 0x63, 0x94, 0xa5, 0xff, 0xfe, 
	0xff, 0xfe, 0xf7, 0xbd, 0xf7, 0xbd, 0xf7, 0xbd, 
	0xf7, 0xbd, 0xf7, 0xbd, 0x54, 0xbb, 0x1b, 0x79, 
	0x11, 0xe7, 0x00, 0x01, 0x21, 0xdd, 0xce, 0xbd, 
	0x6c, 0x2f, 0x19, 0xe1, 0xff, 0xfe, 0xff, 0xfe, 
	0xff, 0xfe, 0xff, 0xfe, 0x53, 0xed, 0x32, 0x61, 
	0xce, 0xbd, 0x53, 0xa9, 0x00, 0x01, 0x09, 0x1d, 
	0x23, 0x79, 0x2b, 0xb9, 0xdf, 0x3d, 0xf7, 0xbd, 
	0xf7, 0xbd, 0xf7, 0xbd, 0xf7, 0xbd, 0xff, 0xfe, 
	0xff, 0xfe, 0xf7, 0xbd, 0xf7, 0xbd, 0xf7, 0xbd, 
	0xf7, 0xbd, 0xf7, 0xbd, 0x44, 0x7b, 0x23, 0x79, 
	0x09, 0xe5, 0x00, 0x01, 0x5b, 0xeb, 0xf7, 0xbd, 
	0xb6, 0x3d, 0x11, 0x9f, 0xff, 0xfe, 0xff, 0xfe, 
	0xff, 0xfe, 0xff, 0xfe, 0x43, 0x29, 0x74, 0x6f, 
	0xf7, 0xbd, 0x9d, 0xb9, 0x00, 0x01, 0x00, 0xd9, 
	0x23, 0x77, 0x2b, 0xb9, 0xd7, 0x3d, 0xf7, 0xbd, 
	0xf7, 0xbd, 0xf7, 0xbd, 0xf7, 0xbd, 0xff, 0xfe, 
	0xff, 0xfe, 0xf7, 0xbd, 0xf7, 0xbd, 0xf7, 0xbd, 
	0xf7, 0xbd, 0xf7, 0xbd, 0x54, 0xbd, 0x1b, 0x79, 
	0x11, 0xe7, 0x00, 0x01, 0x19, 0x9b, 0xb6, 0x3d, 
	0x5b, 0xeb, 0x19, 0xe1, 0xff, 0xfe, 0xff, 0xfe, 
	0xff, 0xfe, 0xff, 0xfe, 0x4b, 0xad, 0x2a, 0x1f, 
	0xb6, 0x3d, 0x4b, 0x67, 0x00, 0x01, 0x01, 0x1d, 
	0x23, 0x77, 0x2b, 0xf9, 0xe7, 0x7d, 0xf7, 0xbd, 
	0xf7, 0xbd, 0xf7, 0xbd, 0xf7, 0xbd, 0xff, 0xfe, 
	0xff, 0xfe, 0xf7, 0xbd, 0xf7, 0xbd, 0xf7, 0xbd, 
	0xf7, 0xbd, 0xf7, 0xbd, 0x6c, 0xfd, 0x1b, 0x79, 
	0x12, 0x29, 0x00, 0x01, 0x00, 0x01, 0x00, 0x01, 
	0x00, 0x01, 0x2a, 0xa7, 0xff, 0xfe, 0xff, 0xfe, 
	0xff, 0xfe, 0xff, 0xfe, 0x64, 0x73, 0x00, 0x01, 
	0x00, 0x05, 0x00, 0x01, 0x00, 0x01, 0x09, 0x61, 
	0x23, 0x79, 0x33, 0xfb, 0xef, 0xbd, 0xf7, 0xbd, 
	0xf7, 0xbd, 0xf7, 0xbd, 0xf7, 0xbd, 0xff, 0xfe, 
	0xff, 0xfe, 0xff, 0xfe, 0xf7, 0xbd, 0xf7, 0xbd, 
	0xf7, 0xbd, 0xf7, 0xbd, 0x7d, 0x3d, 0x1b, 0x79, 
	0x1a, 0xf1, 0x00, 0x05, 0x00, 0x01, 0x00, 0x01, 
	0x00, 0x01, 0x53, 0xf1, 0xff, 0xfe, 0xff, 0xfe, 
	0xff, 0xfe, 0xff, 0xfe, 0x8d, 0x3b, 0x00, 0x01, 
	0x00, 0x01, 0x00, 0x01, 0x00, 0x01, 0x12, 0x27, 
	0x1b, 0xb9, 0x4c, 0x7b, 0xf7, 0xbd, 0xf7, 0xbd, 
	0xf7, 0xbd, 0xf7, 0xbd, 0xf7, 0xbd, 0xff, 0xfe, 
	0xff, 0xfe, 0xff, 0xfe, 0xf7, 0xbd, 0xf7, 0xbd, 
	0xf7, 0xbd, 0xf7, 0xbd, 0x9e, 0x3d, 0x1b, 0x79, 
	0x23, 0x77, 0x00, 0xd9, 0x00, 0x01, 0x00, 0x01, 
	0x00, 0x01, 0x85, 0x7b, 0xff, 0xfe, 0xff, 0xfe, 
	0xff, 0xfe, 0xff, 0xfe, 0xff, 0xfe, 0x00, 0xd9, 
	0x00, 0x01, 0x00, 0x01, 0x00, 0x05, 0x1a, 0xf3, 
	0x1b, 0x79, 0x75, 0x3d, 0xf7, 0xbd, 0xf7, 0xbd, 
	0xf7, 0xbd, 0xf7, 0xbd, 0xff, 0xfe, 0xff, 0xfe, 
	0xff, 0xfe, 0xff, 0xfe, 0xf7, 0xbd, 0xf7, 0xbd, 
	0xf7, 0xbd, 0xf7, 0xbd, 0xdf, 0x3d, 0x2b, 0xb9, 
	0x23, 0xb9, 0x12, 0x6d, 0x00, 0x01, 0x00, 0x01, 
	0x11, 0xe7, 0xff, 0xfe, 0xff, 0xfe, 0xff, 0xfe, 
	0xff, 0xfe, 0xff, 0xfe, 0xff, 0xfe, 0x2b, 0x73, 
	0x00, 0x0b, 0x00, 0x01, 0x09, 0xe5, 0x23, 0xb9, 
	0x1b, 0x79, 0xae, 0x7d, 0xf7, 0xbd, 0xf7, 0xbd, 
	0xf7, 0xbd, 0xf7, 0xbd, 0xff, 0xfe, 0xff, 0xfe, 
	0xff, 0xfe, 0xff, 0xfe, 0xff, 0xfe, 0xf7, 0xbd, 
	0xf7, 0xbd, 0xf7, 0xbd, 0xf7, 0xbd, 0x6c, 0xfd, 
	0x1b, 0x37, 0x23, 0xb9, 0x1a, 0xb1, 0x12, 0x6f, 
	0x4c, 0x7b, 0xff, 0xfe, 0xff, 0xfe, 0xff, 0xfe, 
	0xff, 0xfe, 0xff, 0xfe, 0xff, 0xfe, 0x7d, 0x3d, 
	0x0a, 0x71, 0x12, 0xad, 0x23, 0x77, 0x1b, 0x79, 
	0x3c, 0x3b, 0xe7, 0x7d, 0xf7, 0xbd, 0xf7, 0xbd, 
	0xf7, 0xbd, 0xf7, 0xbd, 0xff, 0xfe, 0xff, 0xfe, 
	0xff, 0xfe, 0xff, 0xfe, 0xff, 0xfe, 0xf7, 0xbd, 
	0xf7, 0xbd, 0xf7, 0xbd, 0xf7, 0xbd, 0xd7, 0x3d, 
	0x2b, 0xb9, 0x13, 0x37, 0x1b, 0x79, 0x23, 0x79, 
	0xff, 0xfe, 0xff, 0xfe, 0xff, 0xfe, 0xff, 0xfe, 
	0xff, 0xfe, 0xff, 0xfe, 0xff, 0xfe, 0xff, 0xfe, 
	0x3c, 0x3b, 0x13, 0x79, 0x1b, 0x79, 0x13, 0x37, 
	0x9e, 0x3d, 0xf7, 0xbd, 0xf7, 0xbd, 0xf7, 0xbd, 
	0xf7, 0xbd, 0xff, 0xfe, 0xff, 0xfe, 0xff, 0xfe, 
	0xff, 0xfe, 0xff, 0xfe, 0xff, 0xfe, 0xff, 0xfe, 
	0xf7, 0xbd, 0xf7, 0xbd, 0xf7, 0xbd, 0xf7, 0xbd, 
	0xbe, 0xbd, 0x54, 0xbd, 0x4c, 0xbb, 0xae, 0x7d, 
	0xff, 0xfe, 0xff, 0xfe, 0xff, 0xfe, 0xff, 0xfe, 
	0xff, 0xfe, 0xff, 0xfe, 0xff, 0xfe, 0xff, 0xfe, 
	0xc6, 0xfd, 0x5c, 0xbd, 0x4c, 0x7b, 0x9e, 0x3d, 
	0xf7, 0xbd, 0xf7, 0xbd, 0xf7, 0xbd, 0xf7, 0xbd, 
	0xf7, 0xbd, 0xff, 0xfe, 0xff, 0xfe, 0xff, 0xfe, 
	0xff, 0xfe, 0xff, 0xfe, 0xff, 0xfe, 0xff, 0xfe, 
	0xf7, 0xbd, 0xf7, 0xbd, 0xf7, 0xbd, 0xf7, 0xbd, 
	0xf7, 0xbd, 0xf7, 0xbd, 0xf7, 0xbd, 0xff, 0xfe, 
	0xff, 0xfe, 0xff, 0xfe, 0xff, 0xfe, 0xff, 0xfe, 
	0xff, 0xfe, 0xff, 0xfe, 0xff, 0xfe, 0xff, 0xfe, 
	0xff, 0xfe, 0xf7, 0xbd, 0xf7, 0xbd, 0xf7, 0xbd, 
	0xf7, 0xbd, 0xf7, 0xbd, 0xf7, 0xbd, 0xf7, 0xbd, 
	0xff, 0xfe, 0xff, 0xfe, 0xff, 0xfe, 0xff, 0xfe, 
	0xff, 0xfe, 0xff, 0xfe, 0xff, 0xfe, 0xff, 0xfe, 
	0xff, 0xfe, 0xff, 0xfe, 0xf7, 0xbd, 0xf7, 0xbd, 
	0xf7, 0xbd, 0xf7, 0xbd, 0xff, 0xfe, 0xff, 0xfe, 
	0xff, 0xfe, 0xff, 0xfe, 0xff, 0xfe, 0xff, 0xfe, 
	0xff, 0xfe, 0xff, 0xfe, 0xff, 0xfe, 0xff, 0xfe, 
	0xff, 0xfe, 0xff, 0xfe, 0xff, 0xfe, 0xf7, 0xbd, 
	0xf7, 0xbd, 0xf7, 0xbd, 0xff, 0xfe, 0xff, 0xfe, 
	0xff, 0xfe, 0xff, 0xfe, 0xff, 0xfe, 0xff, 0xfe, 
	0xff, 0xfe, 0xff, 0xfe, 0xff, 0xfe, 0xff, 0xfe, 
	0xff, 0xfe, 0xff, 0xfe, 0xff, 0xfe, 0xff, 0xfe, 
	0xff, 0xfe, 0xff, 0xfe, 0xff, 0xfe, 0xff, 0xfe, 
	0xff, 0xfe, 0xff, 0xfe, 0xff, 0xfe, 0xff, 0xfe, 
	0xff, 0xfe, 0xff, 0xfe, 0xff, 0xfe, 0xff, 0xfe, 
	0xff, 0xfe, 0xff, 0xfe, 0xff, 0xfe, 0xff, 0xfe, 
	0xff, 0xfe, 0xff, 0xfe, 0xff, 0xfe, 0xff, 0xfe, 
	0xff, 0xfe, 0xff, 0xfe, 0xff, 0xfe, 0xff, 0xfe, 
	0xff, 0xfe, 0xff, 0xfe, 0xff, 0xfe, 0xff, 0xfe, 
	0xff, 0xfe, 0xff, 0xfe, 0xff, 0xfe, 0xff, 0xfe, 
	0xff, 0xfe, 0xff, 0xfe, 0xff, 0xfe, 0xff, 0xfe, 
	0xff, 0xfe, 0xff, 0xfe, 0xff, 0xfe, 0xff, 0xfe, 
	0xff, 0xfe, 0xff, 0xfe, 0xff, 0xfe, 0xff, 0xfe, 
	0xff, 0xfe, 0xff, 0xfe, 0xff, 0xfe, 0xff, 0xfe, 
	0xff, 0xfe, 0xff, 0xfe, 0xff, 0xfe, 0xff, 0xfe, 
	0xff, 0xfe, 0xff, 0xfe, 0xff, 0xfe, 0xff, 0xfe, 
	
};

Gfx mario_mario_face_3_rgba16_aligner[] = {gsSPEndDisplayList()};
u8 mario_mario_face_3_rgba16[] = {
	0xff, 0xfe, 0xff, 0xfe, 0xff, 0xfe, 0xff, 0xfe, 
	0xff, 0xfe, 0xff, 0xfe, 0xff, 0xfe, 0xff, 0xfe, 
	0xff, 0xfe, 0xff, 0xfe, 0xff, 0xfe, 0xff, 0xfe, 
	0xff, 0xfe, 0xff, 0xfe, 0xff, 0xfe, 0xff, 0xfe, 
	0xff, 0xfe, 0xff, 0xfe, 0xff, 0xfe, 0xff, 0xfe, 
	0xff, 0xfe, 0xff, 0xfe, 0xff, 0xfe, 0xff, 0xfe, 
	0xff, 0xfe, 0xff, 0xfe, 0xff, 0xfe, 0xff, 0xfe, 
	0xff, 0xfe, 0xff, 0xfe, 0xff, 0xfe, 0xff, 0xfe, 
	0xff, 0xfe, 0xff, 0xfe, 0xff, 0xfe, 0xff, 0xfe, 
	0xff, 0xfe, 0xff, 0xfe, 0xff, 0xfe, 0xff, 0xfe, 
	0xff, 0xfe, 0xff, 0xfe, 0xff, 0xfe, 0xff, 0xfe, 
	0xff, 0xfe, 0xff, 0xfe, 0xff, 0xfe, 0xff, 0xfe, 
	0xff, 0xfe, 0xff, 0xfe, 0xff, 0xfe, 0xff, 0xfe, 
	0xff, 0xfe, 0xff, 0xfe, 0xff, 0xfe, 0xff, 0xfe, 
	0xff, 0xfe, 0xff, 0xfe, 0xff, 0xfe, 0xff, 0xfe, 
	0xff, 0xfe, 0xff, 0xfe, 0xff, 0xfe, 0xff, 0xfe, 
	0xff, 0xfe, 0xff, 0xfe, 0xff, 0xfe, 0xff, 0xfe, 
	0xff, 0xfe, 0xff, 0xfe, 0xff, 0xfe, 0xff, 0xfe, 
	0xff, 0xfe, 0xff, 0xfe, 0xff, 0xfe, 0xff, 0xfe, 
	0xff, 0xfe, 0xff, 0xfe, 0xff, 0xfe, 0xff, 0xfe, 
	0xff, 0xfe, 0xff, 0xfe, 0xff, 0xfe, 0xff, 0xfe, 
	0xff, 0xfe, 0xff, 0xfe, 0xff, 0xfe, 0xff, 0xfe, 
	0xff, 0xfe, 0xff, 0xfe, 0xff, 0xfe, 0xff, 0xfe, 
	0xff, 0xfe, 0xff, 0xfe, 0xff, 0xfe, 0xff, 0xfe, 
	0xff, 0xfe, 0xff, 0xfe, 0xff, 0xfe, 0xff, 0xfe, 
	0xff, 0xfe, 0xff, 0xfe, 0xff, 0xfe, 0xff, 0xfe, 
	0xff, 0xfe, 0xff, 0xfe, 0xff, 0xfe, 0xff, 0xfe, 
	0xff, 0xfe, 0xff, 0xfe, 0xff, 0xfe, 0xff, 0xfe, 
	0xff, 0xfe, 0xff, 0xfe, 0xff, 0xfe, 0xff, 0xfe, 
	0xff, 0xfe, 0xff, 0xfe, 0xff, 0xfe, 0xff, 0xfe, 
	0xff, 0xfe, 0xff, 0xfe, 0xff, 0xfe, 0xff, 0xfe, 
	0xff, 0xfe, 0xff, 0xfe, 0xff, 0xfe, 0xff, 0xfe, 
	0xff, 0xfe, 0xff, 0xfe, 0xff, 0xfe, 0xff, 0xfe, 
	0x18, 0x87, 0x00, 0x01, 0x08, 0x03, 0x08, 0x01, 
	0x10, 0x43, 0xff, 0xfe, 0xff, 0xfe, 0xff, 0xfe, 
	0xff, 0xfe, 0xff, 0xfe, 0xff, 0xfe, 0xff, 0xfe, 
	0xff, 0xfe, 0xff, 0xfe, 0xff, 0xfe, 0xff, 0xfe, 
	0xff, 0xfe, 0xff, 0xfe, 0xff, 0xfe, 0x08, 0x43, 
	0x08, 0x01, 0x08, 0x03, 0x00, 0x01, 0x18, 0x87, 
	0xff, 0xfe, 0xff, 0xfe, 0xff, 0xfe, 0xff, 0xfe, 
	0xff, 0xfe, 0xff, 0xfe, 0xff, 0xfe, 0x08, 0x43, 
	0x08, 0x03, 0x08, 0x03, 0x08, 0x03, 0x08, 0x03, 
	0x08, 0x43, 0x08, 0x03, 0xff, 0xfe, 0xff, 0xfe, 
	0xff, 0xfe, 0xff, 0xfe, 0xff, 0xfe, 0xff, 0xfe, 
	0xff, 0xfe, 0xff, 0xfe, 0xff, 0xfe, 0xff, 0xfe, 
	0xff, 0xfe, 0xff, 0xfe, 0x08, 0x01, 0x08, 0x43, 
	0x08, 0x01, 0x08, 0x03, 0x08, 0x01, 0x08, 0x03, 
	0x10, 0x45, 0xff, 0xfe, 0xff, 0xfe, 0xff, 0xfe, 
	0xff, 0xfe, 0xff, 0xfe, 0x29, 0x4b, 0x00, 0x01, 
	0x41, 0xcf, 0xff, 0xfe, 0xff, 0xfe, 0xff, 0xfe, 
	0x31, 0x8d, 0x00, 0x01, 0x08, 0x03, 0xff, 0xfe, 
	0xff, 0xfe, 0xff, 0xfe, 0xff, 0xfe, 0xff, 0xfe, 
	0xff, 0xfe, 0xff, 0xfe, 0xff, 0xfe, 0xff, 0xfe, 
	0xff, 0xfe, 0x18, 0x85, 0x08, 0x01, 0x39, 0x8f, 
	0xff, 0xfe, 0xff, 0xfe, 0xff, 0xfe, 0x08, 0x03, 
	0x00, 0x01, 0x39, 0x8f, 0xff, 0xfe, 0xff, 0xfe, 
	0xff, 0xfe, 0xff, 0xfe, 0x18, 0xc7, 0xff, 0xfe, 
	0xff, 0xfe, 0xff, 0xfe, 0xff, 0xfe, 0xff, 0xfe, 
	0xff, 0xfe, 0xff, 0xfe, 0x18, 0xc7, 0xff, 0xfe, 
	0xff, 0xfe, 0xff, 0xfe, 0xff, 0xfe, 0xff, 0xfe, 
	0xff, 0xfe, 0xff, 0xfe, 0xff, 0xfe, 0xff, 0xfe, 
	0xff, 0xfe, 0x20, 0xc7, 0xff, 0xfe, 0xff, 0xfe, 
	0xff, 0xfe, 0xff, 0xfe, 0xff, 0xfe, 0xff, 0xfe, 
	0xff, 0xfe, 0x18, 0x87, 0xff, 0xfe, 0xff, 0xfe, 
	0xff, 0xfe, 0xff, 0xfe, 0xff, 0xfe, 0xff, 0xfe, 
	0xff, 0xfe, 0xff, 0xfe, 0xff, 0xfe, 0xff, 0xfe, 
	0xff, 0xfe, 0xff, 0xfe, 0xff, 0xfe, 0xff, 0xfe, 
	0xff, 0xfe, 0xff, 0xfe, 0xff, 0xfe, 0xff, 0xfe, 
	0xff, 0xfe, 0xff, 0xfe, 0xff, 0xfe, 0xff, 0xfe, 
	0xff, 0xfe, 0xff, 0xfe, 0xff, 0xfe, 0xff, 0xfe, 
	0xff, 0xfe, 0xff, 0xfe, 0xff, 0xfe, 0xff, 0xfe, 
	0xff, 0xfe, 0xff, 0xfe, 0xff, 0xfe, 0xff, 0xfe, 
	0xff, 0xfe, 0xff, 0xfe, 0xff, 0xfe, 0xff, 0xfe, 
	0xff, 0xfe, 0xff, 0xfe, 0xff, 0xfe, 0xff, 0xfe, 
	0xff, 0xfe, 0xff, 0xfe, 0xff, 0xfe, 0xff, 0xfe, 
	0xff, 0xfe, 0xff, 0xfe, 0xff, 0xfe, 0xff, 0xfe, 
	0xff, 0xfe, 0xff, 0xfe, 0xff, 0xfe, 0xff, 0xfe, 
	0xff, 0xfe, 0xff, 0xfe, 0xff, 0xfe, 0xff, 0xfe, 
	0xff, 0xfe, 0xff, 0xfe, 0xff, 0xfe, 0xff, 0xfe, 
	0xff, 0xfe, 0xff, 0xfe, 0xff, 0xfe, 0xff, 0xfe, 
	0xff, 0xfe, 0xff, 0xfe, 0xff, 0xfe, 0xff, 0xfe, 
	0xff, 0xfe, 0xff, 0xfe, 0xff, 0xfe, 0xff, 0xfe, 
	0xff, 0xfe, 0xff, 0xfe, 0xff, 0xfe, 0xff, 0xfe, 
	0xff, 0xfe, 0xff, 0xfe, 0xff, 0xfe, 0xff, 0xfe, 
	0xff, 0xfe, 0xff, 0xfe, 0xff, 0xfe, 0xff, 0xfe, 
	0xff, 0xfe, 0xff, 0xfe, 0xff, 0xfe, 0xff, 0xfe, 
	0xff, 0xfe, 0xff, 0xfe, 0xff, 0xfe, 0xff, 0xfe, 
	0xff, 0xfe, 0xff, 0xfe, 0xff, 0xfe, 0xff, 0xfe, 
	0xff, 0xfe, 0xff, 0xfe, 0xff, 0xfe, 0xff, 0xfe, 
	0xff, 0xfe, 0xff, 0xfe, 0xff, 0xfe, 0xff, 0xfe, 
	0xff, 0xfe, 0xff, 0xfe, 0xff, 0xfe, 0xff, 0xfe, 
	0xff, 0xfe, 0xff, 0xfe, 0xff, 0xfe, 0xff, 0xfe, 
	0xff, 0xfe, 0xff, 0xfe, 0xff, 0xfe, 0xff, 0xfe, 
	0xff, 0xfe, 0xff, 0xfe, 0xff, 0xfe, 0xff, 0xfe, 
	0xff, 0xfe, 0xff, 0xfe, 0xff, 0xfe, 0xff, 0xfe, 
	0xff, 0xfe, 0xff, 0xfe, 0xff, 0xfe, 0xff, 0xfe, 
	0xff, 0xfe, 0xff, 0xfe, 0xff, 0xfe, 0xff, 0xfe, 
	0xff, 0xfe, 0xff, 0xfe, 0xff, 0xfe, 0xff, 0xfe, 
	0xff, 0xfe, 0xff, 0xfe, 0xff, 0xfe, 0xff, 0xfe, 
	0xff, 0xfe, 0xff, 0xfe, 0xff, 0xfe, 0xff, 0xfe, 
	0xff, 0xfe, 0xff, 0xfe, 0xff, 0xfe, 0xff, 0xfe, 
	0xff, 0xfe, 0xff, 0xfe, 0xff, 0xfe, 0xff, 0xfe, 
	0xff, 0xfe, 0xff, 0xfe, 0xff, 0xfe, 0xff, 0xfe, 
	0xff, 0xfe, 0xff, 0xfe, 0xff, 0xfe, 0xff, 0xfe, 
	0xff, 0xfe, 0xff, 0xfe, 0xff, 0xfe, 0xff, 0xfe, 
	0xff, 0xfe, 0xff, 0xfe, 0xff, 0xfe, 0xff, 0xfe, 
	0xff, 0xfe, 0xff, 0xfe, 0xff, 0xfe, 0xff, 0xfe, 
	0xff, 0xfe, 0xff, 0xfe, 0xff, 0xfe, 0xff, 0xfe, 
	0xff, 0xfe, 0xff, 0xfe, 0xff, 0xfe, 0xff, 0xfe, 
	0xff, 0xfe, 0xff, 0xfe, 0xff, 0xfe, 0xff, 0xfe, 
	0xff, 0xfe, 0xff, 0xfe, 0xff, 0xfe, 0xff, 0xfe, 
	0xff, 0xfe, 0xff, 0xfe, 0xff, 0xfe, 0xff, 0xfe, 
	0xff, 0xfe, 0xff, 0xfe, 0xff, 0xfe, 0xff, 0xfe, 
	0xff, 0xfe, 0xff, 0xfe, 0xff, 0xfe, 0xff, 0xfe, 
	0xff, 0xfe, 0xff, 0xfe, 0xff, 0xfe, 0xff, 0xfe, 
	0xff, 0xfe, 0xff, 0xfe, 0xff, 0xfe, 0xff, 0xfe, 
	0xff, 0xfe, 0xff, 0xfe, 0xff, 0xfe, 0xff, 0xfe, 
	0xff, 0xfe, 0xff, 0xfe, 0xff, 0xfe, 0xff, 0xfe, 
	0xff, 0xfe, 0xff, 0xfe, 0xff, 0xfe, 0xff, 0xfe, 
	0xff, 0xfe, 0xff, 0xfe, 0xff, 0xfe, 0xff, 0xfe, 
	0xff, 0xfe, 0xff, 0xfe, 0xff, 0xfe, 0xff, 0xfe, 
	0xff, 0xfe, 0xff, 0xfe, 0xff, 0xfe, 0xff, 0xfe, 
	0xff, 0xfe, 0xff, 0xfe, 0xff, 0xfe, 0xff, 0xfe, 
	0xff, 0xfe, 0xff, 0xfe, 0xff, 0xfe, 0xff, 0xfe, 
	0xff, 0xfe, 0xff, 0xfe, 0xff, 0xfe, 0xff, 0xfe, 
	0xff, 0xfe, 0xff, 0xfe, 0xff, 0xfe, 0xff, 0xfe, 
	0xff, 0xfe, 0xff, 0xfe, 0xff, 0xfe, 0xff, 0xfe, 
	0xff, 0xfe, 0xff, 0xfe, 0xff, 0xfe, 0xff, 0xfe, 
	0xff, 0xfe, 0xff, 0xfe, 0xff, 0xfe, 0xff, 0xfe, 
	0xff, 0xfe, 0xff, 0xfe, 0xff, 0xfe, 0xff, 0xfe, 
	0xff, 0xfe, 0xff, 0xfe, 0xff, 0xfe, 0xff, 0xfe, 
	0xff, 0xfe, 0xff, 0xfe, 0xff, 0xfe, 0xff, 0xfe, 
	0xff, 0xfe, 0xff, 0xfe, 0xff, 0xfe, 0xff, 0xfe, 
	0xff, 0xfe, 0xff, 0xfe, 0xff, 0xfe, 0xff, 0xfe, 
	0xff, 0xfe, 0xff, 0xfe, 0xff, 0xfe, 0xff, 0xfe, 
	0xff, 0xfe, 0xff, 0xfe, 0xff, 0xfe, 0xff, 0xfe, 
	0xff, 0xfe, 0xff, 0xfe, 0xff, 0xfe, 0xff, 0xfe, 
	0xff, 0xfe, 0xff, 0xfe, 0xff, 0xfe, 0xff, 0xfe, 
	0xff, 0xfe, 0xff, 0xfe, 0xff, 0xfe, 0xff, 0xfe, 
	0xff, 0xfe, 0xff, 0xfe, 0xff, 0xfe, 0xff, 0xfe, 
	0xff, 0xfe, 0xff, 0xfe, 0xff, 0xfe, 0xff, 0xfe, 
	0xff, 0xfe, 0xff, 0xfe, 0xff, 0xfe, 0xff, 0xfe, 
	0xff, 0xfe, 0xff, 0xfe, 0xff, 0xfe, 0xff, 0xfe, 
	0xff, 0xfe, 0xff, 0xfe, 0xff, 0xfe, 0xff, 0xfe, 
	0xff, 0xfe, 0xff, 0xfe, 0xff, 0xfe, 0xff, 0xfe, 
	0xff, 0xfe, 0xff, 0xfe, 0xff, 0xfe, 0xff, 0xfe, 
	0xff, 0xfe, 0xff, 0xfe, 0xff, 0xfe, 0xff, 0xfe, 
	0xff, 0xfe, 0xff, 0xfe, 0xff, 0xfe, 0xff, 0xfe, 
	0xff, 0xfe, 0xff, 0xfe, 0xff, 0xfe, 0xff, 0xfe, 
	0xff, 0xfe, 0xff, 0xfe, 0xff, 0xfe, 0xff, 0xfe, 
	0xff, 0xfe, 0xff, 0xfe, 0xff, 0xfe, 0xff, 0xfe, 
	0xff, 0xfe, 0xff, 0xfe, 0xff, 0xfe, 0xff, 0xfe, 
	0xff, 0xfe, 0xff, 0xfe, 0xff, 0xfe, 0xff, 0xfe, 
	0xff, 0xfe, 0xff, 0xfe, 0xff, 0xfe, 0xff, 0xfe, 
	0xff, 0xfe, 0xff, 0xfe, 0xff, 0xfe, 0xff, 0xfe, 
	0xff, 0xfe, 0xff, 0xfe, 0xff, 0xfe, 0xff, 0xfe, 
	0xff, 0xfe, 0xff, 0xfe, 0xff, 0xfe, 0xff, 0xfe, 
	0xff, 0xfe, 0xff, 0xfe, 0xff, 0xfe, 0xff, 0xfe, 
	0xff, 0xfe, 0xff, 0xfe, 0xff, 0xfe, 0xff, 0xfe, 
	0xff, 0xfe, 0xff, 0xfe, 0xff, 0xfe, 0xff, 0xfe, 
	0xff, 0xfe, 0xff, 0xfe, 0xff, 0xfe, 0xff, 0xfe, 
	0xff, 0xfe, 0xff, 0xfe, 0xff, 0xfe, 0xff, 0xfe, 
	0xff, 0xfe, 0xff, 0xfe, 0xff, 0xfe, 0xff, 0xfe, 
	0xff, 0xfe, 0xff, 0xfe, 0xff, 0xfe, 0xff, 0xfe, 
	0xff, 0xfe, 0xff, 0xfe, 0xff, 0xfe, 0xff, 0xfe, 
	0xff, 0xfe, 0xff, 0xfe, 0xff, 0xfe, 0xff, 0xfe, 
	0xff, 0xfe, 0xff, 0xfe, 0xff, 0xfe, 0xff, 0xfe, 
	0xff, 0xfe, 0xff, 0xfe, 0xff, 0xfe, 0xff, 0xfe, 
	0xff, 0xfe, 0xff, 0xfe, 0xff, 0xfe, 0xff, 0xfe, 
	0xff, 0xfe, 0xff, 0xfe, 0xff, 0xfe, 0xff, 0xfe, 
	0xff, 0xfe, 0xff, 0xfe, 0xff, 0xfe, 0xff, 0xfe, 
	0xff, 0xfe, 0xff, 0xfe, 0xff, 0xfe, 0xff, 0xfe, 
	0xff, 0xfe, 0xff, 0xfe, 0xff, 0xfe, 0xff, 0xfe, 
	0xff, 0xfe, 0xff, 0xfe, 0xff, 0xfe, 0xff, 0xfe, 
	0xff, 0xfe, 0xff, 0xfe, 0xff, 0xfe, 0xff, 0xfe, 
	0xff, 0xfe, 0xff, 0xfe, 0xff, 0xfe, 0xff, 0xfe, 
	0xff, 0xfe, 0xff, 0xfe, 0xff, 0xfe, 0xff, 0xfe, 
	0xff, 0xfe, 0xff, 0xfe, 0xff, 0xfe, 0xff, 0xfe, 
	0xff, 0xfe, 0xff, 0xfe, 0xff, 0xfe, 0xff, 0xfe, 
	0xff, 0xfe, 0xff, 0xfe, 0xff, 0xfe, 0xff, 0xfe, 
	0xff, 0xfe, 0xff, 0xfe, 0xff, 0xfe, 0xff, 0xfe, 
	0xff, 0xfe, 0xff, 0xfe, 0xff, 0xfe, 0xff, 0xfe, 
	0xff, 0xfe, 0xff, 0xfe, 0xff, 0xfe, 0xff, 0xfe, 
	0xff, 0xfe, 0xff, 0xfe, 0xff, 0xfe, 0xff, 0xfe, 
	0xff, 0xfe, 0xff, 0xfe, 0xff, 0xfe, 0xff, 0xfe, 
	0xff, 0xfe, 0xff, 0xfe, 0xff, 0xfe, 0xff, 0xfe, 
	0xff, 0xfe, 0xff, 0xfe, 0xff, 0xfe, 0xff, 0xfe, 
	0xff, 0xfe, 0xff, 0xfe, 0xff, 0xfe, 0xff, 0xfe, 
	0xff, 0xfe, 0xff, 0xfe, 0xff, 0xfe, 0xff, 0xfe, 
	0xff, 0xfe, 0xff, 0xfe, 0xff, 0xfe, 0xff, 0xfe, 
	0xff, 0xfe, 0xff, 0xfe, 0xff, 0xfe, 0xff, 0xfe, 
	0xff, 0xfe, 0xff, 0xfe, 0xff, 0xfe, 0xff, 0xfe, 
	0xff, 0xfe, 0xff, 0xfe, 0xff, 0xfe, 0xff, 0xfe, 
	0xff, 0xfe, 0xff, 0xfe, 0xff, 0xfe, 0xff, 0xfe, 
	0xff, 0xfe, 0xff, 0xfe, 0xff, 0xfe, 0xff, 0xfe, 
	0xff, 0xfe, 0xff, 0xfe, 0xff, 0xfe, 0xff, 0xfe, 
	0xff, 0xfe, 0xff, 0xfe, 0xff, 0xfe, 0xff, 0xfe, 
	0xff, 0xfe, 0xff, 0xfe, 0xff, 0xfe, 0xff, 0xfe, 
	0xff, 0xfe, 0xff, 0xfe, 0xff, 0xfe, 0xff, 0xfe, 
	0xff, 0xfe, 0xff, 0xfe, 0xff, 0xfe, 0xff, 0xfe, 
	0xff, 0xfe, 0x00, 0x01, 0x00, 0x01, 0x31, 0x8d, 
	0xff, 0xfe, 0xff, 0xfe, 0xff, 0xfe, 0xff, 0xfe, 
	0xff, 0xfe, 0xff, 0xfe, 0xff, 0xfe, 0x31, 0x8d, 
	0x00, 0x05, 0x00, 0x05, 0xff, 0xfe, 0xff, 0xfe, 
	0xff, 0xfe, 0xff, 0xfe, 0x00, 0x05, 0x00, 0x05, 
	0x31, 0x8d, 0xff, 0xfe, 0xff, 0xfe, 0xff, 0xfe, 
	0xff, 0xfe, 0xff, 0xfe, 0xff, 0xfe, 0xff, 0xfe, 
	0x31, 0x8d, 0x08, 0x43, 0x08, 0x43, 0xff, 0xfe, 
	0xff, 0xfe, 0xff, 0xfe, 0x08, 0x43, 0x00, 0x01, 
	0x00, 0x01, 0x21, 0x09, 0x21, 0x09, 0x21, 0x09, 
	0x21, 0x09, 0x21, 0x09, 0x00, 0x01, 0x00, 0x01, 
	0x00, 0x01, 0xff, 0xfe, 0xff, 0xfe, 0xff, 0xfe, 
	0xff, 0xfe, 0xff, 0xfe, 0xff, 0xfe, 0x00, 0x01, 
	0x00, 0x01, 0x21, 0x09, 0x21, 0x09, 0x21, 0x09, 
	0x21, 0x09, 0x21, 0x09, 0x21, 0x09, 0x08, 0x43, 
	0x08, 0x43, 0x08, 0x43, 0xff, 0xfe, 0xff, 0xfe, 
	0xff, 0xfe, 0xff, 0xfe, 0xff, 0xfe, 0x08, 0x43, 
	0x08, 0x43, 0x08, 0x43, 0x08, 0x43, 0x00, 0x05, 
	0x00, 0x05, 0x00, 0x05, 0x00, 0x05, 0x00, 0x01, 
	0xff, 0xfe, 0xff, 0xfe, 0xff, 0xfe, 0xff, 0xfe, 
	0xff, 0xfe, 0xff, 0xfe, 0xff, 0xfe, 0xff, 0xfe, 
	0x00, 0x05, 0x00, 0x01, 0x00, 0x01, 0x00, 0x01, 
	0x00, 0x05, 0x08, 0x43, 0x08, 0x43, 0x08, 0x43, 
	0xff, 0xfe, 0xff, 0xfe, 0xff, 0xfe, 0xff, 0xfe, 
	0xff, 0xfe, 0xff, 0xfe, 0xff, 0xfe, 0xff, 0xfe, 
	0xff, 0xfe, 0xff, 0xfe, 0xff, 0xfe, 0xff, 0xfe, 
	0xff, 0xfe, 0xff, 0xfe, 0xff, 0xfe, 0xff, 0xfe, 
	0xff, 0xfe, 0xff, 0xfe, 0xff, 0xfe, 0xff, 0xfe, 
	0xff, 0xfe, 0xff, 0xfe, 0xff, 0xfe, 0xff, 0xfe, 
	0xff, 0xfe, 0xff, 0xfe, 0xff, 0xfe, 0xff, 0xfe, 
	0xff, 0xfe, 0xff, 0xfe, 0xff, 0xfe, 0xff, 0xfe, 
	0xff, 0xfe, 0xff, 0xfe, 0xff, 0xfe, 0xff, 0xfe, 
	0xff, 0xfe, 0xff, 0xfe, 0xff, 0xfe, 0xff, 0xfe, 
	0xff, 0xfe, 0xff, 0xfe, 0xff, 0xfe, 0xff, 0xfe, 
	0xff, 0xfe, 0xff, 0xfe, 0xff, 0xfe, 0xff, 0xfe, 
	0xff, 0xfe, 0xff, 0xfe, 0xff, 0xfe, 0xff, 0xfe, 
	0xff, 0xfe, 0xff, 0xfe, 0xff, 0xfe, 0xff, 0xfe, 
	0xff, 0xfe, 0xff, 0xfe, 0xff, 0xfe, 0xff, 0xfe, 
	0xff, 0xfe, 0xff, 0xfe, 0xff, 0xfe, 0xff, 0xfe, 
	0xff, 0xfe, 0xff, 0xfe, 0xff, 0xfe, 0xff, 0xfe, 
	0xff, 0xfe, 0xff, 0xfe, 0xff, 0xfe, 0xff, 0xfe, 
	0xff, 0xfe, 0xff, 0xfe, 0xff, 0xfe, 0xff, 0xfe, 
	0xff, 0xfe, 0xff, 0xfe, 0xff, 0xfe, 0xff, 0xfe, 
	0xff, 0xfe, 0xff, 0xfe, 0xff, 0xfe, 0xff, 0xfe, 
	0xff, 0xfe, 0xff, 0xfe, 0xff, 0xfe, 0xff, 0xfe, 
	0xff, 0xfe, 0xff, 0xfe, 0xff, 0xfe, 0xff, 0xfe, 
	0xff, 0xfe, 0xff, 0xfe, 0xff, 0xfe, 0xff, 0xfe, 
	0xff, 0xfe, 0xff, 0xfe, 0xff, 0xfe, 0xff, 0xfe, 
	0xff, 0xfe, 0xff, 0xfe, 0xff, 0xfe, 0xff, 0xfe, 
	0xff, 0xfe, 0xff, 0xfe, 0xff, 0xfe, 0xff, 0xfe, 
	0xff, 0xfe, 0xff, 0xfe, 0xff, 0xfe, 0xff, 0xfe, 
	0xff, 0xfe, 0xff, 0xfe, 0xff, 0xfe, 0xff, 0xfe, 
	0xff, 0xfe, 0xff, 0xfe, 0xff, 0xfe, 0xff, 0xfe, 
	0xff, 0xfe, 0xff, 0xfe, 0xff, 0xfe, 0xff, 0xfe, 
	0xff, 0xfe, 0xff, 0xfe, 0xff, 0xfe, 0xff, 0xfe, 
	0xff, 0xfe, 0xff, 0xfe, 0xff, 0xfe, 0xff, 0xfe, 
	
};

Gfx mario_mario_eyes_left_unused_rgba16_rgba16_aligner[] = {gsSPEndDisplayList()};
u8 mario_mario_eyes_left_unused_rgba16_rgba16[] = {
	0xff, 0xfe, 0xff, 0xfe, 0xff, 0xfe, 0xff, 0xfe, 
	0xff, 0xfe, 0xff, 0xfe, 0xff, 0xfe, 0xff, 0xfe, 
	0xff, 0xfe, 0xff, 0xfe, 0xff, 0xfe, 0xff, 0xfe, 
	0xff, 0xfe, 0xff, 0xfe, 0xff, 0xfe, 0xff, 0xfe, 
	0xff, 0xfe, 0xff, 0xfe, 0xff, 0xfe, 0xff, 0xfe, 
	0xff, 0xfe, 0xff, 0xfe, 0xff, 0xfe, 0xff, 0xfe, 
	0xff, 0xfe, 0xff, 0xfe, 0xff, 0xfe, 0xff, 0xfe, 
	0xff, 0xfe, 0xff, 0xfe, 0xff, 0xfe, 0xff, 0xfe, 
	0xff, 0xfe, 0xff, 0xfe, 0xff, 0xfe, 0xff, 0xfe, 
	0xff, 0xfe, 0xff, 0xfe, 0xff, 0xfe, 0xff, 0xfe, 
	0xff, 0xfe, 0xff, 0xfe, 0xff, 0xfe, 0xff, 0xfe, 
	0xff, 0xfe, 0xff, 0xfe, 0xff, 0xfe, 0xff, 0xfe, 
	0xff, 0xfe, 0xff, 0xfe, 0xff, 0xfe, 0xff, 0xfe, 
	0xff, 0xfe, 0xff, 0xfe, 0xff, 0xfe, 0xff, 0xfe, 
	0xff, 0xfe, 0xff, 0xfe, 0xff, 0xfe, 0xff, 0xfe, 
	0xff, 0xfe, 0xff, 0xfe, 0xff, 0xfe, 0xff, 0xfe, 
	0xff, 0xfe, 0xff, 0xfe, 0xff, 0xfe, 0xff, 0xfe, 
	0xff, 0xfe, 0xff, 0xfe, 0xff, 0xfe, 0xff, 0xfe, 
	0xff, 0xfe, 0xff, 0xfe, 0xff, 0xfe, 0xff, 0xfe, 
	0xff, 0xfe, 0xff, 0xfe, 0xff, 0xfe, 0xff, 0xfe, 
	0xff, 0xfe, 0xff, 0xfe, 0xff, 0xfe, 0xff, 0xfe, 
	0xff, 0xfe, 0xff, 0xfe, 0xff, 0xfe, 0xff, 0xfe, 
	0xff, 0xfe, 0xff, 0xfe, 0xff, 0xfe, 0xff, 0xfe, 
	0xff, 0xfe, 0xff, 0xfe, 0xff, 0xfe, 0xff, 0xfe, 
	0xff, 0xfe, 0xff, 0xfe, 0xff, 0xfe, 0xff, 0xfe, 
	0xff, 0xfe, 0xff, 0xfe, 0xff, 0xfe, 0xff, 0xfe, 
	0xff, 0xfe, 0xff, 0xfe, 0xff, 0xfe, 0xff, 0xfe, 
	0xff, 0xfe, 0xff, 0xfe, 0xff, 0xfe, 0xff, 0xfe, 
	0xff, 0xfe, 0xff, 0xfe, 0xff, 0xfe, 0xff, 0xfe, 
	0xff, 0xfe, 0xff, 0xfe, 0xff, 0xfe, 0xff, 0xfe, 
	0xff, 0xfe, 0xff, 0xfe, 0xff, 0xfe, 0xff, 0xfe, 
	0xff, 0xfe, 0xff, 0xfe, 0xff, 0xfe, 0xff, 0xfe, 
	0xff, 0xfe, 0x08, 0x02, 0x08, 0x02, 0x08, 0x02, 
	0x08, 0x02, 0x08, 0x02, 0x08, 0x02, 0x08, 0x02, 
	0x08, 0x02, 0x08, 0x02, 0xff, 0xfe, 0xff, 0xfe, 
	0xff, 0xfe, 0xff, 0xfe, 0xff, 0xfe, 0xff, 0xfe, 
	0xff, 0xfe, 0xff, 0xfe, 0xff, 0xfe, 0xff, 0xfe, 
	0xff, 0xfe, 0x08, 0x02, 0x08, 0x02, 0x08, 0x02, 
	0x08, 0x02, 0x08, 0x02, 0x08, 0x02, 0x08, 0x02, 
	0x08, 0x02, 0xff, 0xfe, 0xff, 0xfe, 0xff, 0xfe, 
	0xff, 0xfe, 0x08, 0x02, 0x08, 0x02, 0x08, 0x02, 
	0x18, 0x87, 0x00, 0x01, 0x08, 0x03, 0x08, 0x01, 
	0x08, 0x43, 0x08, 0x02, 0x08, 0x02, 0xff, 0xfe, 
	0xff, 0xfe, 0xff, 0xfe, 0xff, 0xfe, 0xff, 0xfe, 
	0xff, 0xfe, 0xff, 0xfe, 0xff, 0xfe, 0xff, 0xfe, 
	0xff, 0xfe, 0x08, 0x02, 0x08, 0x02, 0x10, 0x43, 
	0x08, 0x01, 0x08, 0x03, 0x00, 0x01, 0x18, 0x87, 
	0x08, 0x02, 0x08, 0x02, 0xff, 0xfe, 0xff, 0xfe, 
	0xff, 0xfe, 0x08, 0x02, 0x08, 0x02, 0x10, 0x45, 
	0x08, 0x03, 0x08, 0x01, 0x08, 0x03, 0x08, 0x01, 
	0x08, 0x43, 0x08, 0x01, 0x08, 0x02, 0x08, 0x02, 
	0xff, 0xfe, 0xff, 0xfe, 0xff, 0xfe, 0xff, 0xfe, 
	0xff, 0xfe, 0xff, 0xfe, 0xff, 0xfe, 0xff, 0xfe, 
	0xff, 0xfe, 0x08, 0x02, 0x08, 0x03, 0x08, 0x43, 
	0x08, 0x03, 0x08, 0x03, 0x08, 0x03, 0x08, 0x03, 
	0x08, 0x43, 0x08, 0x02, 0x08, 0x02, 0xff, 0xfe, 
	0xff, 0xfe, 0x08, 0x02, 0x39, 0x8f, 0x00, 0x01, 
	0x41, 0xcf, 0x08, 0x02, 0x08, 0x02, 0x08, 0x02, 
	0x39, 0x8f, 0x08, 0x01, 0x18, 0x85, 0x08, 0x02, 
	0xff, 0xfe, 0xff, 0xfe, 0xff, 0xfe, 0xff, 0xfe, 
	0xff, 0xfe, 0xff, 0xfe, 0xff, 0xfe, 0xff, 0xfe, 
	0x08, 0x02, 0x20, 0xc9, 0x00, 0x01, 0x31, 0x8d, 
	0x08, 0x02, 0x08, 0x02, 0x08, 0x02, 0x41, 0xcf, 
	0x00, 0x01, 0x29, 0x4b, 0x08, 0x02, 0xff, 0xfe, 
	0xff, 0xfe, 0x08, 0x02, 0x18, 0x87, 0x08, 0x02, 
	0x08, 0x02, 0xff, 0xfe, 0xff, 0xfe, 0xff, 0xfe, 
	0x08, 0x02, 0x08, 0x02, 0x20, 0xc7, 0x08, 0x02, 
	0xff, 0xfe, 0xff, 0xfe, 0xff, 0xfe, 0xff, 0xfe, 
	0xff, 0xfe, 0xff, 0xfe, 0xff, 0xfe, 0xff, 0xfe, 
	0x08, 0x02, 0x18, 0xc7, 0x08, 0x02, 0x08, 0x02, 
	0x08, 0x02, 0xff, 0xfe, 0x08, 0x02, 0x08, 0x02, 
	0x08, 0x02, 0x18, 0xc7, 0x08, 0x02, 0xff, 0xfe, 
	0xff, 0xfe, 0x08, 0x02, 0x08, 0x02, 0x08, 0x02, 
	0xff, 0xfe, 0xff, 0xfe, 0xff, 0xfe, 0xff, 0xfe, 
	0xff, 0xfe, 0x08, 0x02, 0x08, 0x02, 0x08, 0x02, 
	0xff, 0xfe, 0xff, 0xfe, 0xff, 0xfe, 0xff, 0xfe, 
	0xff, 0xfe, 0xff, 0xfe, 0xff, 0xfe, 0xff, 0xfe, 
	0x08, 0x02, 0x08, 0x02, 0x08, 0x02, 0xff, 0xfe, 
	0xff, 0xfe, 0xff, 0xfe, 0xff, 0xfe, 0xff, 0xfe, 
	0x08, 0x02, 0x08, 0x02, 0x08, 0x02, 0xff, 0xfe, 
	0xff, 0xfe, 0xff, 0xfe, 0xff, 0xfe, 0xff, 0xfe, 
	0xff, 0xfe, 0xff, 0xfe, 0xff, 0xff, 0xff, 0xff, 
	0xff, 0xff, 0xff, 0xfe, 0xff, 0xfe, 0xff, 0xfe, 
	0xff, 0xfe, 0xff, 0xfe, 0xff, 0xfe, 0xff, 0xfe, 
	0xff, 0xfe, 0xff, 0xfe, 0xff, 0xfe, 0xff, 0xfe, 
	0xff, 0xfe, 0xff, 0xfe, 0xff, 0xfe, 0xff, 0xff, 
	0xff, 0xff, 0xff, 0xff, 0xff, 0xfe, 0xff, 0xfe, 
	0xff, 0xfe, 0xff, 0xfe, 0xff, 0xfe, 0xff, 0xfe, 
	0xff, 0xfe, 0xff, 0xfe, 0xff, 0xfe, 0xff, 0xfe, 
	0xff, 0xff, 0xff, 0xff, 0xff, 0xff, 0xff, 0xff, 
	0xff, 0xff, 0xff, 0xff, 0xff, 0xfe, 0xff, 0xfe, 
	0xff, 0xfe, 0xff, 0xfe, 0xff, 0xfe, 0xff, 0xfe, 
	0xff, 0xfe, 0xff, 0xfe, 0xff, 0xfe, 0xff, 0xfe, 
	0xff, 0xfe, 0xf7, 0xbf, 0xf7, 0xff, 0xff, 0xff, 
	0xff, 0xff, 0xff, 0xff, 0xff, 0xff, 0xff, 0xfe, 
	0xff, 0xfe, 0xff, 0xfe, 0xff, 0xfe, 0xff, 0xfe, 
	0xff, 0xfe, 0xff, 0xfe, 0xff, 0xfe, 0xff, 0xff, 
	0x95, 0xff, 0x2b, 0xfb, 0x44, 0x7d, 0xff, 0xff, 
	0xff, 0xff, 0xff, 0xff, 0xff, 0xff, 0xff, 0xfe, 
	0xff, 0xfe, 0xff, 0xfe, 0xff, 0xfe, 0xff, 0xfe, 
	0xff, 0xfe, 0xff, 0xfe, 0xff, 0xfe, 0xff, 0xfe, 
	0xae, 0x7f, 0x33, 0xfb, 0x3c, 0x3d, 0xbe, 0xff, 
	0xff, 0xff, 0xff, 0xff, 0xff, 0xff, 0xff, 0xff, 
	0xff, 0xfe, 0xff, 0xfe, 0xff, 0xfe, 0xff, 0xfe, 
	0xff, 0xfe, 0xff, 0xfe, 0xff, 0xfe, 0x9e, 0x3f, 
	0x13, 0x39, 0x2b, 0xbb, 0x54, 0xbd, 0x44, 0x7d, 
	0xff, 0xff, 0xff, 0xff, 0xff, 0xff, 0xff, 0xff, 
	0xff, 0xfe, 0xff, 0xfe, 0xff, 0xfe, 0xff, 0xfe, 
	0xff, 0xfe, 0xff, 0xfe, 0xff, 0xfe, 0xc6, 0xfe, 
	0x23, 0xbb, 0x1b, 0x7b, 0x1b, 0x79, 0x2b, 0xbb, 
	0xcf, 0x3f, 0xff, 0xff, 0xff, 0xff, 0xff, 0xff, 
	0xff, 0xff, 0xff, 0xfe, 0xff, 0xfe, 0xff, 0xfe, 
	0xff, 0xfe, 0xff, 0xfe, 0xe7, 0xbf, 0x33, 0xfb, 
	0x2b, 0xbb, 0x23, 0xbb, 0x1b, 0x35, 0x12, 0xf7, 
	0x85, 0xbf, 0xff, 0xff, 0xff, 0xff, 0xff, 0xff, 
	0xff, 0xff, 0xff, 0xfe, 0xff, 0xfe, 0xff, 0xfe, 
	0xff, 0xfe, 0xff, 0xfe, 0xff, 0xfe, 0x4c, 0xbf, 
	0x12, 0xf7, 0x23, 0x37, 0x23, 0xbb, 0x1b, 0x39, 
	0x5c, 0xff, 0xff, 0xff, 0xff, 0xff, 0xff, 0xff, 
	0xff, 0xff, 0xff, 0xfe, 0xff, 0xfe, 0xff, 0xfe, 
	0xff, 0xfe, 0xff, 0xfe, 0x4b, 0xf7, 0x4b, 0xf7, 
	0x09, 0x9f, 0x19, 0x57, 0x11, 0xe9, 0x1a, 0xf5, 
	0x4c, 0x39, 0xff, 0xff, 0xff, 0xff, 0xff, 0xff, 
	0xff, 0xff, 0xff, 0xfe, 0xff, 0xfe, 0xff, 0xfe, 
	0xff, 0xfe, 0xff, 0xfe, 0xd7, 0x3e, 0x1a, 0xb1, 
	0x00, 0x53, 0x00, 0x93, 0x1a, 0xf5, 0x23, 0xbb, 
	0x2b, 0xbb, 0xdf, 0x7f, 0xff, 0xff, 0xff, 0xff, 
	0xff, 0xff, 0xff, 0xff, 0xff, 0xfe, 0xff, 0xfe, 
	0xff, 0xfe, 0xff, 0xfe, 0x22, 0xef, 0x09, 0x19, 
	0x00, 0x01, 0x00, 0x01, 0x00, 0x01, 0x11, 0xe9, 
	0x1a, 0xf5, 0xff, 0xff, 0xff, 0xff, 0xff, 0xff, 
	0xff, 0xff, 0xff, 0xfe, 0xff, 0xfe, 0xff, 0xfe, 
	0xff, 0xfe, 0xff, 0xfe, 0x8d, 0xbf, 0x00, 0x0b, 
	0x00, 0x01, 0x00, 0x01, 0x09, 0x1d, 0x23, 0xbb, 
	0x1b, 0x7b, 0x9e, 0x3f, 0xff, 0xff, 0xff, 0xff, 
	0xff, 0xff, 0xff, 0xff, 0xff, 0xfe, 0xff, 0xfe, 
	0xff, 0xfe, 0x6d, 0x3f, 0x22, 0xef, 0x00, 0x01, 
	0x00, 0x01, 0x00, 0x01, 0x00, 0x4b, 0x00, 0x01, 
	0x23, 0xbb, 0xbe, 0xbf, 0xff, 0xff, 0xff, 0xff, 
	0xff, 0xff, 0xff, 0xff, 0xff, 0xfe, 0xff, 0xfe, 
	0xff, 0xfe, 0xff, 0xfe, 0x5c, 0x35, 0x00, 0x01, 
	0x00, 0x01, 0x00, 0x01, 0x00, 0x05, 0x1b, 0x35, 
	0x1b, 0x7b, 0x7d, 0x7f, 0xff, 0xff, 0xff, 0xff, 
	0xff, 0xff, 0xff, 0xff, 0xff, 0xfe, 0xff, 0xfe, 
	0xff, 0xfe, 0x4b, 0xf7, 0x11, 0xe9, 0x00, 0x01, 
	0x00, 0x01, 0x00, 0x8f, 0x00, 0x01, 0x00, 0x01, 
	0x23, 0xbb, 0x23, 0xbb, 0xff, 0xff, 0xff, 0xff, 
	0xff, 0xff, 0xff, 0xff, 0xff, 0xfe, 0xff, 0xfe, 
	0xff, 0xfe, 0xff, 0xfe, 0x32, 0xe9, 0x00, 0x01, 
	0x00, 0x8d, 0x00, 0x01, 0x00, 0x01, 0x12, 0x2d, 
	0x1b, 0x7b, 0x65, 0x3f, 0xff, 0xff, 0xff, 0xff, 
	0xff, 0xff, 0xff, 0xff, 0xff, 0xff, 0xff, 0xfe, 
	0xff, 0xfe, 0x1a, 0xf5, 0x11, 0xe9, 0x00, 0x01, 
	0x53, 0xab, 0xd6, 0xff, 0x32, 0x61, 0x00, 0x01, 
	0x11, 0xe9, 0x23, 0xbb, 0xff, 0xff, 0xff, 0xff, 
	0xff, 0xff, 0xff, 0xff, 0xff, 0xfe, 0xff, 0xfe, 
	0xff, 0xfe, 0xf7, 0xfe, 0x19, 0xe1, 0x6c, 0x31, 
	0xd6, 0xff, 0x21, 0xdd, 0x00, 0x01, 0x11, 0xe9, 
	0x1b, 0x7b, 0x54, 0xbd, 0xff, 0xff, 0xff, 0xff, 
	0xff, 0xff, 0xff, 0xff, 0xff, 0xff, 0xff, 0xfe, 
	0xff, 0xfe, 0x11, 0xe9, 0x11, 0x9f, 0x00, 0x01, 
	0xa5, 0xfb, 0xff, 0xff, 0x74, 0x71, 0x00, 0x01, 
	0x11, 0xe9, 0x23, 0xbb, 0xff, 0xff, 0xff, 0xff, 
	0xff, 0xff, 0xff, 0xff, 0xff, 0xfe, 0xff, 0xfe, 
	0xff, 0xfe, 0xf7, 0xbe, 0x11, 0x9f, 0xbe, 0x7f, 
	0xff, 0xff, 0x5b, 0xed, 0x00, 0x01, 0x09, 0xe7, 
	0x23, 0x7b, 0x44, 0x7d, 0xff, 0xff, 0xff, 0xff, 
	0xff, 0xff, 0xff, 0xff, 0xff, 0xff, 0xff, 0xfe, 
	0xff, 0xfe, 0x22, 0xef, 0x11, 0xa1, 0x00, 0x01, 
	0x4b, 0x69, 0xbe, 0x7f, 0x2a, 0x1f, 0x00, 0x01, 
	0x11, 0xe9, 0x23, 0xbb, 0xff, 0xff, 0xff, 0xff, 
	0xff, 0xff, 0xff, 0xff, 0xff, 0xfe, 0xff, 0xfe, 
	0xff, 0xfe, 0xf7, 0xfe, 0x19, 0xe1, 0x5b, 0xed, 
	0xbe, 0x7f, 0x19, 0x9b, 0x00, 0x01, 0x11, 0xe9, 
	0x1b, 0x7b, 0x54, 0xbf, 0xff, 0xff, 0xff, 0xff, 
	0xff, 0xff, 0xff, 0xff, 0xff, 0xff, 0xff, 0xfe, 
	0xff, 0xfe, 0x22, 0xef, 0x11, 0xe3, 0x00, 0x01, 
	0x00, 0x01, 0x00, 0x47, 0x00, 0x01, 0x08, 0x43, 
	0x11, 0xe9, 0x23, 0xbb, 0xff, 0xff, 0xff, 0xff, 
	0xff, 0xff, 0xff, 0xff, 0xff, 0xfe, 0xff, 0xfe, 
	0xff, 0xfe, 0xff, 0xfe, 0x2a, 0xa9, 0x00, 0x01, 
	0x00, 0x01, 0x00, 0x01, 0x00, 0x01, 0x12, 0x2b, 
	0x1b, 0x7b, 0x6d, 0x3f, 0xff, 0xff, 0xff, 0xff, 
	0xff, 0xff, 0xff, 0xff, 0xff, 0xff, 0xff, 0xfe, 
	0xff, 0xfe, 0x6d, 0x3f, 0x22, 0xef, 0x00, 0x01, 
	0x00, 0x01, 0x00, 0x01, 0x00, 0x01, 0x11, 0xe9, 
	0x23, 0xbb, 0x9d, 0xfd, 0xff, 0xff, 0xff, 0xff, 
	0xff, 0xff, 0xff, 0xff, 0xff, 0xfe, 0xff, 0xfe, 
	0xff, 0xfe, 0xff, 0xfe, 0x53, 0xf3, 0x00, 0x01, 
	0x00, 0x01, 0x00, 0x01, 0x00, 0x05, 0x1a, 0xf3, 
	0x1b, 0x7b, 0x7d, 0x7f, 0xff, 0xff, 0xff, 0xff, 
	0xff, 0xff, 0xff, 0xff, 0xff, 0xfe, 0xff, 0xfe, 
	0xff, 0xfe, 0xff, 0xfe, 0x5c, 0xbd, 0x00, 0x05, 
	0x00, 0x01, 0x00, 0x01, 0x00, 0x01, 0x1a, 0xf5, 
	0x23, 0xbb, 0xff, 0xff, 0xff, 0xff, 0xff, 0xff, 
	0xff, 0xff, 0xff, 0xfe, 0xff, 0xfe, 0xff, 0xfe, 
	0xff, 0xfe, 0xff, 0xfe, 0x85, 0xbd, 0x00, 0x01, 
	0x00, 0x01, 0x00, 0x01, 0x00, 0xd9, 0x23, 0x79, 
	0x1b, 0x7b, 0xa6, 0x7f, 0xff, 0xff, 0xff, 0xff, 
	0xff, 0xff, 0xff, 0xff, 0xff, 0xfe, 0xff, 0xfe, 
	0xff, 0xfe, 0xff, 0xfe, 0x4b, 0xf7, 0x12, 0x6d, 
	0x00, 0x01, 0x00, 0x07, 0x11, 0xe9, 0x23, 0xbb, 
	0x3b, 0xf9, 0xff, 0xff, 0xff, 0xff, 0xff, 0xff, 
	0xff, 0xff, 0xff, 0xfe, 0xff, 0xfe, 0xff, 0xfe, 
	0xff, 0xfe, 0xff, 0xfe, 0xcf, 0x3e, 0x11, 0xe9, 
	0x00, 0x01, 0x00, 0x01, 0x12, 0x6f, 0x23, 0xbb, 
	0x2b, 0xbb, 0xe7, 0x7f, 0xff, 0xff, 0xff, 0xff, 
	0xff, 0xff, 0xff, 0xff, 0xff, 0xfe, 0xff, 0xfe, 
	0xff, 0xfe, 0xff, 0xfe, 0xef, 0xbf, 0x33, 0xfb, 
	0x11, 0xe1, 0x11, 0xe3, 0x1a, 0xf5, 0x3b, 0xf9, 
	0x6c, 0xfb, 0xff, 0xff, 0xff, 0xff, 0xff, 0xff, 
	0xff, 0xff, 0xff, 0xfe, 0xff, 0xfe, 0xff, 0xfe, 
	0xff, 0xfe, 0xff, 0xfe, 0xff, 0xfe, 0x4c, 0x7d, 
	0x12, 0x71, 0x1a, 0xb3, 0x23, 0xbb, 0x1b, 0x39, 
	0x6d, 0x3f, 0xff, 0xff, 0xff, 0xff, 0xff, 0xff, 
	0xff, 0xff, 0xff, 0xfe, 0xff, 0xfe, 0xff, 0xfe, 
	0xff, 0xfe, 0xff, 0xfe, 0xff, 0xfe, 0xa6, 0x7f, 
	0x3b, 0xfb, 0x1b, 0x79, 0x33, 0xb7, 0x4c, 0x3b, 
	0xb6, 0xbf, 0xff, 0xff, 0xff, 0xff, 0xff, 0xff, 
	0xff, 0xfe, 0xff, 0xfe, 0xff, 0xfe, 0xff, 0xfe, 
	0xff, 0xfe, 0xff, 0xfe, 0xff, 0xfe, 0xb6, 0xbe, 
	0x23, 0x7b, 0x1b, 0x7b, 0x13, 0x39, 0x2b, 0xbb, 
	0xdf, 0x7f, 0xff, 0xff, 0xff, 0xff, 0xff, 0xff, 
	0xff, 0xff, 0xff, 0xfe, 0xff, 0xfe, 0xff, 0xfe, 
	0xff, 0xfe, 0xff, 0xfe, 0xff, 0xfe, 0xff, 0xff, 
	0x9e, 0x3f, 0x6c, 0xfd, 0x4c, 0x7d, 0xd7, 0x3f, 
	0xff, 0xff, 0xff, 0xff, 0xff, 0xff, 0xff, 0xff, 
	0xff, 0xfe, 0xff, 0xfe, 0xff, 0xfe, 0xff, 0xfe, 
	0xff, 0xfe, 0xff, 0xfe, 0xff, 0xfe, 0xff, 0xfe, 
	0xb6, 0xbf, 0x4c, 0xbd, 0x54, 0xbf, 0xc6, 0xff, 
	0xff, 0xff, 0xff, 0xff, 0xff, 0xff, 0xff, 0xff, 
	0xff, 0xfe, 0xff, 0xfe, 0xff, 0xfe, 0xff, 0xfe, 
	0xff, 0xfe, 0xff, 0xfe, 0xff, 0xfe, 0xff, 0xfe, 
	0xff, 0xff, 0xff, 0xff, 0xf7, 0xff, 0xff, 0xff, 
	0xff, 0xff, 0xff, 0xff, 0xff, 0xff, 0xff, 0xfe, 
	0xff, 0xfe, 0xff, 0xfe, 0xff, 0xfe, 0xff, 0xfe, 
	0xff, 0xfe, 0xff, 0xfe, 0xff, 0xfe, 0xff, 0xfe, 
	0xff, 0xfe, 0xff, 0xff, 0xff, 0xff, 0xff, 0xff, 
	0xff, 0xff, 0xff, 0xff, 0xff, 0xff, 0xff, 0xff, 
	0xff, 0xfe, 0xff, 0xfe, 0xff, 0xfe, 0xff, 0xfe, 
	0xff, 0xfe, 0xff, 0xfe, 0xff, 0xfe, 0xff, 0xfe, 
	0xff, 0xfe, 0xff, 0xfe, 0xff, 0xff, 0xff, 0xff, 
	0xff, 0xff, 0xff, 0xfe, 0xff, 0xfe, 0xff, 0xfe, 
	0xff, 0xfe, 0xff, 0xfe, 0xff, 0xfe, 0xff, 0xfe, 
	0xff, 0xfe, 0xff, 0xfe, 0xff, 0xfe, 0xff, 0xfe, 
	0xff, 0xfe, 0xff, 0xfe, 0xff, 0xff, 0xff, 0xff, 
	0xff, 0xff, 0xff, 0xff, 0xff, 0xfe, 0xff, 0xfe, 
	0xff, 0xfe, 0xff, 0xfe, 0xff, 0xfe, 0xff, 0xfe, 
	0xff, 0xfe, 0xff, 0xfe, 0xff, 0xfe, 0xff, 0xfe, 
	0xff, 0xfe, 0xff, 0xfe, 0xff, 0xfe, 0xff, 0xfe, 
	0xff, 0xfe, 0xff, 0xfe, 0xff, 0xfe, 0xff, 0xfe, 
	0xff, 0xfe, 0xff, 0xfe, 0xff, 0xfe, 0xff, 0xfe, 
	0xff, 0xfe, 0xff, 0xfe, 0xff, 0xfe, 0xff, 0xfe, 
	0xff, 0xfe, 0xff, 0xfe, 0xff, 0xfe, 0xff, 0xfe, 
	0xff, 0xfe, 0xff, 0xfe, 0xff, 0xfe, 0xff, 0xfe, 
	0xff, 0xfe, 0xff, 0xfe, 0xff, 0xfe, 0xff, 0xfe, 
	
};

Gfx mario_mario_eyes_right_unused_rgba16_rgba16_aligner[] = {gsSPEndDisplayList()};
u8 mario_mario_eyes_right_unused_rgba16_rgba16[] = {
	0xff, 0xfe, 0xff, 0xfe, 0xff, 0xfe, 0xff, 0xfe, 
	0xff, 0xfe, 0xff, 0xfe, 0xff, 0xfe, 0xff, 0xfe, 
	0xff, 0xfe, 0xff, 0xfe, 0xff, 0xfe, 0xff, 0xfe, 
	0xff, 0xfe, 0xff, 0xfe, 0xff, 0xfe, 0xff, 0xfe, 
	0xff, 0xfe, 0xff, 0xfe, 0xff, 0xfe, 0xff, 0xfe, 
	0xff, 0xfe, 0xff, 0xfe, 0xff, 0xfe, 0xff, 0xfe, 
	0xff, 0xfe, 0xff, 0xfe, 0xff, 0xfe, 0xff, 0xfe, 
	0xff, 0xfe, 0xff, 0xfe, 0xff, 0xfe, 0xff, 0xfe, 
	0xff, 0xfe, 0xff, 0xfe, 0xff, 0xfe, 0xff, 0xfe, 
	0xff, 0xfe, 0xff, 0xfe, 0xff, 0xfe, 0xff, 0xfe, 
	0xff, 0xfe, 0xff, 0xfe, 0xff, 0xfe, 0xff, 0xfe, 
	0xff, 0xfe, 0xff, 0xfe, 0xff, 0xfe, 0xff, 0xfe, 
	0xff, 0xfe, 0xff, 0xfe, 0xff, 0xfe, 0xff, 0xfe, 
	0xff, 0xfe, 0xff, 0xfe, 0xff, 0xfe, 0xff, 0xfe, 
	0xff, 0xfe, 0xff, 0xfe, 0xff, 0xfe, 0xff, 0xfe, 
	0xff, 0xfe, 0xff, 0xfe, 0xff, 0xfe, 0xff, 0xfe, 
	0xff, 0xfe, 0xff, 0xfe, 0xff, 0xfe, 0xff, 0xfe, 
	0xff, 0xfe, 0xff, 0xfe, 0xff, 0xfe, 0xff, 0xfe, 
	0xff, 0xfe, 0xff, 0xfe, 0xff, 0xfe, 0xff, 0xfe, 
	0xff, 0xfe, 0xff, 0xfe, 0xff, 0xfe, 0xff, 0xfe, 
	0xff, 0xfe, 0xff, 0xfe, 0xff, 0xfe, 0xff, 0xfe, 
	0xff, 0xfe, 0xff, 0xfe, 0xff, 0xfe, 0xff, 0xfe, 
	0xff, 0xfe, 0xff, 0xfe, 0xff, 0xfe, 0xff, 0xfe, 
	0xff, 0xfe, 0xff, 0xfe, 0xff, 0xfe, 0xff, 0xfe, 
	0xff, 0xfe, 0xff, 0xfe, 0xff, 0xfe, 0xff, 0xfe, 
	0xff, 0xfe, 0xff, 0xfe, 0xff, 0xfe, 0xff, 0xfe, 
	0xff, 0xfe, 0xff, 0xfe, 0xff, 0xfe, 0xff, 0xfe, 
	0xff, 0xfe, 0xff, 0xfe, 0xff, 0xfe, 0xff, 0xfe, 
	0xff, 0xfe, 0xff, 0xfe, 0xff, 0xfe, 0xff, 0xfe, 
	0xff, 0xfe, 0xff, 0xfe, 0xff, 0xfe, 0xff, 0xfe, 
	0xff, 0xfe, 0xff, 0xfe, 0xff, 0xfe, 0xff, 0xfe, 
	0xff, 0xfe, 0xff, 0xfe, 0xff, 0xfe, 0xff, 0xfe, 
	0xff, 0xfe, 0xff, 0xfe, 0xff, 0xfe, 0x08, 0x02, 
	0x08, 0x02, 0x08, 0x02, 0x08, 0x02, 0x08, 0x02, 
	0x08, 0x02, 0x08, 0x02, 0xff, 0xfe, 0xff, 0xfe, 
	0xff, 0xfe, 0xff, 0xfe, 0xff, 0xfe, 0xff, 0xfe, 
	0xff, 0xfe, 0xff, 0xfe, 0xff, 0xfe, 0xff, 0xfe, 
	0xff, 0xfe, 0xff, 0xfe, 0x08, 0x02, 0x08, 0x02, 
	0x08, 0x02, 0x08, 0x02, 0x08, 0x02, 0x08, 0x02, 
	0xff, 0xfe, 0xff, 0xfe, 0xff, 0xfe, 0xff, 0xfe, 
	0xff, 0xfe, 0x08, 0x02, 0x08, 0x02, 0x08, 0x02, 
	0x18, 0x87, 0x00, 0x01, 0x08, 0x03, 0x08, 0x01, 
	0x10, 0x43, 0x08, 0x02, 0x08, 0x02, 0xff, 0xfe, 
	0xff, 0xfe, 0xff, 0xfe, 0xff, 0xfe, 0xff, 0xfe, 
	0xff, 0xfe, 0xff, 0xfe, 0xff, 0xfe, 0xff, 0xfe, 
	0xff, 0xfe, 0x08, 0x02, 0x08, 0x02, 0x08, 0x43, 
	0x08, 0x01, 0x08, 0x03, 0x00, 0x01, 0x18, 0x87, 
	0x08, 0x02, 0xff, 0xfe, 0xff, 0xfe, 0xff, 0xfe, 
	0xff, 0xfe, 0x08, 0x02, 0x08, 0x02, 0x08, 0x43, 
	0x08, 0x03, 0x08, 0x03, 0x08, 0x03, 0x08, 0x03, 
	0x08, 0x43, 0x08, 0x03, 0x08, 0x02, 0x08, 0x02, 
	0xff, 0xfe, 0xff, 0xfe, 0xff, 0xfe, 0xff, 0xfe, 
	0xff, 0xfe, 0xff, 0xfe, 0xff, 0xfe, 0xff, 0xfe, 
	0xff, 0xfe, 0x08, 0x02, 0x08, 0x01, 0x08, 0x43, 
	0x08, 0x01, 0x08, 0x03, 0x08, 0x01, 0x08, 0x03, 
	0x10, 0x45, 0x08, 0x02, 0x08, 0x02, 0xff, 0xfe, 
	0xff, 0xfe, 0x08, 0x02, 0x29, 0x4b, 0x00, 0x01, 
	0x41, 0xcf, 0x08, 0x02, 0x08, 0x02, 0x08, 0x02, 
	0x31, 0x8d, 0x00, 0x01, 0x20, 0xc9, 0x08, 0x02, 
	0xff, 0xfe, 0xff, 0xfe, 0xff, 0xfe, 0xff, 0xfe, 
	0xff, 0xfe, 0xff, 0xfe, 0xff, 0xfe, 0xff, 0xfe, 
	0x08, 0x02, 0x18, 0x85, 0x08, 0x01, 0x39, 0x8f, 
	0x08, 0x02, 0x08, 0x02, 0x08, 0x02, 0x41, 0xcf, 
	0x00, 0x01, 0x39, 0x8f, 0x08, 0x02, 0xff, 0xfe, 
	0xff, 0xfe, 0x08, 0x02, 0x18, 0xc7, 0x08, 0x02, 
	0x08, 0x02, 0x08, 0x02, 0xff, 0xfe, 0x08, 0x02, 
	0x08, 0x02, 0x08, 0x02, 0x18, 0xc7, 0x08, 0x02, 
	0xff, 0xfe, 0xff, 0xfe, 0xff, 0xfe, 0xff, 0xfe, 
	0xff, 0xfe, 0xff, 0xfe, 0xff, 0xfe, 0xff, 0xfe, 
	0x08, 0x02, 0x20, 0xc7, 0x08, 0x02, 0x08, 0x02, 
	0x08, 0x02, 0xff, 0xfe, 0xff, 0xfe, 0x08, 0x02, 
	0x08, 0x02, 0x18, 0x87, 0x08, 0x02, 0xff, 0xfe, 
	0xff, 0xfe, 0x08, 0x02, 0x08, 0x02, 0x08, 0x02, 
	0xff, 0xfe, 0xff, 0xfe, 0xff, 0xfe, 0xff, 0xfe, 
	0xff, 0xfe, 0x08, 0x02, 0x08, 0x02, 0x08, 0x02, 
	0xf7, 0xbc, 0xff, 0xfe, 0xff, 0xfe, 0xff, 0xfe, 
	0xff, 0xfe, 0xff, 0xfe, 0xff, 0xfe, 0xff, 0xfe, 
	0x08, 0x02, 0x08, 0x02, 0x08, 0x02, 0xff, 0xfe, 
	0xff, 0xfe, 0xff, 0xfe, 0xff, 0xfe, 0xff, 0xfe, 
	0x08, 0x02, 0x08, 0x02, 0x08, 0x02, 0xff, 0xfe, 
	0xff, 0xfe, 0xff, 0xfe, 0xff, 0xfe, 0xff, 0xfe, 
	0xff, 0xfe, 0xff, 0xfe, 0xff, 0xff, 0xff, 0xff, 
	0xff, 0xff, 0xff, 0xfe, 0xff, 0xfe, 0xff, 0xfe, 
	0xff, 0xfe, 0xff, 0xfe, 0xff, 0xfe, 0xff, 0xfe, 
	0xff, 0xfe, 0xff, 0xfe, 0xff, 0xfe, 0xff, 0xfe, 
	0xff, 0xfe, 0xff, 0xfe, 0xff, 0xfe, 0xff, 0xff, 
	0xff, 0xff, 0xff, 0xff, 0xff, 0xfe, 0xff, 0xfe, 
	0xff, 0xfe, 0xff, 0xfe, 0xff, 0xfe, 0xff, 0xfe, 
	0xff, 0xfe, 0xff, 0xfe, 0xff, 0xfe, 0xff, 0xfe, 
	0xff, 0xfe, 0xff, 0xff, 0xff, 0xff, 0xff, 0xff, 
	0xff, 0xff, 0xf7, 0xff, 0xf7, 0xbf, 0xff, 0xfe, 
	0xff, 0xfe, 0xff, 0xfe, 0xff, 0xfe, 0xff, 0xfe, 
	0xff, 0xfe, 0xff, 0xfe, 0xff, 0xfe, 0xff, 0xfe, 
	0xff, 0xfe, 0xff, 0xfe, 0xff, 0xff, 0xff, 0xff, 
	0xff, 0xff, 0xff, 0xff, 0xff, 0xff, 0xff, 0xff, 
	0xff, 0xfe, 0xff, 0xfe, 0xff, 0xfe, 0xff, 0xfe, 
	0xff, 0xfe, 0xff, 0xfe, 0xff, 0xfe, 0xff, 0xfe, 
	0xff, 0xff, 0xff, 0xff, 0xff, 0xff, 0xff, 0xff, 
	0xbe, 0xff, 0x3c, 0x3d, 0x33, 0xfb, 0xae, 0x7f, 
	0xff, 0xfe, 0xff, 0xfe, 0xff, 0xfe, 0xff, 0xfe, 
	0xff, 0xfe, 0xff, 0xfe, 0xff, 0xfe, 0xff, 0xfe, 
	0xff, 0xfe, 0xff, 0xff, 0xff, 0xff, 0xff, 0xff, 
	0xff, 0xff, 0x44, 0x7d, 0x2b, 0xfb, 0x95, 0xff, 
	0xff, 0xff, 0xff, 0xfe, 0xff, 0xfe, 0xff, 0xfe, 
	0xff, 0xfe, 0xff, 0xfe, 0xff, 0xfe, 0xff, 0xff, 
	0xff, 0xff, 0xff, 0xff, 0xff, 0xff, 0xcf, 0x3f, 
	0x2b, 0xbb, 0x1b, 0x79, 0x1b, 0x7b, 0x23, 0xbb, 
	0xc6, 0xfe, 0xff, 0xfe, 0xff, 0xfe, 0xff, 0xfe, 
	0xff, 0xfe, 0xff, 0xfe, 0xff, 0xfe, 0xff, 0xfe, 
	0xff, 0xff, 0xff, 0xff, 0xff, 0xff, 0xff, 0xff, 
	0x44, 0x7d, 0x54, 0xbd, 0x2b, 0xbb, 0x13, 0x39, 
	0x9e, 0x3f, 0xff, 0xfe, 0xff, 0xfe, 0xff, 0xfe, 
	0xff, 0xfe, 0xff, 0xfe, 0xff, 0xfe, 0xff, 0xff, 
	0xff, 0xff, 0xff, 0xff, 0xff, 0xff, 0x5c, 0xff, 
	0x1b, 0x39, 0x23, 0xbb, 0x23, 0x37, 0x12, 0xf7, 
	0x4c, 0xbf, 0xff, 0xfe, 0xff, 0xfe, 0xff, 0xfe, 
	0xff, 0xfe, 0xff, 0xfe, 0xff, 0xfe, 0xff, 0xff, 
	0xff, 0xff, 0xff, 0xff, 0xff, 0xff, 0x85, 0xbf, 
	0x12, 0xf7, 0x1b, 0x35, 0x23, 0xbb, 0x2b, 0xbb, 
	0x33, 0xfb, 0xe7, 0xbf, 0xff, 0xfe, 0xff, 0xfe, 
	0xff, 0xfe, 0xff, 0xfe, 0xff, 0xff, 0xff, 0xff, 
	0xff, 0xff, 0xff, 0xff, 0xdf, 0x7f, 0x2b, 0xbb, 
	0x23, 0xbb, 0x1a, 0xf5, 0x00, 0x93, 0x00, 0x53, 
	0x1a, 0xb1, 0xd7, 0x3e, 0xff, 0xfe, 0xff, 0xfe, 
	0xff, 0xfe, 0xff, 0xfe, 0xf7, 0xfe, 0xff, 0xff, 
	0xff, 0xff, 0xff, 0xff, 0xff, 0xff, 0x4c, 0x39, 
	0x1a, 0xf5, 0x11, 0xe9, 0x19, 0x57, 0x09, 0x9f, 
	0x4b, 0xf7, 0x4b, 0xf7, 0xff, 0xfe, 0xff, 0xfe, 
	0xff, 0xfe, 0xff, 0xfe, 0xff, 0xff, 0xff, 0xff, 
	0xff, 0xff, 0xff, 0xff, 0x9e, 0x3f, 0x1b, 0x7b, 
	0x23, 0xbb, 0x09, 0x1d, 0x00, 0x01, 0x00, 0x01, 
	0x00, 0x0b, 0x8d, 0xbf, 0xff, 0xfe, 0xff, 0xfe, 
	0xff, 0xfe, 0xff, 0xfe, 0xff, 0xfe, 0xff, 0xff, 
	0xff, 0xff, 0xff, 0xff, 0xff, 0xff, 0x1a, 0xf5, 
	0x11, 0xe9, 0x00, 0x01, 0x00, 0x01, 0x00, 0x01, 
	0x09, 0x19, 0x22, 0xef, 0xff, 0xfe, 0xff, 0xfe, 
	0xff, 0xfe, 0xff, 0xfe, 0xff, 0xff, 0xff, 0xff, 
	0xff, 0xff, 0xff, 0xff, 0x7d, 0x7f, 0x1b, 0x7b, 
	0x1b, 0x35, 0x00, 0x05, 0x00, 0x01, 0x00, 0x01, 
	0x00, 0x01, 0x5c, 0x35, 0xff, 0xfe, 0xff, 0xfe, 
	0xff, 0xfe, 0xff, 0xfe, 0xff, 0xff, 0xff, 0xff, 
	0xff, 0xff, 0xff, 0xff, 0xbe, 0xbf, 0x23, 0xbb, 
	0x00, 0x01, 0x00, 0x4b, 0x00, 0x01, 0x00, 0x01, 
	0x00, 0x01, 0x22, 0xef, 0x6d, 0x3f, 0xff, 0xfe, 
	0xff, 0xfe, 0xff, 0xff, 0xff, 0xff, 0xff, 0xff, 
	0xff, 0xff, 0xff, 0xff, 0x65, 0x3f, 0x1b, 0x7b, 
	0x12, 0x2d, 0x00, 0x01, 0x00, 0x01, 0x00, 0x8d, 
	0x00, 0x01, 0x32, 0xe9, 0xff, 0xfe, 0xff, 0xfe, 
	0xff, 0xfe, 0xff, 0xfe, 0xff, 0xff, 0xff, 0xff, 
	0xff, 0xff, 0xff, 0xff, 0x23, 0xbb, 0x23, 0xbb, 
	0x00, 0x01, 0x00, 0x01, 0x00, 0x8f, 0x00, 0x01, 
	0x00, 0x01, 0x11, 0xe9, 0x4b, 0xf7, 0xff, 0xfe, 
	0xff, 0xfe, 0xff, 0xff, 0xff, 0xff, 0xff, 0xff, 
	0xff, 0xff, 0xff, 0xff, 0x54, 0xbd, 0x1b, 0x7b, 
	0x11, 0xe9, 0x00, 0x01, 0x21, 0xdd, 0xd6, 0xff, 
	0x6c, 0x31, 0x19, 0xe1, 0xf7, 0xfe, 0xff, 0xfe, 
	0xff, 0xfe, 0xff, 0xfe, 0xff, 0xff, 0xff, 0xff, 
	0xff, 0xff, 0xff, 0xff, 0x23, 0xbb, 0x11, 0xe9, 
	0x00, 0x01, 0x32, 0x61, 0xd6, 0xff, 0x53, 0xab, 
	0x00, 0x01, 0x11, 0xe9, 0x1a, 0xf5, 0xff, 0xfe, 
	0xff, 0xfe, 0xff, 0xff, 0xff, 0xff, 0xff, 0xff, 
	0xff, 0xff, 0xff, 0xff, 0x44, 0x7d, 0x23, 0x7b, 
	0x09, 0xe7, 0x00, 0x01, 0x5b, 0xed, 0xff, 0xff, 
	0xbe, 0x7f, 0x11, 0x9f, 0xf7, 0xbe, 0xff, 0xfe, 
	0xff, 0xfe, 0xff, 0xfe, 0xff, 0xff, 0xff, 0xff, 
	0xff, 0xff, 0xff, 0xff, 0x23, 0xbb, 0x11, 0xe9, 
	0x00, 0x01, 0x74, 0x71, 0xff, 0xff, 0xa5, 0xfb, 
	0x00, 0x01, 0x11, 0x9f, 0x11, 0xe9, 0xff, 0xfe, 
	0xff, 0xfe, 0xff, 0xff, 0xff, 0xff, 0xff, 0xff, 
	0xff, 0xff, 0xff, 0xff, 0x54, 0xbf, 0x1b, 0x7b, 
	0x11, 0xe9, 0x00, 0x01, 0x19, 0x9b, 0xbe, 0x7f, 
	0x5b, 0xed, 0x19, 0xe1, 0xf7, 0xfe, 0xff, 0xfe, 
	0xff, 0xfe, 0xff, 0xfe, 0xff, 0xff, 0xff, 0xff, 
	0xff, 0xff, 0xff, 0xff, 0x23, 0xbb, 0x11, 0xe9, 
	0x00, 0x01, 0x2a, 0x1f, 0xbe, 0x7f, 0x4b, 0x69, 
	0x00, 0x01, 0x11, 0xa1, 0x22, 0xef, 0xff, 0xfe, 
	0xff, 0xfe, 0xff, 0xff, 0xff, 0xff, 0xff, 0xff, 
	0xff, 0xff, 0xff, 0xff, 0x6d, 0x3f, 0x1b, 0x7b, 
	0x12, 0x2b, 0x00, 0x01, 0x00, 0x01, 0x00, 0x01, 
	0x00, 0x01, 0x2a, 0xa9, 0xff, 0xfe, 0xff, 0xfe, 
	0xff, 0xfe, 0xff, 0xfe, 0xff, 0xff, 0xff, 0xff, 
	0xff, 0xff, 0xff, 0xff, 0x23, 0xbb, 0x11, 0xe9, 
	0x08, 0x43, 0x00, 0x01, 0x00, 0x47, 0x00, 0x01, 
	0x00, 0x01, 0x11, 0xe3, 0x22, 0xef, 0xff, 0xfe, 
	0xff, 0xfe, 0xff, 0xfe, 0xff, 0xff, 0xff, 0xff, 
	0xff, 0xff, 0xff, 0xff, 0x7d, 0x7f, 0x1b, 0x7b, 
	0x1a, 0xf3, 0x00, 0x05, 0x00, 0x01, 0x00, 0x01, 
	0x00, 0x01, 0x53, 0xf3, 0xff, 0xfe, 0xff, 0xfe, 
	0xff, 0xfe, 0xff, 0xfe, 0xff, 0xff, 0xff, 0xff, 
	0xff, 0xff, 0xff, 0xff, 0x9d, 0xfd, 0x23, 0xbb, 
	0x11, 0xe9, 0x00, 0x01, 0x00, 0x01, 0x00, 0x01, 
	0x00, 0x01, 0x22, 0xef, 0x6d, 0x3f, 0xff, 0xfe, 
	0xff, 0xfe, 0xff, 0xfe, 0xff, 0xff, 0xff, 0xff, 
	0xff, 0xff, 0xff, 0xff, 0xa6, 0x7f, 0x1b, 0x7b, 
	0x23, 0x79, 0x00, 0xd9, 0x00, 0x01, 0x00, 0x01, 
	0x00, 0x01, 0x85, 0xbd, 0xff, 0xfe, 0xff, 0xfe, 
	0xff, 0xfe, 0xff, 0xfe, 0xff, 0xfe, 0xff, 0xff, 
	0xff, 0xff, 0xff, 0xff, 0xff, 0xff, 0x23, 0xbb, 
	0x1a, 0xf5, 0x00, 0x01, 0x00, 0x01, 0x00, 0x01, 
	0x00, 0x05, 0x5c, 0xbd, 0xff, 0xfe, 0xff, 0xfe, 
	0xff, 0xfe, 0xff, 0xfe, 0xff, 0xff, 0xff, 0xff, 
	0xff, 0xff, 0xff, 0xff, 0xe7, 0x7f, 0x2b, 0xbb, 
	0x23, 0xbb, 0x12, 0x6f, 0x00, 0x01, 0x00, 0x01, 
	0x11, 0xe9, 0xcf, 0x3e, 0xff, 0xfe, 0xff, 0xfe, 
	0xff, 0xfe, 0xff, 0xfe, 0xff, 0xfe, 0xff, 0xff, 
	0xff, 0xff, 0xff, 0xff, 0xff, 0xff, 0x3b, 0xf9, 
	0x23, 0xbb, 0x11, 0xe9, 0x00, 0x07, 0x00, 0x01, 
	0x12, 0x6d, 0x4b, 0xf7, 0xff, 0xfe, 0xff, 0xfe, 
	0xff, 0xfe, 0xff, 0xfe, 0xff, 0xfe, 0xff, 0xff, 
	0xff, 0xff, 0xff, 0xff, 0xff, 0xff, 0x6d, 0x3f, 
	0x1b, 0x39, 0x23, 0xbb, 0x1a, 0xb3, 0x12, 0x71, 
	0x4c, 0x7d, 0xff, 0xfe, 0xff, 0xfe, 0xff, 0xfe, 
	0xff, 0xfe, 0xff, 0xfe, 0xff, 0xfe, 0xff, 0xff, 
	0xff, 0xff, 0xff, 0xff, 0xff, 0xff, 0x6c, 0xfb, 
	0x3b, 0xf9, 0x1a, 0xf5, 0x11, 0xe3, 0x11, 0xe1, 
	0x33, 0xfb, 0xef, 0xbf, 0xff, 0xfe, 0xff, 0xfe, 
	0xff, 0xfe, 0xff, 0xfe, 0xff, 0xfe, 0xff, 0xff, 
	0xff, 0xff, 0xff, 0xff, 0xff, 0xff, 0xdf, 0x7f, 
	0x2b, 0xbb, 0x13, 0x39, 0x1b, 0x7b, 0x23, 0x7b, 
	0xb6, 0xbe, 0xff, 0xfe, 0xff, 0xfe, 0xff, 0xfe, 
	0xff, 0xfe, 0xff, 0xfe, 0xff, 0xfe, 0xff, 0xfe, 
	0xff, 0xff, 0xf7, 0xff, 0xff, 0xff, 0xb6, 0xbf, 
	0x4c, 0x3b, 0x33, 0xb7, 0x1b, 0x79, 0x3b, 0xfb, 
	0xa6, 0x7f, 0xff, 0xfe, 0xff, 0xfe, 0xff, 0xfe, 
	0xff, 0xfe, 0xff, 0xfe, 0xff, 0xfe, 0xff, 0xfe, 
	0xff, 0xff, 0xff, 0xff, 0xff, 0xff, 0xff, 0xff, 
	0xc6, 0xff, 0x54, 0xbf, 0x4c, 0xbd, 0xb6, 0xbf, 
	0xff, 0xfe, 0xff, 0xfe, 0xff, 0xfe, 0xff, 0xfe, 
	0xff, 0xfe, 0xff, 0xfe, 0xff, 0xfe, 0xff, 0xfe, 
	0xff, 0xff, 0xff, 0xff, 0xff, 0xff, 0xff, 0xff, 
	0xd7, 0x3f, 0x4c, 0x7d, 0x6c, 0xfd, 0x9e, 0x3f, 
	0xff, 0xff, 0xff, 0xfe, 0xff, 0xfe, 0xff, 0xfe, 
	0xff, 0xfe, 0xff, 0xfe, 0xff, 0xfe, 0xff, 0xfe, 
	0xff, 0xff, 0xff, 0xff, 0xff, 0xff, 0xff, 0xff, 
	0xff, 0xff, 0xff, 0xff, 0xff, 0xff, 0xff, 0xfe, 
	0xff, 0xfe, 0xff, 0xfe, 0xff, 0xfe, 0xff, 0xfe, 
	0xff, 0xfe, 0xff, 0xfe, 0xff, 0xfe, 0xff, 0xfe, 
	0xff, 0xfe, 0xff, 0xff, 0xff, 0xff, 0xff, 0xff, 
	0xff, 0xff, 0xf7, 0xff, 0xff, 0xff, 0xff, 0xff, 
	0xff, 0xfe, 0xff, 0xfe, 0xff, 0xfe, 0xff, 0xfe, 
	0xff, 0xfe, 0xff, 0xfe, 0xff, 0xfe, 0xff, 0xfe, 
	0xff, 0xfe, 0xff, 0xfe, 0xff, 0xff, 0xff, 0xff, 
	0xff, 0xff, 0xff, 0xff, 0xff, 0xfe, 0xff, 0xfe, 
	0xff, 0xfe, 0xff, 0xfe, 0xff, 0xfe, 0xff, 0xfe, 
	0xff, 0xfe, 0xff, 0xfe, 0xff, 0xfe, 0xff, 0xfe, 
	0xff, 0xfe, 0xff, 0xfe, 0xff, 0xfe, 0xff, 0xff, 
	0xff, 0xff, 0xff, 0xff, 0xff, 0xfe, 0xff, 0xfe, 
	0xff, 0xfe, 0xff, 0xfe, 0xff, 0xfe, 0xff, 0xfe, 
	0xff, 0xfe, 0xff, 0xfe, 0xff, 0xfe, 0xff, 0xfe, 
	0xff, 0xfe, 0xff, 0xfe, 0xff, 0xfe, 0xff, 0xfe, 
	0xff, 0xfe, 0xff, 0xfe, 0xff, 0xfe, 0xff, 0xfe, 
	0xff, 0xfe, 0xff, 0xfe, 0xff, 0xfe, 0xff, 0xfe, 
	0xff, 0xfe, 0xff, 0xfe, 0xff, 0xfe, 0xff, 0xfe, 
	0xff, 0xfe, 0xff, 0xfe, 0xff, 0xfe, 0xff, 0xfe, 
	0xff, 0xfe, 0xff, 0xfe, 0xff, 0xfe, 0xff, 0xfe, 
	0xff, 0xfe, 0xff, 0xfe, 0xff, 0xfe, 0xff, 0xfe, 
	
};

Gfx mario_mario_eyes_up_unused_rgba16_rgba16_aligner[] = {gsSPEndDisplayList()};
u8 mario_mario_eyes_up_unused_rgba16_rgba16[] = {
	0xff, 0xfe, 0xff, 0xfe, 0xff, 0xfe, 0xff, 0xfe, 
	0xff, 0xfe, 0xff, 0xfe, 0xff, 0xfe, 0xff, 0xfe, 
	0xff, 0xfe, 0xff, 0xfe, 0xff, 0xfe, 0xff, 0xfe, 
	0xff, 0xfe, 0xff, 0xfe, 0xff, 0xfe, 0xff, 0xfe, 
	0xff, 0xfe, 0xff, 0xfe, 0xff, 0xfe, 0xff, 0xfe, 
	0xff, 0xfe, 0xff, 0xfe, 0xff, 0xfe, 0xff, 0xfe, 
	0xff, 0xfe, 0xff, 0xfe, 0xff, 0xfe, 0xff, 0xfe, 
	0xff, 0xfe, 0xff, 0xfe, 0xff, 0xfe, 0xff, 0xfe, 
	0xff, 0xfe, 0xff, 0xfe, 0xff, 0xfe, 0xff, 0xfe, 
	0xff, 0xfe, 0xff, 0xfe, 0xff, 0xfe, 0xff, 0xfe, 
	0xff, 0xfe, 0xff, 0xfe, 0xff, 0xfe, 0xff, 0xfe, 
	0xff, 0xfe, 0xff, 0xfe, 0xff, 0xfe, 0xff, 0xfe, 
	0xff, 0xfe, 0xff, 0xfe, 0xff, 0xfe, 0xff, 0xfe, 
	0xff, 0xfe, 0xff, 0xfe, 0xff, 0xfe, 0xff, 0xfe, 
	0xff, 0xfe, 0xff, 0xfe, 0xff, 0xfe, 0xff, 0xfe, 
	0xff, 0xfe, 0xff, 0xfe, 0xff, 0xfe, 0xff, 0xfe, 
	0xff, 0xfe, 0xff, 0xfe, 0xff, 0xfe, 0xff, 0xfe, 
	0xff, 0xfe, 0xff, 0xfe, 0xff, 0xfe, 0xff, 0xfe, 
	0xff, 0xfe, 0xff, 0xfe, 0xff, 0xfe, 0xff, 0xfe, 
	0xff, 0xfe, 0xff, 0xfe, 0xff, 0xfe, 0xff, 0xfe, 
	0xff, 0xfe, 0xff, 0xfe, 0xff, 0xfe, 0xff, 0xfe, 
	0xff, 0xfe, 0xff, 0xfe, 0xff, 0xfe, 0xff, 0xfe, 
	0xff, 0xfe, 0xff, 0xfe, 0xff, 0xfe, 0xff, 0xfe, 
	0xff, 0xfe, 0xff, 0xfe, 0xff, 0xfe, 0xff, 0xfe, 
	0xff, 0xfe, 0xff, 0xfe, 0xff, 0xfe, 0xff, 0xfe, 
	0xff, 0xfe, 0xff, 0xfe, 0xff, 0xfe, 0xff, 0xfe, 
	0xff, 0xfe, 0xff, 0xfe, 0xff, 0xfe, 0xff, 0xfe, 
	0xff, 0xfe, 0xff, 0xfe, 0xff, 0xfe, 0xff, 0xfe, 
	0xff, 0xfe, 0xff, 0xfe, 0xff, 0xfe, 0xff, 0xfe, 
	0xff, 0xfe, 0xff, 0xfe, 0xff, 0xfe, 0xff, 0xfe, 
	0xff, 0xfe, 0xff, 0xfe, 0xff, 0xfe, 0xff, 0xfe, 
	0xff, 0xfe, 0xff, 0xfe, 0xff, 0xfe, 0xff, 0xfe, 
	0xff, 0xfe, 0xff, 0xfe, 0xff, 0xfe, 0x08, 0x02, 
	0x08, 0x02, 0x08, 0x02, 0x08, 0x02, 0x08, 0x02, 
	0x08, 0x02, 0x08, 0x02, 0xff, 0xfe, 0xff, 0xfe, 
	0xff, 0xfe, 0xff, 0xfe, 0xff, 0xfe, 0xff, 0xfe, 
	0xff, 0xfe, 0xff, 0xfe, 0xff, 0xfe, 0xff, 0xfe, 
	0xff, 0xfe, 0xff, 0xfe, 0x08, 0x02, 0x08, 0x02, 
	0x08, 0x02, 0x08, 0x02, 0x08, 0x02, 0x08, 0x02, 
	0x08, 0x02, 0xff, 0xfe, 0xff, 0xfe, 0xff, 0xfe, 
	0xff, 0xfe, 0xff, 0xfe, 0x08, 0x02, 0x08, 0x02, 
	0x18, 0x87, 0x00, 0x01, 0x08, 0x03, 0x08, 0x01, 
	0x10, 0x43, 0x08, 0x02, 0x08, 0x02, 0xff, 0xfe, 
	0xff, 0xfe, 0xff, 0xfe, 0xff, 0xfe, 0xff, 0xfe, 
	0xff, 0xfe, 0xff, 0xfe, 0xff, 0xfe, 0xff, 0xfe, 
	0xff, 0xfe, 0x08, 0x02, 0x08, 0x02, 0x08, 0x43, 
	0x08, 0x01, 0x08, 0x03, 0x00, 0x01, 0x18, 0x87, 
	0x08, 0x02, 0x08, 0x02, 0xff, 0xfe, 0xff, 0xfe, 
	0xff, 0xfe, 0x08, 0x02, 0x08, 0x02, 0x08, 0x43, 
	0x08, 0x03, 0x08, 0x03, 0x08, 0x03, 0x08, 0x03, 
	0x08, 0x43, 0x08, 0x03, 0x08, 0x02, 0x08, 0x02, 
	0xff, 0xfe, 0xff, 0xfe, 0xff, 0xfe, 0xff, 0xfe, 
	0xff, 0xfe, 0xff, 0xfe, 0xff, 0xfe, 0xff, 0xfe, 
	0x08, 0x02, 0x08, 0x02, 0x08, 0x01, 0x08, 0x43, 
	0x08, 0x01, 0x08, 0x03, 0x08, 0x01, 0x08, 0x03, 
	0x10, 0x45, 0x08, 0x02, 0x08, 0x02, 0xff, 0xfe, 
	0xff, 0xfe, 0x08, 0x02, 0x29, 0x4b, 0x00, 0x01, 
	0x41, 0xcf, 0x08, 0x02, 0x08, 0x02, 0x08, 0x02, 
	0x31, 0x8d, 0x00, 0x01, 0x20, 0xc9, 0x08, 0x02, 
	0xff, 0xfe, 0xff, 0xfe, 0xff, 0xfe, 0xff, 0xfe, 
	0xff, 0xfe, 0xff, 0xfe, 0xff, 0xfe, 0xff, 0xfe, 
	0x08, 0x02, 0x18, 0x85, 0x08, 0x01, 0x39, 0x8f, 
	0x08, 0x02, 0x08, 0x02, 0x08, 0x02, 0x41, 0xcf, 
	0x00, 0x01, 0x39, 0x8f, 0x08, 0x02, 0xff, 0xfe, 
	0xff, 0xfe, 0x08, 0x02, 0x08, 0x03, 0x08, 0x02, 
	0x08, 0x02, 0x08, 0x02, 0xff, 0xfe, 0x08, 0x02, 
	0x08, 0x02, 0x08, 0x02, 0x08, 0x03, 0x08, 0x02, 
	0xff, 0xfe, 0xff, 0xfe, 0xff, 0xfe, 0xff, 0xfe, 
	0xff, 0xfe, 0xff, 0xfe, 0xff, 0xfe, 0xff, 0xfe, 
	0x08, 0x02, 0x20, 0xc7, 0x08, 0x02, 0x08, 0x02, 
	0x08, 0x02, 0xff, 0xfe, 0x08, 0x02, 0x08, 0x02, 
	0x08, 0x02, 0x18, 0x87, 0x08, 0x02, 0xff, 0xfe, 
	0xff, 0xfe, 0x08, 0x02, 0x08, 0x02, 0xff, 0xfe, 
	0xff, 0xfe, 0x5c, 0xfe, 0x1b, 0x38, 0x23, 0xba, 
	0x23, 0x36, 0x12, 0xf6, 0x4c, 0xbe, 0xff, 0xfe, 
	0xff, 0xfe, 0xff, 0xfe, 0xff, 0xfe, 0xff, 0xfe, 
	0xff, 0xfe, 0xff, 0xfe, 0xff, 0xfe, 0xff, 0xfe, 
	0xff, 0xfe, 0x85, 0xbe, 0x12, 0xf6, 0x1b, 0x34, 
	0x23, 0xba, 0x1b, 0x7a, 0x33, 0xfa, 0xe7, 0xbe, 
	0x08, 0x02, 0x08, 0x02, 0x08, 0x02, 0xff, 0xfe, 
	0xff, 0xfe, 0xff, 0xfe, 0xff, 0xfe, 0xff, 0xfe, 
	0xdf, 0x7e, 0x2b, 0xba, 0x23, 0xbb, 0x1a, 0xf5, 
	0x00, 0x93, 0x00, 0x52, 0x1a, 0xb0, 0xd7, 0x3e, 
	0xff, 0xfe, 0xff, 0xfe, 0xff, 0xfe, 0xff, 0xfe, 
	0xff, 0xfe, 0xff, 0xfe, 0xff, 0xfe, 0xff, 0xfe, 
	0xf7, 0xfe, 0x3b, 0xf6, 0x00, 0xd8, 0x00, 0x4b, 
	0x12, 0x6d, 0x23, 0xbb, 0x1b, 0x78, 0xae, 0x7e, 
	0xff, 0xfe, 0xff, 0xfe, 0xff, 0xfe, 0xff, 0xfe, 
	0xff, 0xfe, 0xff, 0xfe, 0xff, 0xfe, 0xff, 0xfe, 
	0x9e, 0x3e, 0x1b, 0x7b, 0x23, 0xbb, 0x09, 0x1d, 
	0x00, 0x01, 0x00, 0x01, 0x00, 0x0b, 0x8d, 0xbe, 
	0xff, 0xfe, 0xff, 0xfe, 0xff, 0xfe, 0xff, 0xfe, 
	0xff, 0xfe, 0xff, 0xfe, 0xff, 0xfe, 0xff, 0xfe, 
	0xc6, 0xfe, 0x01, 0x1c, 0x00, 0x01, 0x00, 0x01, 
	0x00, 0x4f, 0x1b, 0x37, 0x1b, 0x7b, 0x6d, 0x3f, 
	0xff, 0xfe, 0xff, 0xfe, 0xff, 0xfe, 0xff, 0xfe, 
	0xff, 0xfe, 0xff, 0xfe, 0xff, 0xfe, 0xff, 0xfe, 
	0x7d, 0x7f, 0x1b, 0x7b, 0x1b, 0x35, 0x00, 0x05, 
	0x00, 0x01, 0x00, 0x01, 0x00, 0x01, 0x5c, 0x35, 
	0xff, 0xfe, 0xff, 0xfe, 0xff, 0xfe, 0xff, 0xfe, 
	0xff, 0xfe, 0xff, 0xfe, 0xff, 0xfe, 0xff, 0xfe, 
	0x95, 0xbc, 0x00, 0x01, 0x00, 0x01, 0x00, 0x01, 
	0x00, 0x01, 0x12, 0x2b, 0x23, 0xbb, 0x44, 0x7d, 
	0xff, 0xff, 0xff, 0xfe, 0xff, 0xfe, 0xff, 0xfe, 
	0xff, 0xfe, 0xff, 0xfe, 0xff, 0xfe, 0xff, 0xff, 
	0x65, 0x3f, 0x1b, 0x7b, 0x12, 0x2d, 0x00, 0x01, 
	0x00, 0x01, 0x00, 0x8d, 0x00, 0x01, 0x32, 0xe9, 
	0xff, 0xfe, 0xff, 0xfe, 0xff, 0xfe, 0xff, 0xfe, 
	0xff, 0xfe, 0xff, 0xfe, 0xff, 0xfe, 0xff, 0xfe, 
	0x6c, 0xb5, 0x00, 0x01, 0x00, 0x8f, 0x00, 0x01, 
	0x00, 0x01, 0x09, 0x63, 0x23, 0x7b, 0x33, 0xfd, 
	0xf7, 0xff, 0xff, 0xfe, 0xff, 0xfe, 0xff, 0xfe, 
	0xff, 0xfe, 0xff, 0xfe, 0xff, 0xfe, 0xff, 0xff, 
	0x54, 0xbd, 0x1b, 0x7b, 0x11, 0xe9, 0x00, 0x01, 
	0x21, 0xdd, 0xd6, 0xff, 0x6c, 0x31, 0x19, 0xe1, 
	0xf7, 0xff, 0xff, 0xfe, 0xff, 0xfe, 0xff, 0xfe, 
	0xff, 0xfe, 0xff, 0xfe, 0xff, 0xfe, 0xff, 0xff, 
	0x53, 0xef, 0x32, 0x61, 0xd6, 0xff, 0x53, 0xab, 
	0x00, 0x01, 0x09, 0x1d, 0x23, 0x7b, 0x2b, 0xbb, 
	0xe7, 0x7f, 0xff, 0xff, 0xff, 0xfe, 0xff, 0xfe, 
	0xff, 0xfe, 0xff, 0xfe, 0xff, 0xff, 0xff, 0xff, 
	0x44, 0x7d, 0x23, 0x7b, 0x09, 0xe7, 0x00, 0x01, 
	0x5b, 0xed, 0xff, 0xff, 0xbe, 0x7f, 0x11, 0x9f, 
	0xf7, 0xbf, 0xff, 0xfe, 0xff, 0xfe, 0xff, 0xfe, 
	0xff, 0xfe, 0xff, 0xfe, 0xff, 0xfe, 0xff, 0xff, 
	0x43, 0x2b, 0x74, 0x71, 0xff, 0xff, 0xa5, 0xfb, 
	0x00, 0x01, 0x00, 0xd9, 0x23, 0x79, 0x2b, 0xbb, 
	0xdf, 0x7f, 0xff, 0xff, 0xff, 0xfe, 0xff, 0xfe, 
	0xff, 0xfe, 0xff, 0xfe, 0xff, 0xff, 0xff, 0xff, 
	0x54, 0xbf, 0x1b, 0x7b, 0x11, 0xe9, 0x00, 0x01, 
	0x19, 0x9b, 0xbe, 0x7f, 0x5b, 0xed, 0x19, 0xe1, 
	0xf7, 0xff, 0xff, 0xff, 0xff, 0xfe, 0xff, 0xfe, 
	0xff, 0xfe, 0xff, 0xfe, 0xff, 0xfe, 0xff, 0xff, 
	0x4b, 0xaf, 0x2a, 0x1f, 0xbe, 0x7f, 0x4b, 0x69, 
	0x00, 0x01, 0x01, 0x1d, 0x23, 0x79, 0x2b, 0xfb, 
	0xef, 0xbf, 0xff, 0xff, 0xff, 0xfe, 0xff, 0xfe, 
	0xff, 0xfe, 0xff, 0xfe, 0xff, 0xff, 0xff, 0xff, 
	0x6d, 0x3f, 0x1b, 0x7b, 0x12, 0x2b, 0x00, 0x01, 
	0x00, 0x01, 0x00, 0x01, 0x00, 0x01, 0x2a, 0xa9, 
	0xff, 0xff, 0xff, 0xff, 0xff, 0xfe, 0xff, 0xfe, 
	0xff, 0xfe, 0xff, 0xfe, 0xff, 0xff, 0xff, 0xff, 
	0x64, 0x75, 0x00, 0x01, 0x00, 0x05, 0x00, 0x01, 
	0x00, 0x01, 0x09, 0x61, 0x23, 0x7b, 0x33, 0xfd, 
	0xf7, 0xff, 0xff, 0xff, 0xff, 0xff, 0xff, 0xfe, 
	0xff, 0xfe, 0xff, 0xff, 0xff, 0xff, 0xff, 0xff, 
	0x7d, 0x7f, 0x1b, 0x7b, 0x1a, 0xf3, 0x00, 0x05, 
	0x00, 0x01, 0x00, 0x01, 0x00, 0x01, 0x53, 0xf3, 
	0xff, 0xff, 0xff, 0xff, 0xff, 0xfe, 0xff, 0xfe, 
	0xff, 0xfe, 0xff, 0xfe, 0xff, 0xff, 0xff, 0xff, 
	0x8d, 0x7d, 0x00, 0x01, 0x00, 0x01, 0x00, 0x01, 
	0x00, 0x01, 0x12, 0x29, 0x1b, 0xbb, 0x4c, 0x7d, 
	0xff, 0xff, 0xff, 0xff, 0xff, 0xff, 0xff, 0xfe, 
	0xff, 0xfe, 0xff, 0xff, 0xff, 0xff, 0xff, 0xff, 
	0xa6, 0x7f, 0x1b, 0x7b, 0x23, 0x79, 0x00, 0xd9, 
	0x00, 0x01, 0x00, 0x01, 0x00, 0x01, 0x85, 0xbd, 
	0xff, 0xff, 0xff, 0xff, 0xff, 0xfe, 0xff, 0xfe, 
	0xff, 0xfe, 0xff, 0xfe, 0xff, 0xff, 0xff, 0xff, 
	0xbe, 0xbf, 0x00, 0xd9, 0x00, 0x01, 0x00, 0x01, 
	0x00, 0x05, 0x1a, 0xf5, 0x1b, 0x7b, 0x75, 0x7f, 
	0xff, 0xff, 0xff, 0xff, 0xff, 0xff, 0xff, 0xfe, 
	0xff, 0xfe, 0xff, 0xff, 0xff, 0xff, 0xff, 0xff, 
	0xe7, 0x7f, 0x2b, 0xbb, 0x23, 0xbb, 0x12, 0x6f, 
	0x00, 0x01, 0x00, 0x01, 0x11, 0xe9, 0xcf, 0x3f, 
	0xff, 0xff, 0xff, 0xff, 0xff, 0xfe, 0xff, 0xfe, 
	0xff, 0xfe, 0xff, 0xfe, 0xff, 0xff, 0xff, 0xff, 
	0xf7, 0xff, 0x2b, 0x75, 0x00, 0x0b, 0x00, 0x01, 
	0x09, 0xe7, 0x23, 0xbb, 0x1b, 0x7b, 0xb6, 0xbf, 
	0xff, 0xff, 0xff, 0xff, 0xff, 0xff, 0xff, 0xfe, 
	0xff, 0xfe, 0xff, 0xff, 0xff, 0xff, 0xff, 0xff, 
	0xff, 0xff, 0x6d, 0x3f, 0x1b, 0x39, 0x23, 0xbb, 
	0x1a, 0xb3, 0x12, 0x71, 0x4c, 0x7d, 0xff, 0xff, 
	0xff, 0xff, 0xff, 0xff, 0xff, 0xfe, 0xff, 0xfe, 
	0xff, 0xfe, 0xff, 0xfe, 0xff, 0xff, 0xff, 0xff, 
	0xff, 0xff, 0x7d, 0x7f, 0x0a, 0x73, 0x12, 0xaf, 
	0x23, 0x79, 0x1b, 0x7b, 0x3c, 0x3d, 0xef, 0xbf, 
	0xff, 0xff, 0xff, 0xff, 0xff, 0xff, 0xff, 0xfe, 
	0xff, 0xfe, 0xff, 0xff, 0xff, 0xff, 0xff, 0xff, 
	0xff, 0xff, 0xff, 0xff, 0x2b, 0xbb, 0x13, 0x39, 
	0x1b, 0x7b, 0x23, 0x7b, 0xff, 0xff, 0xff, 0xff, 
	0xff, 0xff, 0xff, 0xff, 0xff, 0xfe, 0xff, 0xfe, 
	0xff, 0xfe, 0xff, 0xfe, 0xff, 0xff, 0xff, 0xff, 
	0xff, 0xff, 0xff, 0xff, 0x3c, 0x3d, 0x13, 0x7b, 
	0x1b, 0x7b, 0x13, 0x39, 0xff, 0xff, 0xff, 0xff, 
	0xff, 0xff, 0xff, 0xff, 0xff, 0xff, 0xff, 0xfe, 
	0xff, 0xfe, 0xff, 0xfe, 0xff, 0xff, 0xff, 0xff, 
	0xff, 0xff, 0xff, 0xff, 0xff, 0xff, 0xff, 0xff, 
	0xff, 0xff, 0xff, 0xff, 0xff, 0xff, 0xff, 0xff, 
	0xff, 0xff, 0xff, 0xff, 0xff, 0xfe, 0xff, 0xfe, 
	0xff, 0xfe, 0xff, 0xfe, 0xff, 0xff, 0xff, 0xff, 
	0xff, 0xff, 0xff, 0xff, 0xff, 0xff, 0xff, 0xff, 
	0xff, 0xff, 0xff, 0xff, 0xff, 0xff, 0xff, 0xff, 
	0xff, 0xff, 0xff, 0xff, 0xff, 0xff, 0xff, 0xfe, 
	0xff, 0xfe, 0xff, 0xfe, 0xff, 0xff, 0xff, 0xff, 
	0xff, 0xff, 0xff, 0xff, 0xff, 0xff, 0xff, 0xff, 
	0xff, 0xff, 0xff, 0xff, 0xff, 0xff, 0xff, 0xff, 
	0xff, 0xff, 0xff, 0xff, 0xff, 0xfe, 0xff, 0xfe, 
	0xff, 0xfe, 0xff, 0xfe, 0xff, 0xfe, 0xff, 0xff, 
	0xff, 0xff, 0xff, 0xff, 0xff, 0xff, 0xff, 0xff, 
	0xff, 0xff, 0xff, 0xff, 0xff, 0xff, 0xff, 0xff, 
	0xff, 0xff, 0xff, 0xff, 0xff, 0xfe, 0xff, 0xfe, 
	0xff, 0xfe, 0xff, 0xfe, 0xff, 0xff, 0xff, 0xff, 
	0xff, 0xff, 0xff, 0xff, 0xff, 0xff, 0xff, 0xff, 
	0xff, 0xff, 0xff, 0xff, 0xff, 0xff, 0xff, 0xff, 
	0xff, 0xff, 0xff, 0xfe, 0xff, 0xfe, 0xff, 0xfe, 
	0xff, 0xfe, 0xff, 0xfe, 0xff, 0xfe, 0xff, 0xff, 
	0xff, 0xff, 0xff, 0xff, 0xff, 0xff, 0xff, 0xff, 
	0xff, 0xff, 0xff, 0xff, 0xff, 0xff, 0xff, 0xff, 
	0xff, 0xff, 0xff, 0xff, 0xff, 0xfe, 0xff, 0xfe, 
	0xff, 0xfe, 0xff, 0xfe, 0xff, 0xfe, 0xff, 0xff, 
	0xff, 0xff, 0xff, 0xff, 0xff, 0xff, 0xff, 0xff, 
	0xff, 0xff, 0xff, 0xff, 0xff, 0xff, 0xff, 0xff, 
	0xff, 0xff, 0xff, 0xfe, 0xff, 0xfe, 0xff, 0xfe, 
	0xff, 0xfe, 0xff, 0xfe, 0xff, 0xfe, 0xff, 0xff, 
	0xff, 0xff, 0xff, 0xff, 0xff, 0xff, 0xff, 0xff, 
	0xff, 0xff, 0xff, 0xff, 0xff, 0xff, 0xff, 0xff, 
	0xff, 0xff, 0xff, 0xff, 0xff, 0xfe, 0xff, 0xfe, 
	0xff, 0xfe, 0xff, 0xfe, 0xff, 0xfe, 0xff, 0xff, 
	0xff, 0xff, 0xff, 0xff, 0xff, 0xff, 0xff, 0xff, 
	0xff, 0xff, 0xff, 0xff, 0xff, 0xff, 0xff, 0xff, 
	0xff, 0xfe, 0xff, 0xfe, 0xff, 0xfe, 0xff, 0xfe, 
	0xff, 0xfe, 0xff, 0xfe, 0xff, 0xfe, 0xff, 0xfe, 
	0xff, 0xff, 0xff, 0xff, 0xff, 0xff, 0xff, 0xff, 
	0xff, 0xff, 0xff, 0xff, 0xff, 0xff, 0xff, 0xff, 
	0xff, 0xff, 0xff, 0xfe, 0xff, 0xfe, 0xff, 0xfe, 
	0xff, 0xfe, 0xff, 0xfe, 0xff, 0xfe, 0xff, 0xfe, 
	0xff, 0xff, 0xff, 0xff, 0xff, 0xff, 0xff, 0xff, 
	0xff, 0xff, 0xff, 0xff, 0xff, 0xff, 0xff, 0xff, 
	0xff, 0xfe, 0xff, 0xfe, 0xff, 0xfe, 0xff, 0xfe, 
	0xff, 0xfe, 0xff, 0xfe, 0xff, 0xfe, 0xff, 0xfe, 
	0xff, 0xff, 0xff, 0xff, 0xff, 0xff, 0xff, 0xff, 
	0xff, 0xff, 0xff, 0xff, 0xff, 0xff, 0xff, 0xff, 
	0xff, 0xff, 0xff, 0xfe, 0xff, 0xfe, 0xff, 0xfe, 
	0xff, 0xfe, 0xff, 0xfe, 0xff, 0xfe, 0xff, 0xfe, 
	0xff, 0xff, 0xff, 0xff, 0xff, 0xff, 0xff, 0xff, 
	0xff, 0xff, 0xff, 0xff, 0xff, 0xff, 0xff, 0xfe, 
	0xff, 0xfe, 0xff, 0xfe, 0xff, 0xfe, 0xff, 0xfe, 
	0xff, 0xfe, 0xff, 0xfe, 0xff, 0xfe, 0xff, 0xfe, 
	0xff, 0xfe, 0xff, 0xff, 0xff, 0xff, 0xff, 0xff, 
	0xff, 0xff, 0xff, 0xff, 0xff, 0xff, 0xff, 0xff, 
	0xff, 0xfe, 0xff, 0xfe, 0xff, 0xfe, 0xff, 0xfe, 
	0xff, 0xfe, 0xff, 0xfe, 0xff, 0xfe, 0xff, 0xfe, 
	0xff, 0xfe, 0xff, 0xfe, 0xff, 0xff, 0xff, 0xff, 
	0xff, 0xff, 0xff, 0xff, 0xff, 0xfe, 0xff, 0xfe, 
	0xff, 0xfe, 0xff, 0xfe, 0xff, 0xfe, 0xff, 0xfe, 
	0xff, 0xfe, 0xff, 0xfe, 0xff, 0xfe, 0xff, 0xfe, 
	0xff, 0xfe, 0xff, 0xfe, 0xff, 0xfe, 0xff, 0xff, 
	0xff, 0xff, 0xff, 0xff, 0xff, 0xfe, 0xff, 0xfe, 
	0xff, 0xfe, 0xff, 0xfe, 0xff, 0xfe, 0xff, 0xfe, 
	0xff, 0xfe, 0xff, 0xfe, 0xff, 0xfe, 0xff, 0xfe, 
	0xff, 0xfe, 0xff, 0xfe, 0xff, 0xfe, 0xff, 0xfe, 
	0xff, 0xfe, 0xff, 0xfe, 0xff, 0xfe, 0xff, 0xfe, 
	0xff, 0xfe, 0xff, 0xfe, 0xff, 0xfe, 0xff, 0xfe, 
	0xff, 0xfe, 0xff, 0xfe, 0xff, 0xfe, 0xff, 0xfe, 
	0xff, 0xfe, 0xff, 0xfe, 0xff, 0xfe, 0xff, 0xfe, 
	0xff, 0xfe, 0xff, 0xfe, 0xff, 0xfe, 0xff, 0xfe, 
	0xff, 0xfe, 0xff, 0xfe, 0xff, 0xfe, 0xff, 0xfe, 
	
};

Gfx mario_mario_eyes_down_unused_rgba16_rgba16_aligner[] = {gsSPEndDisplayList()};
u8 mario_mario_eyes_down_unused_rgba16_rgba16[] = {
	0xff, 0xfe, 0xff, 0xfe, 0xff, 0xfe, 0xff, 0xfe, 
	0xff, 0xfe, 0xff, 0xfe, 0xff, 0xfe, 0xff, 0xfe, 
	0xff, 0xfe, 0xff, 0xfe, 0xff, 0xfe, 0xff, 0xfe, 
	0xff, 0xfe, 0xff, 0xfe, 0xff, 0xfe, 0xff, 0xfe, 
	0xff, 0xfe, 0xff, 0xfe, 0xff, 0xfe, 0xff, 0xfe, 
	0xff, 0xfe, 0xff, 0xfe, 0xff, 0xfe, 0xff, 0xfe, 
	0xff, 0xfe, 0xff, 0xfe, 0xff, 0xfe, 0xff, 0xfe, 
	0xff, 0xfe, 0xff, 0xfe, 0xff, 0xfe, 0xff, 0xfe, 
	0xff, 0xfe, 0xff, 0xfe, 0xff, 0xfe, 0xff, 0xfe, 
	0xff, 0xfe, 0xff, 0xfe, 0xff, 0xfe, 0xff, 0xfe, 
	0xff, 0xfe, 0xff, 0xfe, 0xff, 0xfe, 0xff, 0xfe, 
	0xff, 0xfe, 0xff, 0xfe, 0xff, 0xfe, 0xff, 0xfe, 
	0xff, 0xfe, 0xff, 0xfe, 0xff, 0xfe, 0xff, 0xfe, 
	0xff, 0xfe, 0xff, 0xfe, 0xff, 0xfe, 0xff, 0xfe, 
	0xff, 0xfe, 0xff, 0xfe, 0xff, 0xfe, 0xff, 0xfe, 
	0xff, 0xfe, 0xff, 0xfe, 0xff, 0xfe, 0xff, 0xfe, 
	0xff, 0xfe, 0xff, 0xfe, 0xff, 0xfe, 0xff, 0xfe, 
	0xff, 0xfe, 0xff, 0xfe, 0xff, 0xfe, 0xff, 0xfe, 
	0xff, 0xfe, 0xff, 0xfe, 0xff, 0xfe, 0xff, 0xfe, 
	0xff, 0xfe, 0xff, 0xfe, 0xff, 0xfe, 0xff, 0xfe, 
	0xff, 0xfe, 0xff, 0xfe, 0xff, 0xfe, 0xff, 0xfe, 
	0xff, 0xfe, 0xff, 0xfe, 0xff, 0xfe, 0xff, 0xfe, 
	0xff, 0xfe, 0xff, 0xfe, 0xff, 0xfe, 0xff, 0xfe, 
	0xff, 0xfe, 0xff, 0xfe, 0xff, 0xfe, 0xff, 0xfe, 
	0xff, 0xfe, 0xff, 0xfe, 0xff, 0xfe, 0xff, 0xfe, 
	0xff, 0xfe, 0xff, 0xfe, 0xff, 0xfe, 0xff, 0xfe, 
	0xff, 0xfe, 0xff, 0xfe, 0xff, 0xfe, 0xff, 0xfe, 
	0xff, 0xfe, 0xff, 0xfe, 0xff, 0xfe, 0xff, 0xfe, 
	0xff, 0xfe, 0xff, 0xfe, 0xff, 0xfe, 0xff, 0xfe, 
	0xff, 0xfe, 0xff, 0xfe, 0xff, 0xfe, 0xff, 0xfe, 
	0xff, 0xfe, 0xff, 0xfe, 0xff, 0xfe, 0xff, 0xfe, 
	0xff, 0xfe, 0xff, 0xfe, 0xff, 0xfe, 0xff, 0xfe, 
	0xff, 0xfe, 0x08, 0x02, 0x08, 0x02, 0x08, 0x02, 
	0x08, 0x02, 0x08, 0x02, 0x08, 0x02, 0x08, 0x02, 
	0x08, 0x02, 0x08, 0x02, 0xff, 0xfe, 0xff, 0xfe, 
	0xff, 0xfe, 0xff, 0xfe, 0xff, 0xfe, 0xff, 0xfe, 
	0xff, 0xfe, 0xff, 0xfe, 0xff, 0xfe, 0xff, 0xfe, 
	0xff, 0xfe, 0x08, 0x02, 0x08, 0x02, 0x08, 0x02, 
	0x08, 0x02, 0x08, 0x02, 0x08, 0x02, 0x08, 0x02, 
	0x08, 0x02, 0xff, 0xfe, 0xff, 0xfe, 0xff, 0xfe, 
	0xff, 0xfe, 0x08, 0x02, 0x08, 0x02, 0x08, 0x02, 
	0x18, 0x87, 0x00, 0x01, 0x08, 0x03, 0x08, 0x01, 
	0x08, 0x43, 0x08, 0x02, 0x08, 0x02, 0xff, 0xfe, 
	0xff, 0xfe, 0xff, 0xfe, 0xff, 0xfe, 0xff, 0xfe, 
	0xff, 0xfe, 0xff, 0xfe, 0xff, 0xfe, 0xff, 0xfe, 
	0xff, 0xfe, 0x08, 0x02, 0x08, 0x02, 0x10, 0x43, 
	0x08, 0x01, 0x08, 0x03, 0x00, 0x01, 0x18, 0x87, 
	0x08, 0x02, 0x08, 0x02, 0xff, 0xfe, 0xff, 0xfe, 
	0xff, 0xfe, 0x08, 0x02, 0x08, 0x02, 0x10, 0x45, 
	0x08, 0x03, 0x08, 0x01, 0x08, 0x03, 0x08, 0x01, 
	0x08, 0x43, 0x08, 0x01, 0x08, 0x02, 0x08, 0x02, 
	0xff, 0xfe, 0xff, 0xfe, 0xff, 0xfe, 0xff, 0xfe, 
	0xff, 0xfe, 0xff, 0xfe, 0xff, 0xfe, 0xff, 0xfe, 
	0xff, 0xfe, 0x08, 0x02, 0x08, 0x03, 0x08, 0x43, 
	0x08, 0x03, 0x08, 0x03, 0x08, 0x03, 0x08, 0x03, 
	0x08, 0x43, 0x08, 0x02, 0x08, 0x02, 0xff, 0xfe, 
	0xff, 0xfe, 0x08, 0x02, 0x39, 0x8f, 0x00, 0x01, 
	0x41, 0xcf, 0x08, 0x02, 0x08, 0x02, 0x08, 0x02, 
	0x39, 0x8f, 0x08, 0x01, 0x18, 0x85, 0x08, 0x02, 
	0xff, 0xfe, 0xff, 0xfe, 0xff, 0xfe, 0xff, 0xfe, 
	0xff, 0xfe, 0xff, 0xfe, 0xff, 0xfe, 0xff, 0xfe, 
	0x08, 0x02, 0x20, 0xc9, 0x00, 0x01, 0x31, 0x8d, 
	0x08, 0x02, 0x08, 0x02, 0x08, 0x02, 0x41, 0xcf, 
	0x00, 0x01, 0x29, 0x4b, 0x08, 0x02, 0xff, 0xfe, 
	0xff, 0xfe, 0x08, 0x02, 0x18, 0x87, 0x08, 0x02, 
	0x08, 0x02, 0xff, 0xfe, 0xff, 0xfe, 0xff, 0xfe, 
	0x08, 0x02, 0x08, 0x02, 0x20, 0xc7, 0x08, 0x02, 
	0xff, 0xfe, 0xff, 0xfe, 0xff, 0xfe, 0xff, 0xfe, 
	0xff, 0xfe, 0xff, 0xfe, 0xff, 0xfe, 0xff, 0xfe, 
	0x08, 0x02, 0x18, 0xc7, 0x08, 0x02, 0x08, 0x02, 
	0x08, 0x02, 0xff, 0xfe, 0x08, 0x02, 0x08, 0x02, 
	0x08, 0x02, 0x18, 0xc7, 0x08, 0x02, 0xff, 0xfe, 
	0xff, 0xfe, 0x08, 0x02, 0x08, 0x02, 0x08, 0x02, 
	0xff, 0xfe, 0xff, 0xfe, 0xff, 0xfe, 0xff, 0xfe, 
	0xff, 0xfe, 0x08, 0x02, 0x08, 0x02, 0x08, 0x02, 
	0xff, 0xfe, 0xff, 0xfe, 0xff, 0xfe, 0xff, 0xfe, 
	0xff, 0xfe, 0xff, 0xfe, 0xff, 0xfe, 0xff, 0xfe, 
	0x08, 0x02, 0x08, 0x02, 0x08, 0x02, 0xff, 0xfe, 
	0xff, 0xfe, 0xff, 0xfe, 0xff, 0xfe, 0xff, 0xfe, 
	0x08, 0x02, 0x08, 0x02, 0x08, 0x02, 0xff, 0xfe, 
	0xff, 0xfe, 0xff, 0xfe, 0xff, 0xfe, 0xff, 0xfe, 
	0xff, 0xfe, 0xff, 0xfe, 0xff, 0xff, 0xff, 0xff, 
	0xff, 0xff, 0xff, 0xfe, 0xff, 0xfe, 0xff, 0xfe, 
	0xff, 0xfe, 0xff, 0xfe, 0xff, 0xfe, 0xff, 0xfe, 
	0xff, 0xfe, 0xff, 0xfe, 0xff, 0xfe, 0xff, 0xfe, 
	0xff, 0xfe, 0xff, 0xfe, 0xff, 0xfe, 0xff, 0xff, 
	0xff, 0xff, 0xff, 0xff, 0xff, 0xfe, 0xff, 0xfe, 
	0xff, 0xfe, 0xff, 0xfe, 0xff, 0xfe, 0xff, 0xfe, 
	0xff, 0xfe, 0xff, 0xfe, 0xff, 0xfe, 0xff, 0xfe, 
	0xff, 0xff, 0xff, 0xff, 0xff, 0xff, 0xff, 0xff, 
	0xff, 0xff, 0xff, 0xff, 0xff, 0xfe, 0xff, 0xfe, 
	0xff, 0xfe, 0xff, 0xfe, 0xff, 0xfe, 0xff, 0xfe, 
	0xff, 0xfe, 0xff, 0xfe, 0xff, 0xfe, 0xff, 0xfe, 
	0xff, 0xfe, 0xf7, 0xbf, 0xff, 0xff, 0xff, 0xff, 
	0xff, 0xff, 0xff, 0xff, 0xff, 0xff, 0xff, 0xfe, 
	0xff, 0xfe, 0xff, 0xfe, 0xff, 0xfe, 0xff, 0xfe, 
	0xff, 0xfe, 0xff, 0xfe, 0xff, 0xfe, 0xff, 0xff, 
	0xff, 0xff, 0xff, 0xff, 0xff, 0xff, 0xff, 0xff, 
	0xff, 0xff, 0xff, 0xff, 0xff, 0xff, 0xff, 0xfe, 
	0xff, 0xfe, 0xff, 0xfe, 0xff, 0xfe, 0xff, 0xfe, 
	0xff, 0xfe, 0xff, 0xfe, 0xff, 0xfe, 0xff, 0xfe, 
	0xff, 0xff, 0xff, 0xff, 0xff, 0xff, 0xff, 0xff, 
	0xff, 0xff, 0xff, 0xff, 0xff, 0xff, 0xff, 0xff, 
	0xff, 0xfe, 0xff, 0xfe, 0xff, 0xfe, 0xff, 0xfe, 
	0xff, 0xfe, 0xff, 0xfe, 0xff, 0xfe, 0xff, 0xff, 
	0xff, 0xff, 0xff, 0xff, 0xff, 0xff, 0xff, 0xff, 
	0xff, 0xff, 0xff, 0xff, 0xff, 0xff, 0xff, 0xff, 
	0xff, 0xfe, 0xff, 0xfe, 0xff, 0xfe, 0xff, 0xfe, 
	0xff, 0xfe, 0xff, 0xfe, 0xff, 0xfe, 0xff, 0xfe, 
	0xff, 0xff, 0xff, 0xff, 0xff, 0xff, 0xff, 0xff, 
	0xff, 0xff, 0xff, 0xff, 0xff, 0xff, 0xff, 0xff, 
	0xff, 0xff, 0xff, 0xfe, 0xff, 0xfe, 0xff, 0xfe, 
	0xff, 0xfe, 0xff, 0xfe, 0xff, 0xff, 0xff, 0xff, 
	0xff, 0xff, 0xff, 0xff, 0xff, 0xff, 0xff, 0xff, 
	0xff, 0xff, 0xff, 0xff, 0xff, 0xff, 0xff, 0xff, 
	0xff, 0xff, 0xff, 0xfe, 0xff, 0xfe, 0xff, 0xfe, 
	0xff, 0xfe, 0xff, 0xfe, 0xff, 0xfe, 0xff, 0xff, 
	0xff, 0xff, 0xff, 0xff, 0xff, 0xff, 0xff, 0xff, 
	0xff, 0xff, 0xff, 0xff, 0xff, 0xff, 0xff, 0xff, 
	0xff, 0xff, 0xff, 0xfe, 0xff, 0xfe, 0xff, 0xfe, 
	0xff, 0xfe, 0xff, 0xfe, 0xff, 0xff, 0xff, 0xff, 
	0xff, 0xff, 0xff, 0xff, 0xff, 0xff, 0xff, 0xff, 
	0xff, 0xff, 0xff, 0xff, 0xff, 0xff, 0xff, 0xff, 
	0xff, 0xff, 0xff, 0xfe, 0xff, 0xfe, 0xff, 0xfe, 
	0xff, 0xfe, 0xff, 0xfe, 0xff, 0xfe, 0xff, 0xff, 
	0xff, 0xff, 0xff, 0xff, 0xff, 0xff, 0xff, 0xff, 
	0xff, 0xff, 0xff, 0xff, 0xff, 0xff, 0xff, 0xff, 
	0xff, 0xff, 0xff, 0xff, 0xff, 0xfe, 0xff, 0xfe, 
	0xff, 0xfe, 0xff, 0xfe, 0xff, 0xff, 0xff, 0xff, 
	0xff, 0xff, 0xff, 0xff, 0xff, 0xff, 0xff, 0xff, 
	0xff, 0xff, 0xff, 0xff, 0xff, 0xff, 0xff, 0xff, 
	0xff, 0xff, 0xff, 0xfe, 0xff, 0xfe, 0xff, 0xfe, 
	0xff, 0xfe, 0xff, 0xfe, 0xff, 0xff, 0xff, 0xff, 
	0xff, 0xff, 0xff, 0xff, 0xff, 0xff, 0xff, 0xff, 
	0xff, 0xff, 0xff, 0xff, 0xff, 0xff, 0xff, 0xff, 
	0xff, 0xff, 0xff, 0xff, 0xff, 0xfe, 0xff, 0xfe, 
	0xff, 0xfe, 0xff, 0xff, 0xff, 0xff, 0xff, 0xff, 
	0xff, 0xff, 0xff, 0xff, 0xff, 0xff, 0xff, 0xff, 
	0xff, 0xff, 0xff, 0xff, 0xff, 0xff, 0xff, 0xff, 
	0xff, 0xff, 0xff, 0xff, 0xff, 0xfe, 0xff, 0xfe, 
	0xff, 0xfe, 0xff, 0xfe, 0xff, 0xff, 0xff, 0xff, 
	0xff, 0xff, 0xff, 0xff, 0xff, 0xff, 0xff, 0xff, 
	0xf7, 0xff, 0xff, 0xff, 0xff, 0xff, 0xff, 0xff, 
	0xff, 0xff, 0xff, 0xff, 0xff, 0xfe, 0xff, 0xfe, 
	0xff, 0xfe, 0xff, 0xff, 0xff, 0xff, 0xff, 0xff, 
	0xff, 0xff, 0xff, 0xff, 0xff, 0xff, 0xff, 0xff, 
	0xff, 0xff, 0xff, 0xff, 0xff, 0xff, 0xff, 0xff, 
	0xff, 0xff, 0xff, 0xff, 0xff, 0xfe, 0xff, 0xfe, 
	0xff, 0xfe, 0xff, 0xfe, 0xff, 0xff, 0xff, 0xff, 
	0xff, 0xff, 0xff, 0xff, 0xff, 0xff, 0xff, 0xff, 
	0xff, 0xff, 0xff, 0xff, 0xff, 0xff, 0xff, 0xff, 
	0xff, 0xff, 0xff, 0xff, 0xff, 0xff, 0xff, 0xfe, 
	0xff, 0xfe, 0xff, 0xff, 0xff, 0xff, 0xff, 0xff, 
	0xff, 0xff, 0xff, 0xff, 0x13, 0x39, 0x2b, 0xbb, 
	0x54, 0xbd, 0x44, 0x7d, 0xff, 0xff, 0xff, 0xff, 
	0xff, 0xff, 0xff, 0xff, 0xff, 0xfe, 0xff, 0xfe, 
	0xff, 0xfe, 0xff, 0xfe, 0xff, 0xff, 0xff, 0xff, 
	0xff, 0xff, 0xff, 0xff, 0x23, 0xbb, 0x1b, 0x7b, 
	0x1b, 0x79, 0x2b, 0xbb, 0xff, 0xff, 0xff, 0xff, 
	0xff, 0xff, 0xff, 0xff, 0xff, 0xff, 0xff, 0xfe, 
	0xff, 0xfe, 0xff, 0xff, 0xff, 0xff, 0xff, 0xff, 
	0xe7, 0xbf, 0x33, 0xfb, 0x2b, 0xbb, 0x23, 0xbb, 
	0x1b, 0x35, 0x12, 0xf7, 0x85, 0xbf, 0xff, 0xff, 
	0xff, 0xff, 0xff, 0xff, 0xff, 0xfe, 0xff, 0xfe, 
	0xff, 0xfe, 0xff, 0xfe, 0xff, 0xff, 0xff, 0xff, 
	0xff, 0xff, 0x4c, 0xbf, 0x12, 0xf7, 0x23, 0x37, 
	0x23, 0xbb, 0x1b, 0x39, 0x5c, 0xff, 0xff, 0xff, 
	0xff, 0xff, 0xff, 0xff, 0xff, 0xff, 0xff, 0xfe, 
	0xff, 0xfe, 0xff, 0xff, 0xff, 0xff, 0xff, 0xff, 
	0x4b, 0xf7, 0x4b, 0xf7, 0x09, 0x9f, 0x19, 0x57, 
	0x11, 0xe9, 0x1a, 0xf5, 0x4c, 0x39, 0xff, 0xff, 
	0xff, 0xff, 0xff, 0xff, 0xff, 0xfe, 0xff, 0xfe, 
	0xff, 0xfe, 0xff, 0xfe, 0xff, 0xff, 0xff, 0xff, 
	0xd7, 0x3f, 0x1a, 0xb1, 0x00, 0x53, 0x00, 0x93, 
	0x1a, 0xf5, 0x23, 0xbb, 0x2b, 0xbb, 0xdf, 0x7f, 
	0xff, 0xff, 0xff, 0xff, 0xff, 0xff, 0xff, 0xfe, 
	0xff, 0xfe, 0xff, 0xff, 0xff, 0xff, 0xff, 0xff, 
	0x22, 0xef, 0x09, 0x19, 0x00, 0x01, 0x00, 0x01, 
	0x00, 0x01, 0x11, 0xe9, 0x1a, 0xf5, 0xff, 0xff, 
	0xff, 0xff, 0xff, 0xff, 0xff, 0xfe, 0xff, 0xfe, 
	0xff, 0xfe, 0xff, 0xfe, 0xff, 0xff, 0xff, 0xff, 
	0x8d, 0xbf, 0x00, 0x0b, 0x00, 0x01, 0x00, 0x01, 
	0x09, 0x1d, 0x23, 0xbb, 0x1b, 0x7b, 0x9e, 0x3f, 
	0xff, 0xff, 0xff, 0xff, 0xff, 0xff, 0xff, 0xfe, 
	0xff, 0xfe, 0xff, 0xff, 0xff, 0xff, 0x6d, 0x3f, 
	0x22, 0xef, 0x00, 0x01, 0x00, 0x01, 0x00, 0x01, 
	0x00, 0x4b, 0x00, 0x01, 0x23, 0xbb, 0xbe, 0xbf, 
	0xff, 0xff, 0xff, 0xff, 0xff, 0xfe, 0xff, 0xfe, 
	0xff, 0xfe, 0xff, 0xfe, 0xff, 0xff, 0xff, 0xff, 
	0x5c, 0x35, 0x00, 0x01, 0x00, 0x01, 0x00, 0x01, 
	0x00, 0x05, 0x1b, 0x35, 0x1b, 0x7b, 0x7d, 0x7f, 
	0xff, 0xff, 0xff, 0xff, 0xff, 0xfe, 0xff, 0xfe, 
	0xff, 0xfe, 0xff, 0xfe, 0xff, 0xff, 0x4b, 0xf7, 
	0x11, 0xe9, 0x00, 0x01, 0x00, 0x01, 0x00, 0x8f, 
	0x00, 0x01, 0x00, 0x01, 0x23, 0xbb, 0x23, 0xbb, 
	0xff, 0xff, 0xff, 0xfe, 0xff, 0xfe, 0xff, 0xfe, 
	0xff, 0xfe, 0xff, 0xfe, 0xff, 0xff, 0xff, 0xff, 
	0x32, 0xe9, 0x00, 0x01, 0x00, 0x8d, 0x00, 0x01, 
	0x00, 0x01, 0x12, 0x2d, 0x1b, 0x7b, 0x65, 0x3f, 
	0xff, 0xff, 0xff, 0xff, 0xff, 0xfe, 0xff, 0xfe, 
	0xff, 0xfe, 0xff, 0xfe, 0xff, 0xff, 0x1a, 0xf5, 
	0x11, 0xe9, 0x00, 0x01, 0x53, 0xab, 0xd6, 0xff, 
	0x32, 0x61, 0x00, 0x01, 0x11, 0xe9, 0x23, 0xbb, 
	0xff, 0xff, 0xff, 0xfe, 0xff, 0xfe, 0xff, 0xfe, 
	0xff, 0xfe, 0xff, 0xfe, 0xff, 0xfe, 0xf7, 0xff, 
	0x19, 0xe1, 0x6c, 0x31, 0xd6, 0xff, 0x21, 0xdd, 
	0x00, 0x01, 0x11, 0xe9, 0x1b, 0x7b, 0x54, 0xbd, 
	0xff, 0xff, 0xff, 0xff, 0xff, 0xfe, 0xff, 0xfe, 
	0xff, 0xfe, 0xff, 0xfe, 0xff, 0xff, 0x11, 0xe9, 
	0x11, 0x9f, 0x00, 0x01, 0xa5, 0xfb, 0xff, 0xff, 
	0x74, 0x71, 0x00, 0x01, 0x11, 0xe9, 0x23, 0xbb, 
	0xff, 0xff, 0xff, 0xfe, 0xff, 0xfe, 0xff, 0xfe, 
	0xff, 0xfe, 0xff, 0xfe, 0xff, 0xfe, 0xf7, 0xbf, 
	0x11, 0x9f, 0xbe, 0x7f, 0xff, 0xff, 0x5b, 0xed, 
	0x00, 0x01, 0x09, 0xe7, 0x23, 0x7b, 0x44, 0x7d, 
	0xff, 0xff, 0xff, 0xfe, 0xff, 0xfe, 0xff, 0xfe, 
	0xff, 0xfe, 0xff, 0xfe, 0xff, 0xfe, 0x22, 0xef, 
	0x11, 0xa1, 0x00, 0x01, 0x4b, 0x69, 0xbe, 0x7f, 
	0x2a, 0x1f, 0x00, 0x01, 0x11, 0xe9, 0x23, 0xbb, 
	0xff, 0xfe, 0xff, 0xfe, 0xff, 0xfe, 0xff, 0xfe, 
	0xff, 0xfe, 0xff, 0xfe, 0xff, 0xfe, 0xf7, 0xfe, 
	0x19, 0xe1, 0x5b, 0xed, 0xbe, 0x7f, 0x19, 0x9b, 
	0x00, 0x01, 0x11, 0xe9, 0x1b, 0x7b, 0x54, 0xbf, 
	0xff, 0xff, 0xff, 0xfe, 0xff, 0xfe, 0xff, 0xfe, 
	0xff, 0xfe, 0xff, 0xfe, 0xff, 0xfe, 0x22, 0xef, 
	0x11, 0xe3, 0x00, 0x01, 0x00, 0x01, 0x00, 0x47, 
	0x00, 0x01, 0x08, 0x43, 0x11, 0xe9, 0x23, 0xbb, 
	0xff, 0xfe, 0xff, 0xfe, 0xff, 0xfe, 0xff, 0xfe, 
	0xff, 0xfe, 0xff, 0xfe, 0xff, 0xfe, 0xff, 0xfe, 
	0x2a, 0xa9, 0x00, 0x01, 0x00, 0x01, 0x00, 0x01, 
	0x00, 0x01, 0x12, 0x2b, 0x1b, 0x7b, 0x6d, 0x3f, 
	0xff, 0xfe, 0xff, 0xfe, 0xff, 0xfe, 0xff, 0xfe, 
	0xff, 0xfe, 0xff, 0xfe, 0xff, 0xfe, 0x6d, 0x3e, 
	0x22, 0xef, 0x00, 0x01, 0x00, 0x01, 0x00, 0x01, 
	0x00, 0x01, 0x11, 0xe9, 0x23, 0xbb, 0x9d, 0xfc, 
	0xff, 0xfe, 0xff, 0xfe, 0xff, 0xfe, 0xff, 0xfe, 
	0xff, 0xfe, 0xff, 0xfe, 0xff, 0xfe, 0xff, 0xfe, 
	0x53, 0xf2, 0x00, 0x01, 0x00, 0x01, 0x00, 0x01, 
	0x00, 0x05, 0x1a, 0xf3, 0x1b, 0x7b, 0x7d, 0x7f, 
	0xff, 0xfe, 0xff, 0xfe, 0xff, 0xfe, 0xff, 0xfe, 
	0xff, 0xfe, 0xff, 0xfe, 0xff, 0xfe, 0xff, 0xfe, 
	0x5c, 0xbc, 0x00, 0x04, 0x00, 0x01, 0x00, 0x01, 
	0x00, 0x01, 0x1a, 0xf4, 0x23, 0xba, 0xff, 0xfe, 
	0xff, 0xfe, 0xff, 0xfe, 0xff, 0xfe, 0xff, 0xfe, 
	0xff, 0xfe, 0xff, 0xfe, 0xff, 0xfe, 0xff, 0xfe, 
	0x85, 0xbc, 0x00, 0x00, 0x00, 0x01, 0x00, 0x01, 
	0x00, 0xd9, 0x23, 0x79, 0x1b, 0x7a, 0xa6, 0x7e, 
	0xff, 0xfe, 0xff, 0xfe, 0xff, 0xfe, 0xff, 0xfe, 
	0xff, 0xfe, 0xff, 0xfe, 0xff, 0xfe, 0xff, 0xfe, 
	0x4b, 0xf6, 0x12, 0x6c, 0x00, 0x00, 0x00, 0x06, 
	0x11, 0xe8, 0x23, 0xba, 0x3b, 0xf8, 0xff, 0xfe, 
	0xff, 0xfe, 0xff, 0xfe, 0xff, 0xfe, 0xff, 0xfe, 
	0xff, 0xfe, 0xff, 0xfe, 0xff, 0xfe, 0xff, 0xfe, 
	0xcf, 0x3e, 0x11, 0xe8, 0x00, 0x00, 0x00, 0x00, 
	0x12, 0x6e, 0x23, 0xba, 0x2b, 0xba, 0xe7, 0x7e, 
	0xff, 0xfe, 0xff, 0xfe, 0xff, 0xfe, 0xff, 0xfe, 
	
};

Gfx mario_mario_face_4_rgba16_aligner[] = {gsSPEndDisplayList()};
u8 mario_mario_face_4_rgba16[] = {
	0xff, 0xfe, 0xff, 0xfe, 0xff, 0xfe, 0xff, 0xfe, 
	0xff, 0xfe, 0xff, 0xfe, 0xff, 0xfe, 0xff, 0xfe, 
	0xff, 0xfe, 0xff, 0xfe, 0xff, 0xfe, 0xff, 0xfe, 
	0xff, 0xfe, 0xff, 0xfe, 0xff, 0xfe, 0xff, 0xfe, 
	0xff, 0xfe, 0xff, 0xfe, 0xff, 0xfe, 0xff, 0xfe, 
	0xff, 0xfe, 0xff, 0xfe, 0xff, 0xfe, 0xff, 0xfe, 
	0xff, 0xfe, 0xff, 0xfe, 0xff, 0xfe, 0xff, 0xfe, 
	0xff, 0xfe, 0xff, 0xfe, 0xff, 0xfe, 0xff, 0xfe, 
	0xff, 0xfe, 0xff, 0xfe, 0xff, 0xfe, 0xff, 0xfe, 
	0xff, 0xfe, 0xff, 0xfe, 0xff, 0xfe, 0xff, 0xfe, 
	0xff, 0xfe, 0xff, 0xfe, 0xff, 0xfe, 0xff, 0xfe, 
	0xff, 0xfe, 0xff, 0xfe, 0xff, 0xfe, 0xff, 0xfe, 
	0xff, 0xfe, 0xff, 0xfe, 0xff, 0xfe, 0xff, 0xfe, 
	0xff, 0xfe, 0xff, 0xfe, 0xff, 0xfe, 0xff, 0xfe, 
	0xff, 0xfe, 0xff, 0xfe, 0xff, 0xfe, 0xff, 0xfe, 
	0xff, 0xfe, 0xff, 0xfe, 0xff, 0xfe, 0xff, 0xfe, 
	0xff, 0xfe, 0xff, 0xfe, 0xff, 0xfe, 0xff, 0xfe, 
	0xff, 0xfe, 0xff, 0xfe, 0xff, 0xfe, 0xff, 0xfe, 
	0xff, 0xfe, 0xff, 0xfe, 0xff, 0xfe, 0xff, 0xfe, 
	0xff, 0xfe, 0xff, 0xfe, 0xff, 0xfe, 0xff, 0xfe, 
	0xff, 0xfe, 0xff, 0xfe, 0xff, 0xfe, 0xff, 0xfe, 
	0xff, 0xfe, 0xff, 0xfe, 0xff, 0xfe, 0xff, 0xfe, 
	0xff, 0xfe, 0xff, 0xfe, 0xff, 0xfe, 0xff, 0xfe, 
	0xff, 0xfe, 0xff, 0xfe, 0xff, 0xfe, 0xff, 0xfe, 
	0xff, 0xfe, 0xff, 0xfe, 0xff, 0xfe, 0xff, 0xfe, 
	0xff, 0xfe, 0xff, 0xfe, 0xff, 0xfe, 0xff, 0xfe, 
	0xff, 0xfe, 0xff, 0xfe, 0xff, 0xfe, 0xff, 0xfe, 
	0xff, 0xfe, 0xff, 0xfe, 0xff, 0xfe, 0xff, 0xfe, 
	0xff, 0xfe, 0xff, 0xfe, 0xff, 0xfe, 0xff, 0xfe, 
	0xff, 0xfe, 0xff, 0xfe, 0xff, 0xfe, 0xff, 0xfe, 
	0xff, 0xfe, 0xff, 0xfe, 0xff, 0xfe, 0xff, 0xfe, 
	0xff, 0xfe, 0xff, 0xfe, 0xff, 0xfe, 0xff, 0xfe, 
	0xff, 0xfe, 0xff, 0xfe, 0xff, 0xfe, 0xff, 0xfe, 
	0xff, 0xfe, 0xff, 0xfe, 0xff, 0xfe, 0xff, 0xfe, 
	0xff, 0xfe, 0xff, 0xfe, 0xff, 0xfe, 0xff, 0xfe, 
	0xff, 0xfe, 0xff, 0xfe, 0xff, 0xfe, 0xff, 0xfe, 
	0xff, 0xfe, 0xff, 0xfe, 0xff, 0xfe, 0xff, 0xfe, 
	0xff, 0xfe, 0xff, 0xfe, 0xff, 0xfe, 0xff, 0xfe, 
	0xff, 0xfe, 0xff, 0xfe, 0xff, 0xfe, 0xff, 0xfe, 
	0xff, 0xfe, 0xff, 0xfe, 0xff, 0xfe, 0xff, 0xfe, 
	0xff, 0xfe, 0xff, 0xfe, 0xff, 0xfe, 0xff, 0xfe, 
	0xff, 0xfe, 0xff, 0xfe, 0xff, 0xfe, 0xff, 0xfe, 
	0xff, 0xfe, 0xff, 0xfe, 0xff, 0xfe, 0xff, 0xfe, 
	0xff, 0xfe, 0xff, 0xfe, 0xff, 0xfe, 0xff, 0xfe, 
	0xff, 0xfe, 0xff, 0xfe, 0xff, 0xfe, 0xff, 0xfe, 
	0xff, 0xfe, 0xff, 0xfe, 0xff, 0xfe, 0xff, 0xfe, 
	0xff, 0xfe, 0xff, 0xfe, 0xff, 0xfe, 0xff, 0xfe, 
	0xff, 0xfe, 0xff, 0xfe, 0xff, 0xfe, 0xff, 0xfe, 
	0xff, 0xfe, 0xff, 0xfe, 0xff, 0xfe, 0xff, 0xfe, 
	0xff, 0xfe, 0xff, 0xfe, 0xff, 0xfe, 0xff, 0xfe, 
	0xff, 0xfe, 0xff, 0xfe, 0x00, 0x01, 0xff, 0xfe, 
	0xff, 0xfe, 0xff, 0xfe, 0xff, 0xfe, 0xff, 0xfe, 
	0xff, 0xfe, 0xff, 0xfe, 0xff, 0xfe, 0xff, 0xfe, 
	0xff, 0xfe, 0x00, 0x01, 0xff, 0xfe, 0xff, 0xfe, 
	0xff, 0xfe, 0xff, 0xfe, 0xff, 0xfe, 0xff, 0xfe, 
	0xff, 0xfe, 0xff, 0xfe, 0xff, 0xfe, 0xff, 0xfe, 
	0xff, 0xfe, 0xff, 0xfe, 0xff, 0xfe, 0xff, 0xfe, 
	0xff, 0xfe, 0xff, 0xfe, 0xff, 0xfe, 0xff, 0xfe, 
	0x00, 0x01, 0x00, 0x01, 0x00, 0x01, 0x00, 0x01, 
	0xff, 0xfe, 0xff, 0xfe, 0xff, 0xfe, 0xff, 0xfe, 
	0xff, 0xfe, 0xff, 0xfe, 0xff, 0xfe, 0xff, 0xfe, 
	0xff, 0xfe, 0x00, 0x01, 0x00, 0x01, 0x00, 0x01, 
	0xff, 0xfe, 0xff, 0xfe, 0xff, 0xfe, 0xff, 0xfe, 
	0xff, 0xfe, 0xff, 0xfe, 0xff, 0xfe, 0xff, 0xfe, 
	0xff, 0xfe, 0xff, 0xfe, 0xff, 0xfe, 0xff, 0xfe, 
	0xff, 0xfe, 0xff, 0xfe, 0x00, 0x01, 0x00, 0x01, 
	0x00, 0x01, 0x00, 0x01, 0x00, 0x01, 0xff, 0xfe, 
	0xff, 0xfe, 0xff, 0xfe, 0xff, 0xfe, 0xff, 0xfe, 
	0xff, 0xfe, 0xff, 0xfe, 0xff, 0xfe, 0xff, 0xfe, 
	0xff, 0xfe, 0xff, 0xfe, 0x00, 0x01, 0x00, 0x01, 
	0x00, 0x01, 0x00, 0x01, 0xff, 0xfe, 0xff, 0xfe, 
	0xff, 0xfe, 0xff, 0xfe, 0xff, 0xfe, 0xff, 0xfe, 
	0xff, 0xfe, 0xff, 0xfe, 0xff, 0xfe, 0xff, 0xfe, 
	0x00, 0x01, 0x00, 0x01, 0x00, 0x01, 0x00, 0x01, 
	0xff, 0xfe, 0xff, 0xfe, 0xff, 0xfe, 0xff, 0xfe, 
	0xff, 0xfe, 0xff, 0xfe, 0xff, 0xfe, 0xff, 0xfe, 
	0xff, 0xfe, 0xff, 0xfe, 0xff, 0xfe, 0xff, 0xfe, 
	0xff, 0xfe, 0xff, 0xfe, 0xff, 0xfe, 0xff, 0xfe, 
	0x00, 0x01, 0x00, 0x01, 0x00, 0x01, 0x00, 0x01, 
	0xff, 0xfe, 0xff, 0xfe, 0xff, 0xfe, 0xff, 0xfe, 
	0xff, 0xfe, 0xff, 0xfe, 0xff, 0xfe, 0x00, 0x01, 
	0x00, 0x01, 0x00, 0x01, 0xff, 0xfe, 0xff, 0xfe, 
	0xff, 0xfe, 0xff, 0xfe, 0xff, 0xfe, 0xff, 0xfe, 
	0xff, 0xfe, 0xff, 0xfe, 0xff, 0xfe, 0xff, 0xfe, 
	0xff, 0xfe, 0xff, 0xfe, 0xff, 0xfe, 0xff, 0xfe, 
	0xff, 0xfe, 0xff, 0xfe, 0xff, 0xfe, 0xff, 0xfe, 
	0xff, 0xfe, 0xff, 0xfe, 0xff, 0xfe, 0x00, 0x01, 
	0x00, 0x01, 0xff, 0xfe, 0xff, 0xfe, 0xff, 0xfe, 
	0xff, 0xfe, 0xff, 0xfe, 0xff, 0xfe, 0xff, 0xfe, 
	0xff, 0xfe, 0xff, 0xfe, 0xf7, 0xbd, 0xf7, 0xbd, 
	0xf7, 0xbd, 0xf7, 0xbd, 0xff, 0xfe, 0xff, 0xfe, 
	0xff, 0xfe, 0xff, 0xfe, 0xff, 0xfe, 0xff, 0xfe, 
	0xff, 0xfe, 0xff, 0xfe, 0xff, 0xfe, 0xff, 0xfe, 
	0xff, 0xfe, 0xff, 0xfe, 0xff, 0xfe, 0xf7, 0xbd, 
	0xf7, 0xbd, 0xf7, 0xbd, 0xf7, 0xbd, 0xff, 0xfe, 
	0xff, 0xfe, 0xff, 0xfe, 0xff, 0xfe, 0xff, 0xfe, 
	0xff, 0xfe, 0xff, 0xfe, 0xff, 0xfe, 0xff, 0xfe, 
	0xf7, 0xbd, 0xf7, 0xbd, 0xf7, 0xbd, 0xf7, 0xbd, 
	0xf7, 0xbd, 0xf7, 0xbd, 0xf7, 0xbd, 0xf7, 0xbd, 
	0xff, 0xfe, 0xff, 0xfe, 0xff, 0xfe, 0xff, 0xfe, 
	0xff, 0xfe, 0xff, 0xfe, 0xff, 0xfe, 0xff, 0xfe, 
	0xff, 0xfe, 0xf7, 0xbd, 0xf7, 0xbd, 0xf7, 0xbd, 
	0xf7, 0xbd, 0xf7, 0xbd, 0xf7, 0xbd, 0xf7, 0xbd, 
	0xf7, 0xbd, 0xff, 0xfe, 0xff, 0xfe, 0xff, 0xfe, 
	0xff, 0xfe, 0xff, 0xfe, 0xff, 0xfe, 0xe7, 0x39, 
	0xe7, 0x39, 0xf7, 0xbd, 0xf7, 0xbd, 0xf7, 0xbd, 
	0xf7, 0xbd, 0xf7, 0xbd, 0xe7, 0x39, 0xe7, 0x39, 
	0xff, 0xfe, 0xff, 0xfe, 0xff, 0xfe, 0xff, 0xfe, 
	0xff, 0xfe, 0xff, 0xfe, 0xff, 0xfe, 0xff, 0xfe, 
	0xe7, 0x39, 0xe7, 0x39, 0xf7, 0xbd, 0xf7, 0xbd, 
	0xf7, 0xbd, 0xf7, 0xbd, 0xf7, 0xbd, 0xf7, 0xbd, 
	0xe7, 0x39, 0xff, 0xfe, 0xff, 0xfe, 0xff, 0xfe, 
	0xff, 0xfe, 0xff, 0xfe, 0xff, 0xfe, 0x00, 0x01, 
	0x00, 0x01, 0xc6, 0x31, 0xf7, 0xbd, 0xf7, 0xbd, 
	0xf7, 0xbd, 0xc6, 0x31, 0x00, 0x01, 0x00, 0x01, 
	0x73, 0x9d, 0xff, 0xfe, 0xff, 0xfe, 0xff, 0xfe, 
	0xff, 0xfe, 0xff, 0xfe, 0xff, 0xfe, 0xe7, 0x39, 
	0x00, 0x01, 0x00, 0x01, 0x42, 0x11, 0xf7, 0xbd, 
	0xf7, 0xbd, 0xf7, 0xbd, 0xde, 0xf7, 0x42, 0x11, 
	0x00, 0x01, 0xe7, 0x39, 0xff, 0xfe, 0xff, 0xfe, 
	0xff, 0xfe, 0xff, 0xfe, 0xf7, 0xbd, 0x21, 0x09, 
	0x00, 0x01, 0x42, 0x11, 0xf7, 0xbd, 0xf7, 0xbd, 
	0xf7, 0xbd, 0x42, 0x11, 0x00, 0x01, 0x00, 0x01, 
	0xc6, 0x31, 0xff, 0xfe, 0xff, 0xfe, 0xff, 0xfe, 
	0xff, 0xfe, 0xff, 0xfe, 0xff, 0xfe, 0xf7, 0xbd, 
	0x42, 0x11, 0x00, 0x01, 0x00, 0x01, 0xc6, 0x31, 
	0xf7, 0xbd, 0xf7, 0xbd, 0x42, 0x11, 0x00, 0x01, 
	0x00, 0x01, 0xe7, 0x39, 0xff, 0xfe, 0xff, 0xfe, 
	0xff, 0xfe, 0xff, 0xfe, 0xf7, 0xbd, 0x5a, 0xd7, 
	0x00, 0x01, 0x00, 0x01, 0xc6, 0x31, 0xf7, 0xbd, 
	0xc6, 0x31, 0x00, 0x01, 0x00, 0x01, 0x42, 0x11, 
	0xf7, 0xbd, 0xf7, 0xbd, 0xff, 0xfe, 0xff, 0xfe, 
	0xff, 0xfe, 0xff, 0xfe, 0xff, 0xfe, 0xf7, 0xbd, 
	0xc6, 0x31, 0x00, 0x01, 0x00, 0x01, 0x42, 0x11, 
	0xf7, 0xbd, 0xc6, 0x31, 0x00, 0x01, 0x00, 0x01, 
	0x42, 0x11, 0xf7, 0xbd, 0xff, 0xfe, 0xff, 0xfe, 
	0xff, 0xfe, 0xff, 0xfe, 0xf7, 0xbd, 0xde, 0xf7, 
	0x42, 0x11, 0x00, 0x01, 0x42, 0x11, 0xc6, 0x31, 
	0x42, 0x11, 0x00, 0x01, 0x00, 0x01, 0xc6, 0x31, 
	0xf7, 0xbd, 0xf7, 0xbd, 0xff, 0xfe, 0xff, 0xfe, 
	0xff, 0xfe, 0xff, 0xfe, 0xf7, 0xbd, 0xf7, 0xbd, 
	0xf7, 0xbd, 0x42, 0x11, 0x00, 0x01, 0x00, 0x01, 
	0xad, 0x6b, 0x42, 0x11, 0x00, 0x01, 0x42, 0x11, 
	0xde, 0xf7, 0xf7, 0xbd, 0xf7, 0xbd, 0xff, 0xfe, 
	0xff, 0xfe, 0xf7, 0xbd, 0xf7, 0xbd, 0xf7, 0xbd, 
	0xde, 0xf7, 0x21, 0x09, 0x00, 0x01, 0x08, 0x43, 
	0x00, 0x01, 0x00, 0x01, 0x42, 0x11, 0xf7, 0xbd, 
	0xf7, 0xbd, 0xf7, 0xbd, 0xff, 0xfe, 0xff, 0xfe, 
	0xff, 0xfe, 0xff, 0xfe, 0xf7, 0xbd, 0xf7, 0xbd, 
	0xf7, 0xbd, 0xde, 0xf7, 0x21, 0x09, 0x00, 0x01, 
	0x08, 0x43, 0x00, 0x01, 0x00, 0x01, 0xc6, 0x31, 
	0xf7, 0xbd, 0xf7, 0xbd, 0xf7, 0xbd, 0xff, 0xfe, 
	0xff, 0xfe, 0xf7, 0xbd, 0xf7, 0xbd, 0xf7, 0xbd, 
	0xf7, 0xbd, 0x5a, 0xd7, 0x00, 0x01, 0x00, 0x01, 
	0x00, 0x01, 0x00, 0x01, 0xc6, 0x31, 0xf7, 0xbd, 
	0xf7, 0xbd, 0xf7, 0xbd, 0xff, 0xfe, 0xff, 0xfe, 
	0xff, 0xfe, 0xff, 0xfe, 0xf7, 0xbd, 0xf7, 0xbd, 
	0xf7, 0xbd, 0xf7, 0xbd, 0x5a, 0xd7, 0x00, 0x01, 
	0x00, 0x01, 0x00, 0x01, 0x42, 0x11, 0xf7, 0xbd, 
	0xf7, 0xbd, 0xf7, 0xbd, 0xf7, 0xbd, 0xff, 0xfe, 
	0xff, 0xfe, 0xf7, 0xbd, 0xf7, 0xbd, 0xf7, 0xbd, 
	0xf7, 0xbd, 0xc6, 0x31, 0x08, 0x43, 0x00, 0x01, 
	0x00, 0x01, 0x42, 0x11, 0xf7, 0xbd, 0xf7, 0xbd, 
	0xf7, 0xbd, 0xf7, 0xbd, 0xff, 0xfe, 0xff, 0xfe, 
	0xff, 0xfe, 0xff, 0xfe, 0xf7, 0xbd, 0xf7, 0xbd, 
	0xf7, 0xbd, 0xf7, 0xbd, 0xc6, 0x31, 0x00, 0x01, 
	0x00, 0x01, 0x00, 0x01, 0xad, 0x6b, 0xf7, 0xbd, 
	0xf7, 0xbd, 0xf7, 0xbd, 0xf7, 0xbd, 0xff, 0xfe, 
	0xff, 0xfe, 0xf7, 0xbd, 0xf7, 0xbd, 0xf7, 0xbd, 
	0xf7, 0xbd, 0x42, 0x11, 0x00, 0x01, 0x00, 0x01, 
	0x00, 0x01, 0xad, 0x6b, 0xf7, 0xbd, 0xf7, 0xbd, 
	0xf7, 0xbd, 0xf7, 0xbd, 0xff, 0xfe, 0xff, 0xfe, 
	0xff, 0xfe, 0xff, 0xfe, 0xf7, 0xbd, 0xf7, 0xbd, 
	0xf7, 0xbd, 0xf7, 0xbd, 0xc6, 0x31, 0x00, 0x01, 
	0x00, 0x01, 0x00, 0x01, 0x42, 0x11, 0xde, 0xf7, 
	0xf7, 0xbd, 0xf7, 0xbd, 0xf7, 0xbd, 0xff, 0xfe, 
	0xff, 0xfe, 0xf7, 0xbd, 0xf7, 0xbd, 0xf7, 0xbd, 
	0xc6, 0x31, 0x00, 0x01, 0x00, 0x01, 0x08, 0x43, 
	0x00, 0x01, 0x42, 0x11, 0xde, 0xf7, 0xf7, 0xbd, 
	0xf7, 0xbd, 0xf7, 0xbd, 0xff, 0xfe, 0xff, 0xfe, 
	0xff, 0xfe, 0xff, 0xfe, 0xf7, 0xbd, 0xf7, 0xbd, 
	0xf7, 0xbd, 0xde, 0xf7, 0x42, 0x11, 0x00, 0x01, 
	0x08, 0x43, 0x00, 0x01, 0x00, 0x01, 0x5a, 0xd7, 
	0xf7, 0xbd, 0xf7, 0xbd, 0xf7, 0xbd, 0xff, 0xfe, 
	0xff, 0xfe, 0xff, 0xfe, 0xf7, 0xbd, 0xde, 0xf7, 
	0x42, 0x11, 0x00, 0x01, 0x00, 0x01, 0xad, 0x6b, 
	0x21, 0x09, 0x00, 0x01, 0x42, 0x11, 0xde, 0xf7, 
	0xf7, 0xbd, 0xf7, 0xbd, 0xff, 0xfe, 0xff, 0xfe, 
	0xff, 0xfe, 0xff, 0xfe, 0xf7, 0xbd, 0xf7, 0xbd, 
	0xf7, 0xbd, 0x42, 0x11, 0x00, 0x01, 0x00, 0x01, 
	0x94, 0xa5, 0x00, 0x01, 0x00, 0x01, 0x21, 0x09, 
	0xde, 0xf7, 0xf7, 0xbd, 0xf7, 0xbd, 0xff, 0xfe, 
	0xff, 0xfe, 0xff, 0xfe, 0xf7, 0xbd, 0x42, 0x11, 
	0x00, 0x01, 0x00, 0x01, 0x42, 0x11, 0xde, 0xf7, 
	0x5a, 0xd7, 0x00, 0x01, 0x00, 0x01, 0x5a, 0xd7, 
	0xf7, 0xbd, 0xf7, 0xbd, 0xff, 0xfe, 0xff, 0xfe, 
	0xff, 0xfe, 0xff, 0xfe, 0xff, 0xfe, 0xf7, 0xbd, 
	0xc6, 0x31, 0x00, 0x01, 0x00, 0x01, 0x42, 0x11, 
	0xde, 0xf7, 0x42, 0x11, 0x00, 0x01, 0x00, 0x01, 
	0x42, 0x11, 0xf7, 0xbd, 0xff, 0xfe, 0xff, 0xfe, 
	0xff, 0xfe, 0xff, 0xfe, 0xc6, 0x31, 0x00, 0x01, 
	0x00, 0x01, 0x21, 0x09, 0xde, 0xf7, 0xf7, 0xbd, 
	0xde, 0xf7, 0x42, 0x11, 0x00, 0x01, 0x21, 0x09, 
	0xf7, 0xbd, 0xff, 0xfe, 0xff, 0xfe, 0xff, 0xfe, 
	0xff, 0xfe, 0xff, 0xfe, 0xff, 0xfe, 0xf7, 0xbd, 
	0x42, 0x11, 0x00, 0x01, 0x00, 0x01, 0xc6, 0x31, 
	0xf7, 0xbd, 0xc6, 0x31, 0x00, 0x01, 0x00, 0x01, 
	0x00, 0x01, 0xe7, 0x39, 0xff, 0xfe, 0xff, 0xfe, 
	0xff, 0xfe, 0xff, 0xfe, 0xff, 0xfe, 0x00, 0x01, 
	0x00, 0x01, 0x5a, 0xd7, 0xf7, 0xbd, 0xf7, 0xbd, 
	0xf7, 0xbd, 0xde, 0xf7, 0x42, 0x11, 0x10, 0x85, 
	0xe7, 0x39, 0xff, 0xfe, 0xff, 0xfe, 0xff, 0xfe, 
	0xff, 0xfe, 0xff, 0xfe, 0xff, 0xfe, 0xe7, 0x39, 
	0x00, 0x01, 0x00, 0x01, 0x42, 0x11, 0xf7, 0xbd, 
	0xf7, 0xbd, 0xf7, 0xbd, 0x42, 0x11, 0x00, 0x01, 
	0x00, 0x01, 0xe7, 0x39, 0xff, 0xfe, 0xff, 0xfe, 
	0xff, 0xfe, 0xff, 0xfe, 0xff, 0xfe, 0xe7, 0x39, 
	0xe7, 0x39, 0xf7, 0xbd, 0xf7, 0xbd, 0xf7, 0xbd, 
	0xf7, 0xbd, 0xf7, 0xbd, 0xf7, 0xbd, 0xe7, 0x39, 
	0xff, 0xfe, 0xff, 0xfe, 0xff, 0xfe, 0xff, 0xfe, 
	0xff, 0xfe, 0xff, 0xfe, 0xff, 0xfe, 0xff, 0xfe, 
	0xe7, 0x39, 0xe7, 0x39, 0xf7, 0xbd, 0xf7, 0xbd, 
	0xf7, 0xbd, 0xf7, 0xbd, 0xf7, 0xbd, 0xe7, 0x39, 
	0xe7, 0x39, 0xff, 0xfe, 0xff, 0xfe, 0xff, 0xfe, 
	0xff, 0xfe, 0xff, 0xfe, 0xff, 0xfe, 0xff, 0xfe, 
	0xf7, 0xbd, 0xf7, 0xbd, 0xf7, 0xbd, 0xf7, 0xbd, 
	0xf7, 0xbd, 0xf7, 0xbd, 0xf7, 0xbd, 0xf7, 0xbd, 
	0xff, 0xfe, 0xff, 0xfe, 0xff, 0xfe, 0xff, 0xfe, 
	0xff, 0xfe, 0xff, 0xfe, 0xff, 0xfe, 0xff, 0xfe, 
	0xf7, 0xbd, 0xf7, 0xbd, 0xf7, 0xbd, 0xf7, 0xbd, 
	0xf7, 0xbd, 0xf7, 0xbd, 0xf7, 0xbd, 0xf7, 0xbd, 
	0xf7, 0xbd, 0xff, 0xfe, 0xff, 0xfe, 0xff, 0xfe, 
	0xff, 0xfe, 0xff, 0xfe, 0xff, 0xfe, 0xff, 0xfe, 
	0xf7, 0xbd, 0xf7, 0xbd, 0xf7, 0xbd, 0xf7, 0xbd, 
	0xf7, 0xbd, 0xf7, 0xbd, 0xf7, 0xbd, 0xff, 0xfe, 
	0xff, 0xfe, 0xff, 0xfe, 0xff, 0xfe, 0xff, 0xfe, 
	0xff, 0xfe, 0xff, 0xfe, 0xff, 0xfe, 0xff, 0xfe, 
	0xff, 0xfe, 0xf7, 0xbd, 0xf7, 0xbd, 0xf7, 0xbd, 
	0xf7, 0xbd, 0xf7, 0xbd, 0xf7, 0xbd, 0xf7, 0xbd, 
	0xff, 0xfe, 0xff, 0xfe, 0xff, 0xfe, 0xff, 0xfe, 
	0xff, 0xfe, 0xff, 0xfe, 0xff, 0xfe, 0xff, 0xfe, 
	0xff, 0xfe, 0xff, 0xfe, 0xf7, 0xbd, 0xf7, 0xbd, 
	0xf7, 0xbd, 0xf7, 0xbd, 0xff, 0xfe, 0xff, 0xfe, 
	0xff, 0xfe, 0xff, 0xfe, 0xff, 0xfe, 0xff, 0xfe, 
	0xff, 0xfe, 0xff, 0xfe, 0xff, 0xfe, 0xff, 0xfe, 
	0xff, 0xfe, 0xff, 0xfe, 0xff, 0xfe, 0xf7, 0xbd, 
	0xf7, 0xbd, 0xf7, 0xbd, 0xff, 0xfe, 0xff, 0xfe, 
	0xff, 0xfe, 0xff, 0xfe, 0xff, 0xfe, 0xff, 0xfe, 
	0xff, 0xfe, 0xff, 0xfe, 0xff, 0xfe, 0xff, 0xfe, 
	0xff, 0xfe, 0xff, 0xfe, 0xff, 0xfe, 0xff, 0xfe, 
	0xff, 0xfe, 0xff, 0xfe, 0xff, 0xfe, 0xff, 0xfe, 
	0xff, 0xfe, 0xff, 0xfe, 0xff, 0xfe, 0xff, 0xfe, 
	0xff, 0xfe, 0xff, 0xfe, 0xff, 0xfe, 0xff, 0xfe, 
	0xff, 0xfe, 0xff, 0xfe, 0xff, 0xfe, 0xff, 0xfe, 
	0xff, 0xfe, 0xff, 0xfe, 0xff, 0xfe, 0xff, 0xfe, 
	0xff, 0xfe, 0xff, 0xfe, 0xff, 0xfe, 0xff, 0xfe, 
	
};

Gfx mario_wing_2_rgba16_aligner[] = {gsSPEndDisplayList()};
u8 mario_wing_2_rgba16[] = {
	0x00, 0x00, 0x00, 0x00, 0x00, 0x00, 0x00, 0x00, 
	0x00, 0x00, 0x00, 0x00, 0x00, 0x00, 0x00, 0x00, 
	0x00, 0x00, 0x00, 0x00, 0x00, 0x00, 0x00, 0x00, 
	0x00, 0x00, 0x00, 0x00, 0x00, 0x00, 0x00, 0x00, 
	0x00, 0x00, 0x00, 0x00, 0x00, 0x00, 0x00, 0x00, 
	0x00, 0x00, 0x00, 0x00, 0x00, 0x00, 0x00, 0x00, 
	0x00, 0x00, 0x00, 0x00, 0x00, 0x00, 0x00, 0x00, 
	0x00, 0x00, 0x00, 0x00, 0x00, 0x00, 0x00, 0x00, 
	0x00, 0x00, 0x00, 0x00, 0x00, 0x00, 0x00, 0x00, 
	0x00, 0x00, 0x00, 0x00, 0x00, 0x00, 0x00, 0x00, 
	0x00, 0x00, 0x00, 0x00, 0x00, 0x00, 0x00, 0x00, 
	0x00, 0x00, 0x00, 0x00, 0x00, 0x00, 0x00, 0x00, 
	0x00, 0x00, 0x00, 0x00, 0x00, 0x00, 0x00, 0x00, 
	0x00, 0x00, 0x00, 0x00, 0x00, 0x00, 0x00, 0x00, 
	0x00, 0x00, 0x00, 0x00, 0x00, 0x00, 0x00, 0x00, 
	0x00, 0x00, 0x00, 0x00, 0x00, 0x00, 0x00, 0x00, 
	0x00, 0x00, 0x00, 0x00, 0x00, 0x00, 0x00, 0x00, 
	0x00, 0x00, 0x00, 0x00, 0x00, 0x00, 0x00, 0x00, 
	0x00, 0x00, 0x00, 0x00, 0x00, 0x00, 0x00, 0x00, 
	0x00, 0x00, 0x00, 0x00, 0x00, 0x00, 0x00, 0x00, 
	0x00, 0x00, 0x00, 0x00, 0x00, 0x00, 0x00, 0x00, 
	0x00, 0x00, 0x00, 0x00, 0x00, 0x00, 0x00, 0x00, 
	0x00, 0x00, 0x00, 0x00, 0x00, 0x00, 0x00, 0x00, 
	0x00, 0x00, 0x00, 0x00, 0x00, 0x00, 0x00, 0x00, 
	0x00, 0x00, 0x00, 0x00, 0x00, 0x00, 0x00, 0x00, 
	0x00, 0x00, 0x00, 0x00, 0x00, 0x00, 0x00, 0x00, 
	0x00, 0x00, 0x00, 0x00, 0x00, 0x00, 0x00, 0x00, 
	0x00, 0x00, 0x00, 0x00, 0x00, 0x00, 0x00, 0x00, 
	0x00, 0x00, 0x00, 0x00, 0x00, 0x00, 0x94, 0xa5, 
	0x00, 0x00, 0x00, 0x00, 0x00, 0x00, 0x00, 0x00, 
	0x00, 0x00, 0x00, 0x00, 0x00, 0x00, 0x00, 0x00, 
	0x00, 0x00, 0x00, 0x00, 0x00, 0x00, 0x00, 0x00, 
	0x00, 0x00, 0x00, 0x00, 0x00, 0x00, 0x00, 0x00, 
	0x00, 0x00, 0x00, 0x00, 0x00, 0x00, 0x00, 0x00, 
	0x00, 0x00, 0x00, 0x00, 0x00, 0x00, 0x00, 0x00, 
	0x00, 0x00, 0x00, 0x00, 0x00, 0x00, 0x00, 0x00, 
	0x00, 0x00, 0x00, 0x00, 0x8c, 0x63, 0xbd, 0xef, 
	0x00, 0x00, 0x00, 0x00, 0x00, 0x00, 0x00, 0x00, 
	0x00, 0x00, 0x00, 0x00, 0x00, 0x00, 0x00, 0x00, 
	0x00, 0x00, 0x00, 0x00, 0x00, 0x00, 0x00, 0x00, 
	0x00, 0x00, 0x00, 0x00, 0x00, 0x00, 0x00, 0x00, 
	0x00, 0x00, 0x00, 0x00, 0x00, 0x00, 0x00, 0x00, 
	0x00, 0x00, 0x00, 0x00, 0x00, 0x00, 0x00, 0x00, 
	0x00, 0x00, 0x00, 0x00, 0x00, 0x00, 0x00, 0x00, 
	0xad, 0x6b, 0xa5, 0x29, 0xb5, 0xad, 0xde, 0xf7, 
	0x00, 0x00, 0x00, 0x00, 0x00, 0x00, 0x00, 0x00, 
	0x00, 0x00, 0x00, 0x00, 0x00, 0x00, 0x00, 0x00, 
	0x00, 0x00, 0x00, 0x00, 0x00, 0x00, 0x00, 0x00, 
	0xb5, 0xad, 0xb5, 0xad, 0xbd, 0xef, 0xbd, 0xef, 
	0xbd, 0xef, 0xbd, 0xef, 0xbd, 0xef, 0xbd, 0xef, 
	0xbd, 0xef, 0xbd, 0xef, 0xbd, 0xef, 0xbd, 0xef, 
	0xc6, 0x31, 0xc6, 0x31, 0xc6, 0x31, 0xc6, 0x31, 
	0xc6, 0x31, 0xce, 0x73, 0xef, 0x7b, 0xce, 0x73, 
	0x00, 0x00, 0x00, 0x00, 0x00, 0x00, 0x00, 0x00, 
	0x00, 0x00, 0x00, 0x00, 0x00, 0x00, 0x00, 0x00, 
	0x00, 0x00, 0x00, 0x00, 0x00, 0x00, 0x00, 0x00, 
	0xc6, 0x31, 0xce, 0x73, 0xd6, 0xb5, 0xd6, 0xb5, 
	0xd6, 0xb5, 0xde, 0xf7, 0xde, 0xf7, 0xde, 0xf7, 
	0xde, 0xf7, 0xde, 0xf7, 0xde, 0xf7, 0xde, 0xf7, 
	0xde, 0xf7, 0xde, 0xf7, 0xde, 0xf7, 0xde, 0xf7, 
	0xde, 0xf7, 0xf7, 0xbd, 0xef, 0x7b, 0xbd, 0xef, 
	0x00, 0x00, 0x00, 0x00, 0x00, 0x00, 0x00, 0x00, 
	0x00, 0x00, 0x00, 0x00, 0x00, 0x00, 0x00, 0x00, 
	0x00, 0x00, 0x00, 0x00, 0x00, 0x00, 0x00, 0x00, 
	0xd6, 0xb5, 0xd6, 0xb5, 0xde, 0xf7, 0xe7, 0x39, 
	0xe7, 0x39, 0xef, 0x7b, 0xef, 0x7b, 0xef, 0x7b, 
	0xef, 0x7b, 0xef, 0x7b, 0xef, 0x7b, 0xef, 0x7b, 
	0xef, 0x7b, 0xef, 0x7b, 0xf7, 0xbd, 0xf7, 0xbd, 
	0xf7, 0xbd, 0xf7, 0xbd, 0xd6, 0xb5, 0xad, 0x6b, 
	0x00, 0x00, 0x00, 0x00, 0x00, 0x00, 0x00, 0x00, 
	0x00, 0x00, 0x00, 0x00, 0x00, 0x00, 0x00, 0x00, 
	0x00, 0x00, 0x00, 0x00, 0x00, 0x00, 0x00, 0x00, 
	0xde, 0xf7, 0xe7, 0x39, 0xef, 0x7b, 0xef, 0x7b, 
	0xf7, 0xbd, 0xf7, 0xbd, 0xf7, 0xbd, 0xf7, 0xbd, 
	0xf7, 0xbd, 0xf7, 0xbd, 0xf7, 0xbd, 0xf7, 0xbd, 
	0xf7, 0xbd, 0xf7, 0xbd, 0xf7, 0xbd, 0xf7, 0xbd, 
	0xf7, 0xbd, 0xe7, 0x39, 0xc6, 0x31, 0x9c, 0xe7, 
	0x00, 0x00, 0x00, 0x00, 0x00, 0x00, 0x00, 0x00, 
	0x00, 0x00, 0x00, 0x00, 0x00, 0x00, 0x00, 0x00, 
	0x00, 0x00, 0x00, 0x00, 0x00, 0x00, 0x00, 0x00, 
	0xe7, 0x39, 0xef, 0x7b, 0xf7, 0xbd, 0xf7, 0xbd, 
	0xf7, 0xbd, 0xf7, 0xbd, 0xf7, 0xbd, 0xf7, 0xbd, 
	0xf7, 0xbd, 0xf7, 0xbd, 0xf7, 0xbd, 0xf7, 0xbd, 
	0xf7, 0xbd, 0xf7, 0xbd, 0xf7, 0xbd, 0xf7, 0xbd, 
	0xef, 0x7b, 0xce, 0x73, 0xb5, 0xad, 0x00, 0x00, 
	0x00, 0x00, 0x00, 0x00, 0x00, 0x00, 0x00, 0x00, 
	0x00, 0x00, 0x00, 0x00, 0x00, 0x00, 0x00, 0x00, 
	0x00, 0x00, 0x00, 0x00, 0x00, 0x00, 0x00, 0x00, 
	0xef, 0x7b, 0xf7, 0xbd, 0xf7, 0xbd, 0xf7, 0xbd, 
	0xf7, 0xbd, 0xf7, 0xbd, 0xf7, 0xbd, 0xf7, 0xbd, 
	0xf7, 0xbd, 0xf7, 0xbd, 0xf7, 0xbd, 0xf7, 0xbd, 
	0xf7, 0xbd, 0xf7, 0xbd, 0xf7, 0xbd, 0xe7, 0x39, 
	0xd6, 0xb5, 0xbd, 0xef, 0x9c, 0xe7, 0x00, 0x00, 
	0x00, 0x00, 0x00, 0x00, 0x00, 0x00, 0x00, 0x00, 
	0x00, 0x00, 0x00, 0x00, 0x00, 0x00, 0x00, 0x00, 
	0x00, 0x00, 0x00, 0x00, 0x00, 0x00, 0x00, 0x00, 
	0xef, 0x7b, 0xef, 0x7b, 0xf7, 0xbd, 0xf7, 0xbd, 
	0xf7, 0xbd, 0xf7, 0xbd, 0xf7, 0xbd, 0xf7, 0xbd, 
	0xf7, 0xbd, 0xf7, 0xbd, 0xf7, 0xbd, 0xf7, 0xbd, 
	0xf7, 0xbd, 0xe7, 0x39, 0xde, 0xf7, 0xce, 0x73, 
	0xbd, 0xef, 0xbd, 0xef, 0x94, 0xa5, 0x00, 0x00, 
	0x00, 0x00, 0x00, 0x00, 0x00, 0x00, 0x00, 0x00, 
	0x00, 0x00, 0x00, 0x00, 0x00, 0x00, 0x00, 0x00, 
	0x00, 0x00, 0x00, 0x00, 0x00, 0x00, 0x00, 0x00, 
	0xde, 0xf7, 0xde, 0xf7, 0xde, 0xf7, 0xde, 0xf7, 
	0xde, 0xf7, 0xde, 0xf7, 0xde, 0xf7, 0xde, 0xf7, 
	0xde, 0xf7, 0xde, 0xf7, 0xde, 0xf7, 0xde, 0xf7, 
	0xd6, 0xb5, 0xce, 0x73, 0xc6, 0x31, 0xb5, 0xad, 
	0xb5, 0xad, 0xbd, 0xef, 0x00, 0x00, 0x00, 0x00, 
	0x00, 0x00, 0x00, 0x00, 0x00, 0x00, 0x00, 0x00, 
	0x00, 0x00, 0x00, 0x00, 0x00, 0x00, 0x00, 0x00, 
	0x00, 0x00, 0x00, 0x00, 0x00, 0x00, 0x00, 0x00, 
	0xc6, 0x31, 0xc6, 0x31, 0xc6, 0x31, 0xc6, 0x31, 
	0xc6, 0x31, 0xc6, 0x31, 0xc6, 0x31, 0xc6, 0x31, 
	0xc6, 0x31, 0xc6, 0x31, 0xbd, 0xef, 0xbd, 0xef, 
	0xbd, 0xef, 0xb5, 0xad, 0xc6, 0x31, 0xd6, 0xb5, 
	0xde, 0xf7, 0xe7, 0x39, 0xd6, 0xb5, 0xce, 0x73, 
	0x00, 0x00, 0x00, 0x00, 0x00, 0x00, 0x00, 0x00, 
	0x00, 0x00, 0x00, 0x00, 0x00, 0x00, 0x00, 0x00, 
	0xbd, 0xef, 0x00, 0x00, 0x00, 0x00, 0x00, 0x00, 
	0xb5, 0xad, 0xb5, 0xad, 0xb5, 0xad, 0xad, 0x6b, 
	0xad, 0x6b, 0xad, 0x6b, 0xad, 0x6b, 0xbd, 0xef, 
	0xc6, 0x31, 0xde, 0xf7, 0xe7, 0x39, 0xe7, 0x39, 
	0xe7, 0x39, 0xef, 0x7b, 0xf7, 0xbd, 0xf7, 0xbd, 
	0xf7, 0xbd, 0xef, 0x7b, 0xef, 0x7b, 0xef, 0x7b, 
	0xe7, 0x39, 0xe7, 0x39, 0xe7, 0x39, 0xde, 0xf7, 
	0xde, 0xf7, 0xde, 0xf7, 0xd6, 0xb5, 0xde, 0xf7, 
	0xd6, 0xb5, 0x00, 0x00, 0x00, 0x00, 0x00, 0x00, 
	0xa5, 0x29, 0xa5, 0x29, 0xa5, 0x29, 0xbd, 0xef, 
	0xc6, 0x31, 0xde, 0xf7, 0xef, 0x7b, 0xf7, 0xbd, 
	0xf7, 0xbd, 0xf7, 0xbd, 0xf7, 0xbd, 0xf7, 0xbd, 
	0xf7, 0xbd, 0xf7, 0xbd, 0xf7, 0xbd, 0xf7, 0xbd, 
	0xf7, 0xbd, 0xf7, 0xbd, 0xf7, 0xbd, 0xf7, 0xbd, 
	0xf7, 0xbd, 0xf7, 0xbd, 0xf7, 0xbd, 0xf7, 0xbd, 
	0xf7, 0xbd, 0xf7, 0xbd, 0xf7, 0xbd, 0xef, 0x7b, 
	0xad, 0x6b, 0x00, 0x00, 0x00, 0x00, 0x00, 0x00, 
	0xb5, 0xad, 0xc6, 0x31, 0xde, 0xf7, 0xe7, 0x39, 
	0xef, 0x7b, 0xef, 0x7b, 0xf7, 0xbd, 0xf7, 0xbd, 
	0xf7, 0xbd, 0xf7, 0xbd, 0xf7, 0xbd, 0xf7, 0xbd, 
	0xf7, 0xbd, 0xf7, 0xbd, 0xf7, 0xbd, 0xf7, 0xbd, 
	0xf7, 0xbd, 0xf7, 0xbd, 0xf7, 0xbd, 0xf7, 0xbd, 
	0xf7, 0xbd, 0xf7, 0xbd, 0xf7, 0xbd, 0xf7, 0xbd, 
	0xf7, 0xbd, 0xf7, 0xbd, 0xef, 0x7b, 0xc6, 0x31, 
	0x00, 0x00, 0x00, 0x00, 0x00, 0x00, 0x00, 0x00, 
	0xd6, 0xb5, 0xd6, 0xb5, 0xde, 0xf7, 0xde, 0xf7, 
	0xe7, 0x39, 0xe7, 0x39, 0xef, 0x7b, 0xef, 0x7b, 
	0xf7, 0xbd, 0xf7, 0xbd, 0xf7, 0xbd, 0xf7, 0xbd, 
	0xf7, 0xbd, 0xf7, 0xbd, 0xf7, 0xbd, 0xf7, 0xbd, 
	0xf7, 0xbd, 0xf7, 0xbd, 0xf7, 0xbd, 0xf7, 0xbd, 
	0xf7, 0xbd, 0xf7, 0xbd, 0xf7, 0xbd, 0xf7, 0xbd, 
	0xf7, 0xbd, 0xef, 0x7b, 0xce, 0x73, 0x9c, 0xe7, 
	0x00, 0x00, 0x00, 0x00, 0x00, 0x00, 0x00, 0x00, 
	0xce, 0x73, 0xd6, 0xb5, 0xd6, 0xb5, 0xd6, 0xb5, 
	0xd6, 0xb5, 0xd6, 0xb5, 0xd6, 0xb5, 0xd6, 0xb5, 
	0xd6, 0xb5, 0xde, 0xf7, 0xde, 0xf7, 0xe7, 0x39, 
	0xef, 0x7b, 0xef, 0x7b, 0xf7, 0xbd, 0xf7, 0xbd, 
	0xf7, 0xbd, 0xf7, 0xbd, 0xf7, 0xbd, 0xf7, 0xbd, 
	0xf7, 0xbd, 0xf7, 0xbd, 0xf7, 0xbd, 0xf7, 0xbd, 
	0xe7, 0x39, 0xc6, 0x31, 0xad, 0x6b, 0x8c, 0x63, 
	0x00, 0x00, 0x00, 0x00, 0x00, 0x00, 0x00, 0x00, 
	0xc6, 0x31, 0xc6, 0x31, 0xc6, 0x31, 0xc6, 0x31, 
	0xc6, 0x31, 0xc6, 0x31, 0xbd, 0xef, 0xc6, 0x31, 
	0xbd, 0xef, 0xc6, 0x31, 0xc6, 0x31, 0xc6, 0x31, 
	0xce, 0x73, 0xce, 0x73, 0xd6, 0xb5, 0xd6, 0xb5, 
	0xde, 0xf7, 0xe7, 0x39, 0xe7, 0x39, 0xef, 0x7b, 
	0xe7, 0x39, 0xe7, 0x39, 0xde, 0xf7, 0xce, 0x73, 
	0xbd, 0xef, 0xad, 0x6b, 0x94, 0xa5, 0x00, 0x00, 
	0x00, 0x00, 0x00, 0x00, 0x00, 0x00, 0x00, 0x00, 
	0xbd, 0xef, 0xb5, 0xad, 0xb5, 0xad, 0xb5, 0xad, 
	0xad, 0x6b, 0xad, 0x6b, 0xad, 0x6b, 0xad, 0x6b, 
	0xad, 0x6b, 0xad, 0x6b, 0xad, 0x6b, 0xad, 0x6b, 
	0xad, 0x6b, 0xb5, 0xad, 0xb5, 0xad, 0xbd, 0xef, 
	0xbd, 0xef, 0xbd, 0xef, 0xc6, 0x31, 0xc6, 0x31, 
	0xc6, 0x31, 0xbd, 0xef, 0xb5, 0xad, 0xad, 0x6b, 
	0xa5, 0x29, 0x94, 0xa5, 0x7b, 0xdf, 0x00, 0x00, 
	0x00, 0x00, 0x00, 0x00, 0x00, 0x00, 0x00, 0x00, 
	0xad, 0x6b, 0xad, 0x6b, 0xa5, 0x29, 0xa5, 0x29, 
	0x9c, 0xe7, 0x9c, 0xe7, 0x9c, 0xe7, 0x94, 0xa5, 
	0x94, 0xa5, 0x94, 0xa5, 0x94, 0xa5, 0x94, 0xa5, 
	0x94, 0xa5, 0x94, 0xa5, 0x9c, 0xe7, 0x9c, 0xe7, 
	0x9c, 0xe7, 0xa5, 0x29, 0xa5, 0x29, 0xa5, 0x29, 
	0xa5, 0x29, 0xa5, 0x29, 0x9c, 0xe7, 0x94, 0xa5, 
	0x94, 0xa5, 0x7b, 0xdf, 0x00, 0x00, 0x00, 0x00, 
	0x00, 0x00, 0x00, 0x00, 0x00, 0x00, 0x00, 0x00, 
	0xa5, 0x29, 0x9c, 0xe7, 0x94, 0xa5, 0x94, 0xa5, 
	0x94, 0xa5, 0x94, 0xa5, 0x8c, 0x63, 0x8c, 0x63, 
	0x8c, 0x63, 0x8c, 0x63, 0x84, 0x21, 0x84, 0x21, 
	0x84, 0x21, 0x8c, 0x63, 0x8c, 0x63, 0x8c, 0x63, 
	0x8c, 0x63, 0x94, 0xa5, 0x94, 0xa5, 0x94, 0xa5, 
	0x94, 0xa5, 0x94, 0xa5, 0x8c, 0x63, 0x84, 0x21, 
	0x73, 0x9d, 0x52, 0x95, 0x00, 0x00, 0x00, 0x00, 
	0x00, 0x00, 0x00, 0x00, 0x00, 0x00, 0x00, 0x00, 
	0x94, 0xa5, 0x94, 0xa5, 0x94, 0xa5, 0x8c, 0x63, 
	0x84, 0x21, 0x84, 0x21, 0x7b, 0xdf, 0x7b, 0xdf, 
	0x73, 0x9d, 0x73, 0x9d, 0x73, 0x9d, 0x73, 0x9d, 
	0x73, 0x9d, 0x73, 0x9d, 0x73, 0x9d, 0x73, 0x9d, 
	0x73, 0x9d, 0x7b, 0xdf, 0x7b, 0xdf, 0x7b, 0xdf, 
	0x7b, 0xdf, 0x7b, 0xdf, 0x73, 0x9d, 0x63, 0x19, 
	0x4a, 0x53, 0x00, 0x00, 0x00, 0x00, 0x00, 0x00, 
	0x00, 0x00, 0x00, 0x00, 0x00, 0x00, 0x00, 0x00, 
	0x94, 0xa5, 0x8c, 0x63, 0x84, 0x21, 0x7b, 0xdf, 
	0x73, 0x9d, 0x73, 0x9d, 0x6b, 0x5b, 0x63, 0x19, 
	0x63, 0x19, 0x5a, 0xd7, 0x5a, 0xd7, 0x52, 0x95, 
	0x52, 0x95, 0x52, 0x95, 0x52, 0x95, 0x5a, 0xd7, 
	0x5a, 0xd7, 0x5a, 0xd7, 0x5a, 0xd7, 0x5a, 0xd7, 
	0x5a, 0xd7, 0x5a, 0xd7, 0x42, 0x11, 0x39, 0xcf, 
	0x00, 0x00, 0x00, 0x00, 0x00, 0x00, 0x00, 0x00, 
	0x00, 0x00, 0x00, 0x00, 0x00, 0x00, 0x00, 0x00, 
	0x84, 0x21, 0x7b, 0xdf, 0x73, 0x9d, 0x6b, 0x5b, 
	0x63, 0x19, 0x5a, 0xd7, 0x4a, 0x53, 0x5a, 0xd7, 
	0x52, 0x95, 0x5a, 0xd7, 0x5a, 0xd7, 0x5a, 0xd7, 
	0x5a, 0xd7, 0x5a, 0xd7, 0x5a, 0xd7, 0x5a, 0xd7, 
	0x5a, 0xd7, 0x5a, 0xd7, 0x52, 0x95, 0x39, 0xcf, 
	0x39, 0xcf, 0x31, 0x8d, 0x00, 0x00, 0x00, 0x00, 
	0x00, 0x00, 0x00, 0x00, 0x00, 0x00, 0x00, 0x00, 
	0x00, 0x00, 0x00, 0x00, 0x00, 0x00, 0x00, 0x00, 
	0x73, 0x9d, 0x6b, 0x5b, 0x5a, 0xd7, 0x63, 0x19, 
	0x5a, 0xd7, 0x63, 0x19, 0x6b, 0x5b, 0x6b, 0x5b, 
	0x63, 0x19, 0x63, 0x19, 0x63, 0x19, 0x63, 0x19, 
	0x63, 0x19, 0x63, 0x19, 0x63, 0x19, 0x5a, 0xd7, 
	0x5a, 0xd7, 0x5a, 0xd7, 0x42, 0x11, 0x00, 0x00, 
	0x00, 0x00, 0x00, 0x00, 0x00, 0x00, 0x00, 0x00, 
	0x00, 0x00, 0x00, 0x00, 0x00, 0x00, 0x00, 0x00, 
	0x00, 0x00, 0x00, 0x00, 0x00, 0x00, 0x00, 0x00, 
	0x63, 0x19, 0x6b, 0x5b, 0x63, 0x19, 0x63, 0x19, 
	0x5a, 0xd7, 0x7b, 0xdf, 0x84, 0x21, 0x8c, 0x63, 
	0x9c, 0xe7, 0xa5, 0x29, 0xa5, 0x29, 0xad, 0x6b, 
	0xad, 0x6b, 0xad, 0x6b, 0xad, 0x6b, 0xad, 0x6b, 
	0xa5, 0x29, 0xbd, 0xef, 0x00, 0x00, 0x00, 0x00, 
	0x00, 0x00, 0x00, 0x00, 0x00, 0x00, 0x00, 0x00, 
	0x00, 0x00, 0x00, 0x00, 0x00, 0x00, 0x00, 0x00, 
	0x00, 0x00, 0x00, 0x00, 0x00, 0x00, 0x00, 0x00, 
	0x63, 0x19, 0x84, 0x21, 0xa5, 0x29, 0xbd, 0xef, 
	0xe7, 0x39, 0xef, 0x7b, 0xef, 0x7b, 0xef, 0x7b, 
	0xef, 0x7b, 0xf7, 0xbd, 0xf7, 0xbd, 0xf7, 0xbd, 
	0xf7, 0xbd, 0xf7, 0xbd, 0xf7, 0xbd, 0xf7, 0xbd, 
	0xf7, 0xbd, 0xf7, 0xbd, 0xf7, 0xbd, 0x00, 0x00, 
	0x00, 0x00, 0x00, 0x00, 0x00, 0x00, 0x00, 0x00, 
	0x00, 0x00, 0x00, 0x00, 0x00, 0x00, 0x00, 0x00, 
	0x00, 0x00, 0x00, 0x00, 0x00, 0x00, 0x00, 0x00, 
	0xc6, 0x31, 0xd6, 0xb5, 0xde, 0xf7, 0xde, 0xf7, 
	0xde, 0xf7, 0xde, 0xf7, 0xde, 0xf7, 0xe7, 0x39, 
	0xe7, 0x39, 0xe7, 0x39, 0xef, 0x7b, 0xef, 0x7b, 
	0xef, 0x7b, 0xf7, 0xbd, 0xf7, 0xbd, 0xf7, 0xbd, 
	0xf7, 0xbd, 0xf7, 0xbd, 0xf7, 0xbd, 0xf7, 0xbd, 
	0x00, 0x00, 0x00, 0x00, 0x00, 0x00, 0x00, 0x00, 
	0x00, 0x00, 0x00, 0x00, 0x00, 0x00, 0x00, 0x00, 
	0x00, 0x00, 0x00, 0x00, 0x00, 0x00, 0x00, 0x00, 
	0xce, 0x73, 0xce, 0x73, 0xce, 0x73, 0xd6, 0xb5, 
	0xd6, 0xb5, 0xd6, 0xb5, 0xd6, 0xb5, 0xd6, 0xb5, 
	0xde, 0xf7, 0xde, 0xf7, 0xde, 0xf7, 0xde, 0xf7, 
	0xe7, 0x39, 0xe7, 0x39, 0xe7, 0x39, 0xef, 0x7b, 
	0xef, 0x7b, 0xf7, 0xbd, 0xf7, 0xbd, 0xf7, 0xbd, 
	0xe7, 0x39, 0x00, 0x00, 0x00, 0x00, 0x00, 0x00, 
	0x00, 0x00, 0x00, 0x00, 0x00, 0x00, 0x00, 0x00, 
	0x00, 0x00, 0x00, 0x00, 0x00, 0x00, 0x00, 0x00, 
	0xc6, 0x31, 0xc6, 0x31, 0xc6, 0x31, 0xce, 0x73, 
	0xce, 0x73, 0xce, 0x73, 0xce, 0x73, 0xce, 0x73, 
	0xce, 0x73, 0xce, 0x73, 0xd6, 0xb5, 0xd6, 0xb5, 
	0xd6, 0xb5, 0xd6, 0xb5, 0xd6, 0xb5, 0xde, 0xf7, 
	0xde, 0xf7, 0xde, 0xf7, 0xe7, 0x39, 0xe7, 0x39, 
	0xce, 0x73, 0x00, 0x00, 0x00, 0x00, 0x00, 0x00, 
	0x00, 0x00, 0x00, 0x00, 0x00, 0x00, 0x00, 0x00, 
	0x00, 0x00, 0x00, 0x00, 0x00, 0x00, 0x00, 0x00, 
	0xbd, 0xef, 0xbd, 0xef, 0xbd, 0xef, 0xbd, 0xef, 
	0xbd, 0xef, 0xc6, 0x31, 0xc6, 0x31, 0xc6, 0x31, 
	0xc6, 0x31, 0xc6, 0x31, 0xc6, 0x31, 0xc6, 0x31, 
	0xc6, 0x31, 0xc6, 0x31, 0xce, 0x73, 0xce, 0x73, 
	0xce, 0x73, 0xce, 0x73, 0xce, 0x73, 0xc6, 0x31, 
	0xa5, 0x29, 0x00, 0x00, 0x00, 0x00, 0x00, 0x00, 
	0x00, 0x00, 0x00, 0x00, 0x00, 0x00, 0x00, 0x00, 
	0x00, 0x00, 0x00, 0x00, 0x00, 0x00, 0x00, 0x00, 
	0xad, 0x6b, 0xb5, 0xad, 0xb5, 0xad, 0xb5, 0xad, 
	0xb5, 0xad, 0xb5, 0xad, 0xb5, 0xad, 0xbd, 0xef, 
	0xbd, 0xef, 0xbd, 0xef, 0xbd, 0xef, 0xbd, 0xef, 
	0xbd, 0xef, 0xbd, 0xef, 0xbd, 0xef, 0xbd, 0xef, 
	0xb5, 0xad, 0xb5, 0xad, 0xad, 0x6b, 0x94, 0xa5, 
	0x00, 0x00, 0x00, 0x00, 0x00, 0x00, 0x00, 0x00, 
	0x00, 0x00, 0x00, 0x00, 0x00, 0x00, 0x00, 0x00, 
	0x00, 0x00, 0x00, 0x00, 0x00, 0x00, 0x00, 0x00, 
	0xa5, 0x29, 0xa5, 0x29, 0xa5, 0x29, 0xa5, 0x29, 
	0xad, 0x6b, 0xad, 0x6b, 0xad, 0x6b, 0xad, 0x6b, 
	0xad, 0x6b, 0xad, 0x6b, 0xad, 0x6b, 0xad, 0x6b, 
	0xad, 0x6b, 0xad, 0x6b, 0xa5, 0x29, 0xa5, 0x29, 
	0xa5, 0x29, 0x94, 0xa5, 0x84, 0x21, 0x00, 0x00, 
	0x00, 0x00, 0x00, 0x00, 0x00, 0x00, 0x00, 0x00, 
	0x00, 0x00, 0x00, 0x00, 0x00, 0x00, 0x00, 0x00, 
	0x00, 0x00, 0x00, 0x00, 0x00, 0x00, 0x00, 0x00, 
	0x94, 0xa5, 0x94, 0xa5, 0x94, 0xa5, 0x94, 0xa5, 
	0x9c, 0xe7, 0x9c, 0xe7, 0x9c, 0xe7, 0x9c, 0xe7, 
	0x9c, 0xe7, 0x9c, 0xe7, 0x9c, 0xe7, 0x9c, 0xe7, 
	0x94, 0xa5, 0x94, 0xa5, 0x94, 0xa5, 0x8c, 0x63, 
	0x73, 0x9d, 0x52, 0x95, 0x00, 0x00, 0x00, 0x00, 
	0x00, 0x00, 0x00, 0x00, 0x00, 0x00, 0x00, 0x00, 
	0x00, 0x00, 0x00, 0x00, 0x00, 0x00, 0x00, 0x00, 
	0x00, 0x00, 0x00, 0x00, 0x00, 0x00, 0x00, 0x00, 
	0x73, 0x9d, 0x7b, 0xdf, 0x84, 0x21, 0x84, 0x21, 
	0x84, 0x21, 0x8c, 0x63, 0x8c, 0x63, 0x8c, 0x63, 
	0x8c, 0x63, 0x84, 0x21, 0x84, 0x21, 0x84, 0x21, 
	0x7b, 0xdf, 0x6b, 0x5b, 0x5a, 0xd7, 0x52, 0x95, 
	0x00, 0x00, 0x00, 0x00, 0x00, 0x00, 0x00, 0x00, 
	0x00, 0x00, 0x00, 0x00, 0x00, 0x00, 0x00, 0x00, 
	0x00, 0x00, 0x00, 0x00, 0x00, 0x00, 0x00, 0x00, 
	0x00, 0x00, 0x00, 0x00, 0x00, 0x00, 0x00, 0x00, 
	0x84, 0x21, 0x73, 0x9d, 0x63, 0x19, 0x5a, 0xd7, 
	0x5a, 0xd7, 0x5a, 0xd7, 0x5a, 0xd7, 0x5a, 0xd7, 
	0x5a, 0xd7, 0x52, 0x95, 0x5a, 0xd7, 0x4a, 0x53, 
	0x39, 0xcf, 0x00, 0x00, 0x00, 0x00, 0x00, 0x00, 
	0x00, 0x00, 0x00, 0x00, 0x00, 0x00, 0x00, 0x00, 
	0x00, 0x00, 0x00, 0x00, 0x00, 0x00, 0x00, 0x00, 
	0x00, 0x00, 0x00, 0x00, 0x00, 0x00, 0x00, 0x00, 
	0x00, 0x00, 0x00, 0x00, 0x00, 0x00, 0x00, 0x00, 
	0xe7, 0x39, 0xe7, 0x39, 0xe7, 0x39, 0xde, 0xf7, 
	0xce, 0x73, 0xc6, 0x31, 0xad, 0x6b, 0x9c, 0xe7, 
	0x9c, 0xe7, 0x84, 0x21, 0x7b, 0xdf, 0x6b, 0x5b, 
	0x00, 0x00, 0x00, 0x00, 0x00, 0x00, 0x00, 0x00, 
	0x00, 0x00, 0x00, 0x00, 0x00, 0x00, 0x00, 0x00, 
	0x00, 0x00, 0x00, 0x00, 0x00, 0x00, 0x00, 0x00, 
	0x00, 0x00, 0x00, 0x00, 0x00, 0x00, 0x00, 0x00, 
	0x00, 0x00, 0x00, 0x00, 0x00, 0x00, 0x00, 0x00, 
	0xd6, 0xb5, 0xd6, 0xb5, 0xde, 0xf7, 0xde, 0xf7, 
	0xde, 0xf7, 0xe7, 0x39, 0xe7, 0x39, 0xef, 0x7b, 
	0xef, 0x7b, 0xf7, 0xbd, 0xf7, 0xbd, 0xf7, 0xbd, 
	0xbd, 0xef, 0x00, 0x00, 0x00, 0x00, 0x00, 0x00, 
	0x00, 0x00, 0x00, 0x00, 0x00, 0x00, 0x00, 0x00, 
	0x00, 0x00, 0x00, 0x00, 0x00, 0x00, 0x00, 0x00, 
	0x00, 0x00, 0x00, 0x00, 0x00, 0x00, 0x00, 0x00, 
	0x00, 0x00, 0x00, 0x00, 0x00, 0x00, 0x00, 0x00, 
	0xc6, 0x31, 0xc6, 0x31, 0xce, 0x73, 0xce, 0x73, 
	0xce, 0x73, 0xce, 0x73, 0xd6, 0xb5, 0xd6, 0xb5, 
	0xd6, 0xb5, 0xd6, 0xb5, 0xd6, 0xb5, 0xd6, 0xb5, 
	0xb5, 0xad, 0x00, 0x00, 0x00, 0x00, 0x00, 0x00, 
	0x00, 0x00, 0x00, 0x00, 0x00, 0x00, 0x00, 0x00, 
	0x00, 0x00, 0x00, 0x00, 0x00, 0x00, 0x00, 0x00, 
	0x00, 0x00, 0x00, 0x00, 0x00, 0x00, 0x00, 0x00, 
	0x00, 0x00, 0x00, 0x00, 0x00, 0x00, 0x00, 0x00, 
	0xb5, 0xad, 0xb5, 0xad, 0xbd, 0xef, 0xbd, 0xef, 
	0xbd, 0xef, 0xbd, 0xef, 0xbd, 0xef, 0xbd, 0xef, 
	0xbd, 0xef, 0xbd, 0xef, 0xb5, 0xad, 0x9c, 0xe7, 
	0x00, 0x00, 0x00, 0x00, 0x00, 0x00, 0x00, 0x00, 
	0x00, 0x00, 0x00, 0x00, 0x00, 0x00, 0x00, 0x00, 
	0x00, 0x00, 0x00, 0x00, 0x00, 0x00, 0x00, 0x00, 
	0x00, 0x00, 0x00, 0x00, 0x00, 0x00, 0x00, 0x00, 
	0x00, 0x00, 0x00, 0x00, 0x00, 0x00, 0x00, 0x00, 
	0xa5, 0x29, 0xa5, 0x29, 0xa5, 0x29, 0xa5, 0x29, 
	0xa5, 0x29, 0xa5, 0x29, 0xa5, 0x29, 0xa5, 0x29, 
	0x9c, 0xe7, 0x94, 0xa5, 0x84, 0x21, 0x00, 0x00, 
	0x00, 0x00, 0x00, 0x00, 0x00, 0x00, 0x00, 0x00, 
	0x00, 0x00, 0x00, 0x00, 0x00, 0x00, 0x00, 0x00, 
	0x00, 0x00, 0x00, 0x00, 0x00, 0x00, 0x00, 0x00, 
	0x00, 0x00, 0x00, 0x00, 0x00, 0x00, 0x00, 0x00, 
	0x00, 0x00, 0x00, 0x00, 0x00, 0x00, 0x00, 0x00, 
	0x94, 0xa5, 0x94, 0xa5, 0x94, 0xa5, 0x94, 0xa5, 
	0x94, 0xa5, 0x8c, 0x63, 0x8c, 0x63, 0x84, 0x21, 
	0x73, 0x9d, 0x5a, 0xd7, 0x00, 0x00, 0x00, 0x00, 
	0x00, 0x00, 0x00, 0x00, 0x00, 0x00, 0x00, 0x00, 
	0x00, 0x00, 0x00, 0x00, 0x00, 0x00, 0x00, 0x00, 
	0x00, 0x00, 0x00, 0x00, 0x00, 0x00, 0x00, 0x00, 
	0x00, 0x00, 0x00, 0x00, 0x00, 0x00, 0x00, 0x00, 
	0x00, 0x00, 0x00, 0x00, 0x00, 0x00, 0x00, 0x00, 
	0x73, 0x9d, 0x73, 0x9d, 0x6b, 0x5b, 0x6b, 0x5b, 
	0x63, 0x19, 0x5a, 0xd7, 0x4a, 0x53, 0x42, 0x11, 
	0x00, 0x00, 0x00, 0x00, 0x00, 0x00, 0x00, 0x00, 
	0x00, 0x00, 0x00, 0x00, 0x00, 0x00, 0x00, 0x00, 
	0x00, 0x00, 0x00, 0x00, 0x00, 0x00, 0x00, 0x00, 
	0x00, 0x00, 0x00, 0x00, 0x00, 0x00, 0x00, 0x00, 
	0x00, 0x00, 0x00, 0x00, 0x00, 0x00, 0x00, 0x00, 
	0x00, 0x00, 0x00, 0x00, 0x00, 0x00, 0x00, 0x00, 
	0x4a, 0x53, 0x42, 0x11, 0x42, 0x11, 0x42, 0x11, 
	0x42, 0x11, 0x42, 0x11, 0x00, 0x00, 0x00, 0x00, 
	0x00, 0x00, 0x00, 0x00, 0x00, 0x00, 0x00, 0x00, 
	0x00, 0x00, 0x00, 0x00, 0x00, 0x00, 0x00, 0x00, 
	0x00, 0x00, 0x00, 0x00, 0x00, 0x00, 0x00, 0x00, 
	0x00, 0x00, 0x00, 0x00, 0x00, 0x00, 0x00, 0x00, 
	0x00, 0x00, 0x00, 0x00, 0x00, 0x00, 0x00, 0x00, 
	0x00, 0x00, 0x00, 0x00, 0x00, 0x00, 0x00, 0x00, 
	0x6b, 0x5b, 0x6b, 0x5b, 0x6b, 0x5b, 0x73, 0x9d, 
	0x73, 0x9d, 0x7b, 0xdf, 0x00, 0x00, 0x00, 0x00, 
	0x00, 0x00, 0x00, 0x00, 0x00, 0x00, 0x00, 0x00, 
	0x00, 0x00, 0x00, 0x00, 0x00, 0x00, 0x00, 0x00, 
	0x00, 0x00, 0x00, 0x00, 0x00, 0x00, 0x00, 0x00, 
	0x00, 0x00, 0x00, 0x00, 0x00, 0x00, 0x00, 0x00, 
	0x00, 0x00, 0x00, 0x00, 0x00, 0x00, 0x00, 0x00, 
	0x00, 0x00, 0x00, 0x00, 0x00, 0x00, 0x00, 0x00, 
	0xc6, 0x31, 0xc6, 0x31, 0xc6, 0x31, 0xc6, 0x31, 
	0xc6, 0x31, 0xad, 0x6b, 0x00, 0x00, 0x00, 0x00, 
	0x00, 0x00, 0x00, 0x00, 0x00, 0x00, 0x00, 0x00, 
	0x00, 0x00, 0x00, 0x00, 0x00, 0x00, 0x00, 0x00, 
	0x00, 0x00, 0x00, 0x00, 0x00, 0x00, 0x00, 0x00, 
	0x00, 0x00, 0x00, 0x00, 0x00, 0x00, 0x00, 0x00, 
	0x00, 0x00, 0x00, 0x00, 0x00, 0x00, 0x00, 0x00, 
	0x00, 0x00, 0x00, 0x00, 0x00, 0x00, 0x00, 0x00, 
	0xad, 0x6b, 0xad, 0x6b, 0xad, 0x6b, 0xa5, 0x29, 
	0x94, 0xa5, 0x73, 0x9d, 0x00, 0x00, 0x00, 0x00, 
	0x00, 0x00, 0x00, 0x00, 0x00, 0x00, 0x00, 0x00, 
	0x00, 0x00, 0x00, 0x00, 0x00, 0x00, 0x00, 0x00, 
	0x00, 0x00, 0x00, 0x00, 0x00, 0x00, 0x00, 0x00, 
	0x00, 0x00, 0x00, 0x00, 0x00, 0x00, 0x00, 0x00, 
	0x00, 0x00, 0x00, 0x00, 0x00, 0x00, 0x00, 0x00, 
	0x00, 0x00, 0x00, 0x00, 0x00, 0x00, 0x00, 0x00, 
	0x94, 0xa5, 0x94, 0xa5, 0x8c, 0x63, 0x73, 0x9d, 
	0x00, 0x00, 0x00, 0x00, 0x00, 0x00, 0x00, 0x00, 
	0x00, 0x00, 0x00, 0x00, 0x00, 0x00, 0x00, 0x00, 
	0x00, 0x00, 0x00, 0x00, 0x00, 0x00, 0x00, 0x00, 
	0x00, 0x00, 0x00, 0x00, 0x00, 0x00, 0x00, 0x00, 
	0x00, 0x00, 0x00, 0x00, 0x00, 0x00, 0x00, 0x00, 
	0x00, 0x00, 0x00, 0x00, 0x00, 0x00, 0x00, 0x00, 
	0x00, 0x00, 0x00, 0x00, 0x00, 0x00, 0x00, 0x00, 
	0x63, 0x19, 0x52, 0x95, 0x42, 0x11, 0x00, 0x00, 
	0x00, 0x00, 0x00, 0x00, 0x00, 0x00, 0x00, 0x00, 
	0x00, 0x00, 0x00, 0x00, 0x00, 0x00, 0x00, 0x00, 
	0x00, 0x00, 0x00, 0x00, 0x00, 0x00, 0x00, 0x00, 
	0x00, 0x00, 0x00, 0x00, 0x00, 0x00, 0x00, 0x00, 
	0x00, 0x00, 0x00, 0x00, 0x00, 0x00, 0x00, 0x00, 
	0x00, 0x00, 0x00, 0x00, 0x00, 0x00, 0x00, 0x00, 
	0x00, 0x00, 0x00, 0x00, 0x00, 0x00, 0x00, 0x00, 
	0x00, 0x00, 0x00, 0x00, 0x00, 0x00, 0x00, 0x00, 
	0x00, 0x00, 0x00, 0x00, 0x00, 0x00, 0x00, 0x00, 
	0x00, 0x00, 0x00, 0x00, 0x00, 0x00, 0x00, 0x00, 
	0x00, 0x00, 0x00, 0x00, 0x00, 0x00, 0x00, 0x00, 
	0x00, 0x00, 0x00, 0x00, 0x00, 0x00, 0x00, 0x00, 
	0x00, 0x00, 0x00, 0x00, 0x00, 0x00, 0x00, 0x00, 
	0x00, 0x00, 0x00, 0x00, 0x00, 0x00, 0x00, 0x00, 
	0x00, 0x00, 0x00, 0x00, 0x00, 0x00, 0x00, 0x00, 
	0x00, 0x00, 0x00, 0x00, 0x00, 0x00, 0x00, 0x00, 
	0x00, 0x00, 0x00, 0x00, 0x00, 0x00, 0x00, 0x00, 
	0x00, 0x00, 0x00, 0x00, 0x00, 0x00, 0x00, 0x00, 
	0x00, 0x00, 0x00, 0x00, 0x00, 0x00, 0x00, 0x00, 
	0x00, 0x00, 0x00, 0x00, 0x00, 0x00, 0x00, 0x00, 
	0x00, 0x00, 0x00, 0x00, 0x00, 0x00, 0x00, 0x00, 
	0x00, 0x00, 0x00, 0x00, 0x00, 0x00, 0x00, 0x00, 
	0x00, 0x00, 0x00, 0x00, 0x00, 0x00, 0x00, 0x00, 
	0x00, 0x00, 0x00, 0x00, 0x00, 0x00, 0x00, 0x00, 
	0x00, 0x00, 0x00, 0x00, 0x00, 0x00, 0x00, 0x00, 
	0x00, 0x00, 0x00, 0x00, 0x00, 0x00, 0x00, 0x00, 
	0x00, 0x00, 0x00, 0x00, 0x00, 0x00, 0x00, 0x00, 
	0x00, 0x00, 0x00, 0x00, 0x00, 0x00, 0x00, 0x00, 
	0x00, 0x00, 0x00, 0x00, 0x00, 0x00, 0x00, 0x00, 
	0x00, 0x00, 0x00, 0x00, 0x00, 0x00, 0x00, 0x00, 
	0x00, 0x00, 0x00, 0x00, 0x00, 0x00, 0x00, 0x00, 
	0x00, 0x00, 0x00, 0x00, 0x00, 0x00, 0x00, 0x00, 
	0x00, 0x00, 0x00, 0x00, 0x00, 0x00, 0x00, 0x00, 
	0x00, 0x00, 0x00, 0x00, 0x00, 0x00, 0x00, 0x00, 
	0x00, 0x00, 0x00, 0x00, 0x00, 0x00, 0x00, 0x00, 
	0x00, 0x00, 0x00, 0x00, 0x00, 0x00, 0x00, 0x00, 
	0x00, 0x00, 0x00, 0x00, 0x00, 0x00, 0x00, 0x00, 
	0x00, 0x00, 0x00, 0x00, 0x00, 0x00, 0x00, 0x00, 
	0x00, 0x00, 0x00, 0x00, 0x00, 0x00, 0x00, 0x00, 
	0x00, 0x00, 0x00, 0x00, 0x00, 0x00, 0x00, 0x00, 
	0x00, 0x00, 0x00, 0x00, 0x00, 0x00, 0x00, 0x00, 
	0x00, 0x00, 0x00, 0x00, 0x00, 0x00, 0x00, 0x00, 
	0x00, 0x00, 0x00, 0x00, 0x00, 0x00, 0x00, 0x00, 
	0x00, 0x00, 0x00, 0x00, 0x00, 0x00, 0x00, 0x00, 
	0x00, 0x00, 0x00, 0x00, 0x00, 0x00, 0x00, 0x00, 
	0x00, 0x00, 0x00, 0x00, 0x00, 0x00, 0x00, 0x00, 
	0x00, 0x00, 0x00, 0x00, 0x00, 0x00, 0x00, 0x00, 
	0x00, 0x00, 0x00, 0x00, 0x00, 0x00, 0x00, 0x00, 
	0x00, 0x00, 0x00, 0x00, 0x00, 0x00, 0x00, 0x00, 
	0x00, 0x00, 0x00, 0x00, 0x00, 0x00, 0x00, 0x00, 
	0x00, 0x00, 0x00, 0x00, 0x00, 0x00, 0x00, 0x00, 
	0x00, 0x00, 0x00, 0x00, 0x00, 0x00, 0x00, 0x00, 
	0x00, 0x00, 0x00, 0x00, 0x00, 0x00, 0x00, 0x00, 
	0x00, 0x00, 0x00, 0x00, 0x00, 0x00, 0x00, 0x00, 
	0x00, 0x00, 0x00, 0x00, 0x00, 0x00, 0x00, 0x00, 
	0x00, 0x00, 0x00, 0x00, 0x00, 0x00, 0x00, 0x00, 
	0x00, 0x00, 0x00, 0x00, 0x00, 0x00, 0x00, 0x00, 
	0x00, 0x00, 0x00, 0x00, 0x00, 0x00, 0x00, 0x00, 
	0x00, 0x00, 0x00, 0x00, 0x00, 0x00, 0x00, 0x00, 
	0x00, 0x00, 0x00, 0x00, 0x00, 0x00, 0x00, 0x00, 
	0x00, 0x00, 0x00, 0x00, 0x00, 0x00, 0x00, 0x00, 
	0x00, 0x00, 0x00, 0x00, 0x00, 0x00, 0x00, 0x00, 
	0x00, 0x00, 0x00, 0x00, 0x00, 0x00, 0x00, 0x00, 
	0x00, 0x00, 0x00, 0x00, 0x00, 0x00, 0x00, 0x00, 
	0x00, 0x00, 0x00, 0x00, 0x00, 0x00, 0x00, 0x00, 
	0x00, 0x00, 0x00, 0x00, 0x00, 0x00, 0x00, 0x00, 
	0x00, 0x00, 0x00, 0x00, 0x00, 0x00, 0x00, 0x00, 
	0x00, 0x00, 0x00, 0x00, 0x00, 0x00, 0x00, 0x00, 
	0x00, 0x00, 0x00, 0x00, 0x00, 0x00, 0x00, 0x00, 
	0x00, 0x00, 0x00, 0x00, 0x00, 0x00, 0x00, 0x00, 
	0x00, 0x00, 0x00, 0x00, 0x00, 0x00, 0x00, 0x00, 
	0x00, 0x00, 0x00, 0x00, 0x00, 0x00, 0x00, 0x00, 
	0x00, 0x00, 0x00, 0x00, 0x00, 0x00, 0x00, 0x00, 
	0x00, 0x00, 0x00, 0x00, 0x00, 0x00, 0x00, 0x00, 
	0x00, 0x00, 0x00, 0x00, 0x00, 0x00, 0x00, 0x00, 
	0x00, 0x00, 0x00, 0x00, 0x00, 0x00, 0x00, 0x00, 
	0x00, 0x00, 0x00, 0x00, 0x00, 0x00, 0x00, 0x00, 
	0x00, 0x00, 0x00, 0x00, 0x00, 0x00, 0x00, 0x00, 
	0x00, 0x00, 0x00, 0x00, 0x00, 0x00, 0x00, 0x00, 
	0x00, 0x00, 0x00, 0x00, 0x00, 0x00, 0x00, 0x00, 
	0x00, 0x00, 0x00, 0x00, 0x00, 0x00, 0x00, 0x00, 
	0x00, 0x00, 0x00, 0x00, 0x00, 0x00, 0x00, 0x00, 
	0x00, 0x00, 0x00, 0x00, 0x00, 0x00, 0x00, 0x00, 
	0x00, 0x00, 0x00, 0x00, 0x00, 0x00, 0x00, 0x00, 
	0x00, 0x00, 0x00, 0x00, 0x00, 0x00, 0x00, 0x00, 
	0x00, 0x00, 0x00, 0x00, 0x00, 0x00, 0x00, 0x00, 
	0x00, 0x00, 0x00, 0x00, 0x00, 0x00, 0x00, 0x00, 
	0x00, 0x00, 0x00, 0x00, 0x00, 0x00, 0x00, 0x00, 
	0x00, 0x00, 0x00, 0x00, 0x00, 0x00, 0x00, 0x00, 
	0x00, 0x00, 0x00, 0x00, 0x00, 0x00, 0x00, 0x00, 
	0x00, 0x00, 0x00, 0x00, 0x00, 0x00, 0x00, 0x00, 
	0x00, 0x00, 0x00, 0x00, 0x00, 0x00, 0x00, 0x00, 
	0x00, 0x00, 0x00, 0x00, 0x00, 0x00, 0x00, 0x00, 
	0x00, 0x00, 0x00, 0x00, 0x00, 0x00, 0x00, 0x00, 
	0x00, 0x00, 0x00, 0x00, 0x00, 0x00, 0x00, 0x00, 
	0x00, 0x00, 0x00, 0x00, 0x00, 0x00, 0x00, 0x00, 
	0x00, 0x00, 0x00, 0x00, 0x00, 0x00, 0x00, 0x00, 
	0x00, 0x00, 0x00, 0x00, 0x00, 0x00, 0x00, 0x00, 
	0x00, 0x00, 0x00, 0x00, 0x00, 0x00, 0x00, 0x00, 
	0x00, 0x00, 0x00, 0x00, 0x00, 0x00, 0x00, 0x00, 
	0x00, 0x00, 0x00, 0x00, 0x00, 0x00, 0x00, 0x00, 
	0x00, 0x00, 0x00, 0x00, 0x00, 0x00, 0x00, 0x00, 
	0x00, 0x00, 0x00, 0x00, 0x00, 0x00, 0x00, 0x00, 
	
};

Gfx mario_wing1_rgba16_aligner[] = {gsSPEndDisplayList()};
u8 mario_wing1_rgba16[] = {
	0x00, 0x00, 0x00, 0x00, 0x00, 0x00, 0x00, 0x00, 
	0x00, 0x00, 0x00, 0x00, 0x00, 0x00, 0x00, 0x00, 
	0x00, 0x00, 0x00, 0x00, 0x00, 0x00, 0x00, 0x00, 
	0x00, 0x00, 0x00, 0x00, 0x00, 0x00, 0x00, 0x00, 
	0x00, 0x00, 0x00, 0x00, 0x00, 0x00, 0x00, 0x00, 
	0x00, 0x00, 0x00, 0x00, 0x00, 0x00, 0x00, 0x00, 
	0x00, 0x00, 0x00, 0x00, 0x00, 0x00, 0x00, 0x00, 
	0x00, 0x00, 0x00, 0x00, 0x00, 0x00, 0x00, 0x00, 
	0x00, 0x00, 0x00, 0x00, 0x00, 0x00, 0x00, 0x00, 
	0x00, 0x00, 0x00, 0x00, 0x00, 0x00, 0x00, 0x00, 
	0x00, 0x00, 0x00, 0x00, 0x00, 0x00, 0x00, 0x00, 
	0x00, 0x00, 0x00, 0x00, 0x00, 0x00, 0x00, 0x00, 
	0x00, 0x00, 0x00, 0x00, 0x00, 0x00, 0x00, 0x00, 
	0x00, 0x00, 0x00, 0x00, 0x00, 0x00, 0x00, 0x00, 
	0x00, 0x00, 0x00, 0x00, 0x00, 0x00, 0x00, 0x00, 
	0x00, 0x00, 0x00, 0x00, 0x00, 0x00, 0x00, 0x00, 
	0x00, 0x00, 0x00, 0x00, 0x00, 0x00, 0x00, 0x00, 
	0x00, 0x00, 0x00, 0x00, 0x00, 0x00, 0x00, 0x00, 
	0x00, 0x00, 0x00, 0x00, 0x00, 0x00, 0x00, 0x00, 
	0x00, 0x00, 0x00, 0x00, 0x00, 0x00, 0x00, 0x00, 
	0x00, 0x00, 0x00, 0x00, 0x00, 0x00, 0x00, 0x00, 
	0x00, 0x00, 0x00, 0x00, 0x00, 0x00, 0x00, 0x00, 
	0x00, 0x00, 0x00, 0x00, 0x00, 0x00, 0x00, 0x00, 
	0x00, 0x00, 0x00, 0x00, 0x00, 0x00, 0x00, 0x00, 
	0x00, 0x00, 0x00, 0x00, 0x00, 0x00, 0x00, 0x00, 
	0x00, 0x00, 0x00, 0x00, 0x00, 0x00, 0x00, 0x00, 
	0x00, 0x00, 0x00, 0x00, 0x00, 0x00, 0x00, 0x00, 
	0x00, 0x00, 0x00, 0x00, 0x00, 0x00, 0x00, 0x00, 
	0x00, 0x00, 0x00, 0x00, 0x00, 0x00, 0x00, 0x00, 
	0x00, 0x00, 0x00, 0x00, 0x00, 0x00, 0x00, 0x00, 
	0x00, 0x00, 0x00, 0x00, 0x00, 0x00, 0x00, 0x00, 
	0x00, 0x00, 0x00, 0x00, 0x00, 0x00, 0x00, 0x00, 
	0x00, 0x00, 0x00, 0x00, 0x00, 0x00, 0x00, 0x00, 
	0x00, 0x00, 0x00, 0x00, 0x00, 0x00, 0x00, 0x00, 
	0x00, 0x00, 0x00, 0x00, 0x00, 0x00, 0x00, 0x00, 
	0x00, 0x00, 0x00, 0x00, 0x00, 0x00, 0x00, 0x00, 
	0x00, 0x00, 0x00, 0x00, 0x00, 0x00, 0x00, 0x00, 
	0x00, 0x00, 0x00, 0x00, 0x00, 0x00, 0x00, 0x00, 
	0x00, 0x00, 0x00, 0x00, 0x00, 0x00, 0x00, 0x00, 
	0x00, 0x00, 0x00, 0x00, 0x00, 0x00, 0x00, 0x00, 
	0x00, 0x00, 0x00, 0x00, 0x00, 0x00, 0x00, 0x00, 
	0x00, 0x00, 0x00, 0x00, 0x00, 0x00, 0x00, 0x00, 
	0x00, 0x00, 0x00, 0x00, 0x00, 0x00, 0x00, 0x00, 
	0x00, 0x00, 0x00, 0x00, 0x00, 0x00, 0x00, 0x00, 
	0x00, 0x00, 0x00, 0x00, 0x00, 0x00, 0x00, 0x00, 
	0x00, 0x00, 0x00, 0x00, 0x00, 0x00, 0x00, 0x00, 
	0x00, 0x00, 0x00, 0x00, 0x00, 0x00, 0x00, 0x00, 
	0x00, 0x00, 0x00, 0x00, 0x00, 0x00, 0x00, 0x00, 
	0x00, 0x00, 0x00, 0x00, 0x00, 0x00, 0x00, 0x00, 
	0x00, 0x00, 0x00, 0x00, 0x00, 0x00, 0x00, 0x00, 
	0x00, 0x00, 0x00, 0x00, 0x00, 0x00, 0x00, 0x00, 
	0x00, 0x00, 0x00, 0x00, 0x00, 0x00, 0x00, 0x00, 
	0x00, 0x00, 0x00, 0x00, 0x00, 0x00, 0x00, 0x00, 
	0x00, 0x00, 0x00, 0x00, 0x00, 0x00, 0x00, 0x00, 
	0x00, 0x00, 0x00, 0x00, 0x00, 0x00, 0x9c, 0xe7, 
	0xa5, 0x29, 0xa5, 0x29, 0xad, 0x6b, 0xb5, 0xad, 
	0x00, 0x00, 0x00, 0x00, 0x00, 0x00, 0x00, 0x00, 
	0x00, 0x00, 0x00, 0x00, 0x00, 0x00, 0x00, 0x00, 
	0x00, 0x00, 0x00, 0x00, 0x00, 0x00, 0x00, 0x00, 
	0x00, 0x00, 0x00, 0x00, 0x00, 0x00, 0x00, 0x00, 
	0x00, 0x00, 0x00, 0x00, 0x00, 0x00, 0x00, 0x00, 
	0x00, 0x00, 0x00, 0x00, 0x00, 0x00, 0x8c, 0x63, 
	0x94, 0xa5, 0x94, 0xa5, 0xa5, 0x29, 0xad, 0x6b, 
	0xb5, 0xad, 0xbd, 0xef, 0xc6, 0x31, 0xc6, 0x31, 
	0x00, 0x00, 0x00, 0x00, 0x00, 0x00, 0x00, 0x00, 
	0x00, 0x00, 0x00, 0x00, 0x00, 0x00, 0x00, 0x00, 
	0x00, 0x00, 0x00, 0x00, 0x00, 0x00, 0x00, 0x00, 
	0x00, 0x00, 0x00, 0x00, 0x00, 0x00, 0x00, 0x00, 
	0x00, 0x00, 0x00, 0x00, 0x00, 0x00, 0x00, 0x00, 
	0x00, 0x00, 0x84, 0x21, 0x8c, 0x63, 0x94, 0xa5, 
	0x9c, 0xe7, 0xa5, 0x29, 0xad, 0x6b, 0xb5, 0xad, 
	0xbd, 0xef, 0xc6, 0x31, 0xce, 0x73, 0xd6, 0xb5, 
	0x00, 0x00, 0x00, 0x00, 0x00, 0x00, 0x00, 0x00, 
	0x00, 0x00, 0x00, 0x00, 0x00, 0x00, 0x00, 0x00, 
	0x00, 0x00, 0x00, 0x00, 0x00, 0x00, 0x00, 0x00, 
	0x00, 0x00, 0x00, 0x00, 0x00, 0x00, 0x00, 0x00, 
	0x00, 0x00, 0x00, 0x00, 0x00, 0x00, 0x7b, 0xdf, 
	0x84, 0x21, 0x8c, 0x63, 0x94, 0xa5, 0x94, 0xa5, 
	0xa5, 0x29, 0xad, 0x6b, 0xb5, 0xad, 0xbd, 0xef, 
	0xc6, 0x31, 0xce, 0x73, 0xd6, 0xb5, 0xde, 0xf7, 
	0x00, 0x00, 0x00, 0x00, 0x00, 0x00, 0x00, 0x00, 
	0x00, 0x00, 0x00, 0x00, 0x00, 0x00, 0x00, 0x00, 
	0x00, 0x00, 0x00, 0x00, 0x00, 0x00, 0x00, 0x00, 
	0x00, 0x00, 0x00, 0x00, 0x00, 0x00, 0x00, 0x00, 
	0x00, 0x00, 0x00, 0x00, 0x7b, 0xdf, 0x7b, 0xdf, 
	0x84, 0x21, 0x8c, 0x63, 0x94, 0xa5, 0x9c, 0xe7, 
	0xa5, 0x29, 0xb5, 0xad, 0xbd, 0xef, 0xc6, 0x31, 
	0xce, 0x73, 0xd6, 0xb5, 0xde, 0xf7, 0xe7, 0x39, 
	0x00, 0x00, 0x00, 0x00, 0x00, 0x00, 0x00, 0x00, 
	0x00, 0x00, 0x00, 0x00, 0x00, 0x00, 0x00, 0x00, 
	0x00, 0x00, 0x00, 0x00, 0x00, 0x00, 0x00, 0x00, 
	0x00, 0x00, 0x00, 0x00, 0x00, 0x00, 0x00, 0x00, 
	0x73, 0x9d, 0x73, 0x9d, 0x73, 0x9d, 0x84, 0x21, 
	0x8c, 0x63, 0x94, 0xa5, 0x9c, 0xe7, 0xa5, 0x29, 
	0xad, 0x6b, 0xbd, 0xef, 0xc6, 0x31, 0xce, 0x73, 
	0xd6, 0xb5, 0xde, 0xf7, 0xe7, 0x39, 0xef, 0x7b, 
	0x00, 0x00, 0x00, 0x00, 0x00, 0x00, 0x00, 0x00, 
	0x00, 0x00, 0x00, 0x00, 0x00, 0x00, 0x00, 0x00, 
	0x00, 0x00, 0x00, 0x00, 0x00, 0x00, 0x00, 0x00, 
	0x00, 0x00, 0x00, 0x00, 0x00, 0x00, 0x6b, 0x5b, 
	0x6b, 0x5b, 0x73, 0x9d, 0x7b, 0xdf, 0x84, 0x21, 
	0x8c, 0x63, 0x94, 0xa5, 0xa5, 0x29, 0xad, 0x6b, 
	0xb5, 0xad, 0xbd, 0xef, 0xce, 0x73, 0xd6, 0xb5, 
	0xde, 0xf7, 0xde, 0xf7, 0xe7, 0x39, 0xef, 0x7b, 
	0x00, 0x00, 0x00, 0x00, 0x00, 0x00, 0x00, 0x00, 
	0x00, 0x00, 0x00, 0x00, 0x00, 0x00, 0x00, 0x00, 
	0x00, 0x00, 0x00, 0x00, 0x00, 0x00, 0x00, 0x00, 
	0x00, 0x00, 0x00, 0x00, 0x63, 0x19, 0x63, 0x19, 
	0x6b, 0x5b, 0x73, 0x9d, 0x7b, 0xdf, 0x8c, 0x63, 
	0x94, 0xa5, 0x9c, 0xe7, 0xad, 0x6b, 0xb5, 0xad, 
	0xbd, 0xef, 0xc6, 0x31, 0xce, 0x73, 0xd6, 0xb5, 
	0xd6, 0xb5, 0xd6, 0xb5, 0xde, 0xf7, 0xde, 0xf7, 
	0x00, 0x00, 0x00, 0x00, 0x00, 0x00, 0x00, 0x00, 
	0x00, 0x00, 0x00, 0x00, 0x00, 0x00, 0x00, 0x00, 
	0x00, 0x00, 0x00, 0x00, 0x00, 0x00, 0x00, 0x00, 
	0x00, 0x00, 0x00, 0x00, 0x5a, 0xd7, 0x63, 0x19, 
	0x6b, 0x5b, 0x7b, 0xdf, 0x84, 0x21, 0x94, 0xa5, 
	0x9c, 0xe7, 0xa5, 0x29, 0xb5, 0xad, 0xbd, 0xef, 
	0xc6, 0x31, 0xc6, 0x31, 0xce, 0x73, 0xce, 0x73, 
	0xce, 0x73, 0xce, 0x73, 0xce, 0x73, 0xc6, 0x31, 
	0x00, 0x00, 0x00, 0x00, 0x00, 0x00, 0x00, 0x00, 
	0x00, 0x00, 0x00, 0x00, 0x00, 0x00, 0x00, 0x00, 
	0x00, 0x00, 0x00, 0x00, 0x00, 0x00, 0x00, 0x00, 
	0x00, 0x00, 0x52, 0x95, 0x5a, 0xd7, 0x6b, 0x5b, 
	0x73, 0x9d, 0x84, 0x21, 0x8c, 0x63, 0x94, 0xa5, 
	0xa5, 0x29, 0xad, 0x6b, 0xb5, 0xad, 0xbd, 0xef, 
	0xc6, 0x31, 0xc6, 0x31, 0xc6, 0x31, 0xc6, 0x31, 
	0xbd, 0xef, 0xbd, 0xef, 0xbd, 0xef, 0xb5, 0xad, 
	0x00, 0x00, 0x00, 0x00, 0x00, 0x00, 0x00, 0x00, 
	0x00, 0x00, 0x00, 0x00, 0x00, 0x00, 0x00, 0x00, 
	0x00, 0x00, 0x00, 0x00, 0x00, 0x00, 0x00, 0x00, 
	0x4a, 0x53, 0x52, 0x95, 0x63, 0x19, 0x6b, 0x5b, 
	0x7b, 0xdf, 0x8c, 0x63, 0x94, 0xa5, 0x9c, 0xe7, 
	0xad, 0x6b, 0xb5, 0xad, 0xbd, 0xef, 0xbd, 0xef, 
	0xbd, 0xef, 0xbd, 0xef, 0xbd, 0xef, 0xb5, 0xad, 
	0xb5, 0xad, 0xad, 0x6b, 0xad, 0x6b, 0xa5, 0x29, 
	0x00, 0x00, 0x00, 0x00, 0x00, 0x00, 0x00, 0x00, 
	0x00, 0x00, 0x00, 0x00, 0x00, 0x00, 0x00, 0x00, 
	0x00, 0x00, 0x00, 0x00, 0x00, 0x00, 0x00, 0x00, 
	0x42, 0x11, 0x5a, 0xd7, 0x63, 0x19, 0x73, 0x9d, 
	0x84, 0x21, 0x94, 0xa5, 0x9c, 0xe7, 0xa5, 0x29, 
	0xb5, 0xad, 0xb5, 0xad, 0xbd, 0xef, 0xbd, 0xef, 
	0xb5, 0xad, 0xb5, 0xad, 0xad, 0x6b, 0xad, 0x6b, 
	0xa5, 0x29, 0xa5, 0x29, 0x9c, 0xe7, 0xb5, 0xad, 
	0x00, 0x00, 0x00, 0x00, 0x00, 0x00, 0x00, 0x00, 
	0x00, 0x00, 0x00, 0x00, 0x00, 0x00, 0x00, 0x00, 
	0x00, 0x00, 0x00, 0x00, 0x00, 0x00, 0x39, 0xcf, 
	0x4a, 0x53, 0x5a, 0xd7, 0x6b, 0x5b, 0x7b, 0xdf, 
	0x8c, 0x63, 0x94, 0xa5, 0xa5, 0x29, 0xad, 0x6b, 
	0xb5, 0xad, 0xb5, 0xad, 0xb5, 0xad, 0xb5, 0xad, 
	0xad, 0x6b, 0xad, 0x6b, 0xa5, 0x29, 0x9c, 0xe7, 
	0xa5, 0x29, 0xb5, 0xad, 0xc6, 0x31, 0xd6, 0xb5, 
	0x00, 0x00, 0x00, 0x00, 0x00, 0x00, 0x00, 0x00, 
	0x00, 0x00, 0x00, 0x00, 0x00, 0x00, 0x00, 0x00, 
	0x00, 0x00, 0x00, 0x00, 0x21, 0x09, 0x42, 0x11, 
	0x52, 0x95, 0x63, 0x19, 0x73, 0x9d, 0x84, 0x21, 
	0x94, 0xa5, 0x9c, 0xe7, 0xad, 0x6b, 0xb5, 0xad, 
	0xb5, 0xad, 0xb5, 0xad, 0xad, 0x6b, 0xad, 0x6b, 
	0xa5, 0x29, 0xa5, 0x29, 0xa5, 0x29, 0xad, 0x6b, 
	0xc6, 0x31, 0xc6, 0x31, 0xce, 0x73, 0xce, 0x73, 
	0x00, 0x00, 0x00, 0x00, 0x00, 0x00, 0x00, 0x00, 
	0x00, 0x00, 0x00, 0x00, 0x00, 0x00, 0x00, 0x00, 
	0x00, 0x00, 0x00, 0x00, 0x31, 0x8d, 0x42, 0x11, 
	0x5a, 0xd7, 0x6b, 0x5b, 0x7b, 0xdf, 0x8c, 0x63, 
	0x94, 0xa5, 0xa5, 0x29, 0xad, 0x6b, 0xb5, 0xad, 
	0xb5, 0xad, 0xad, 0x6b, 0xad, 0x6b, 0xa5, 0x29, 
	0x9c, 0xe7, 0xad, 0x6b, 0xb5, 0xad, 0xbd, 0xef, 
	0xc6, 0x31, 0xc6, 0x31, 0xc6, 0x31, 0xc6, 0x31, 
	0x00, 0x00, 0x00, 0x00, 0x00, 0x00, 0x00, 0x00, 
	0x00, 0x00, 0x00, 0x00, 0x00, 0x00, 0x00, 0x00, 
	0x00, 0x00, 0x21, 0x09, 0x39, 0xcf, 0x52, 0x95, 
	0x63, 0x19, 0x73, 0x9d, 0x84, 0x21, 0x94, 0xa5, 
	0xa5, 0x29, 0xad, 0x6b, 0xb5, 0xad, 0xb5, 0xad, 
	0xb5, 0xad, 0xad, 0x6b, 0xa5, 0x29, 0xa5, 0x29, 
	0xa5, 0x29, 0xb5, 0xad, 0xbd, 0xef, 0xc6, 0x31, 
	0xc6, 0x31, 0xbd, 0xef, 0xbd, 0xef, 0xbd, 0xef, 
	0x00, 0x00, 0x00, 0x00, 0x00, 0x00, 0x00, 0x00, 
	0x00, 0x00, 0x00, 0x00, 0x00, 0x00, 0x00, 0x00, 
	0x00, 0x00, 0x29, 0x4b, 0x4a, 0x53, 0x5a, 0xd7, 
	0x6b, 0x5b, 0x84, 0x21, 0x94, 0xa5, 0x9c, 0xe7, 
	0xa5, 0x29, 0xb5, 0xad, 0xb5, 0xad, 0xb5, 0xad, 
	0xad, 0x6b, 0xa5, 0x29, 0xa5, 0x29, 0xa5, 0x29, 
	0xb5, 0xad, 0xbd, 0xef, 0xbd, 0xef, 0xbd, 0xef, 
	0xbd, 0xef, 0xb5, 0xad, 0xb5, 0xad, 0xad, 0x6b, 
	0x00, 0x00, 0x00, 0x00, 0x00, 0x00, 0x00, 0x00, 
	0x00, 0x00, 0x00, 0x00, 0x00, 0x00, 0x00, 0x00, 
	0x18, 0xc7, 0x39, 0xcf, 0x52, 0x95, 0x63, 0x19, 
	0x73, 0x9d, 0x8c, 0x63, 0x94, 0xa5, 0xa5, 0x29, 
	0xad, 0x6b, 0xb5, 0xad, 0xb5, 0xad, 0xb5, 0xad, 
	0xad, 0x6b, 0xa5, 0x29, 0xad, 0x6b, 0xad, 0x6b, 
	0xb5, 0xad, 0xbd, 0xef, 0xbd, 0xef, 0xb5, 0xad, 
	0xb5, 0xad, 0xad, 0x6b, 0xa5, 0x29, 0xa5, 0x29, 
	0x00, 0x00, 0x00, 0x00, 0x00, 0x00, 0x00, 0x00, 
	0x00, 0x00, 0x00, 0x00, 0x00, 0x00, 0x00, 0x00, 
	0x21, 0x09, 0x42, 0x11, 0x5a, 0xd7, 0x6b, 0x5b, 
	0x7b, 0xdf, 0x94, 0xa5, 0x9c, 0xe7, 0xad, 0x6b, 
	0xb5, 0xad, 0xb5, 0xad, 0xb5, 0xad, 0xad, 0x6b, 
	0xa5, 0x29, 0xa5, 0x29, 0xad, 0x6b, 0xb5, 0xad, 
	0xb5, 0xad, 0xb5, 0xad, 0xb5, 0xad, 0xad, 0x6b, 
	0xa5, 0x29, 0xa5, 0x29, 0x9c, 0xe7, 0x94, 0xa5, 
	0x00, 0x00, 0x00, 0x00, 0x00, 0x00, 0x00, 0x00, 
	0x00, 0x00, 0x00, 0x00, 0x00, 0x00, 0x00, 0x00, 
	0x31, 0x8d, 0x52, 0x95, 0x63, 0x19, 0x73, 0x9d, 
	0x84, 0x21, 0x94, 0xa5, 0xa5, 0x29, 0xad, 0x6b, 
	0xb5, 0xad, 0xb5, 0xad, 0xb5, 0xad, 0xad, 0x6b, 
	0x9c, 0xe7, 0xad, 0x6b, 0xb5, 0xad, 0xb5, 0xad, 
	0xb5, 0xad, 0xb5, 0xad, 0xad, 0x6b, 0xa5, 0x29, 
	0x9c, 0xe7, 0x94, 0xa5, 0x94, 0xa5, 0x94, 0xa5, 
	0x00, 0x00, 0x00, 0x00, 0x00, 0x00, 0x00, 0x00, 
	0x00, 0x00, 0x00, 0x00, 0x00, 0x00, 0x21, 0x09, 
	0x42, 0x11, 0x5a, 0xd7, 0x6b, 0x5b, 0x7b, 0xdf, 
	0x8c, 0x63, 0x9c, 0xe7, 0xa5, 0x29, 0xb5, 0xad, 
	0xb5, 0xad, 0xb5, 0xad, 0xad, 0x6b, 0x9c, 0xe7, 
	0xa5, 0x29, 0xad, 0x6b, 0xb5, 0xad, 0xb5, 0xad, 
	0xb5, 0xad, 0xad, 0x6b, 0xa5, 0x29, 0x9c, 0xe7, 
	0x94, 0xa5, 0x94, 0xa5, 0x8c, 0x63, 0x84, 0x21, 
	0x00, 0x00, 0x00, 0x00, 0x00, 0x00, 0x00, 0x00, 
	0x00, 0x00, 0x00, 0x00, 0x00, 0x00, 0x29, 0x4b, 
	0x4a, 0x53, 0x63, 0x19, 0x73, 0x9d, 0x84, 0x21, 
	0x94, 0xa5, 0x9c, 0xe7, 0xad, 0x6b, 0xb5, 0xad, 
	0xb5, 0xad, 0xad, 0x6b, 0x9c, 0xe7, 0xa5, 0x29, 
	0xad, 0x6b, 0xb5, 0xad, 0xb5, 0xad, 0xad, 0x6b, 
	0xad, 0x6b, 0xa5, 0x29, 0x9c, 0xe7, 0x94, 0xa5, 
	0x94, 0xa5, 0x8c, 0x63, 0x7b, 0xdf, 0x73, 0x9d, 
	0x00, 0x00, 0x00, 0x00, 0x00, 0x00, 0x00, 0x00, 
	0x00, 0x00, 0x00, 0x00, 0x18, 0xc7, 0x39, 0xcf, 
	0x52, 0x95, 0x6b, 0x5b, 0x7b, 0xdf, 0x8c, 0x63, 
	0x94, 0xa5, 0xa5, 0x29, 0xb5, 0xad, 0xb5, 0xad, 
	0xb5, 0xad, 0x94, 0xa5, 0x9c, 0xe7, 0xa5, 0x29, 
	0xad, 0x6b, 0xb5, 0xad, 0xb5, 0xad, 0xad, 0x6b, 
	0xa5, 0x29, 0x9c, 0xe7, 0x94, 0xa5, 0x94, 0xa5, 
	0x84, 0x21, 0x7b, 0xdf, 0x6b, 0x5b, 0x63, 0x19, 
	0x00, 0x00, 0x00, 0x00, 0x00, 0x00, 0x00, 0x00, 
	0x00, 0x00, 0x00, 0x00, 0x21, 0x09, 0x4a, 0x53, 
	0x5a, 0xd7, 0x73, 0x9d, 0x84, 0x21, 0x94, 0xa5, 
	0x9c, 0xe7, 0xad, 0x6b, 0xb5, 0xad, 0xb5, 0xad, 
	0xad, 0x6b, 0x94, 0xa5, 0xa5, 0x29, 0xad, 0x6b, 
	0xb5, 0xad, 0xb5, 0xad, 0xad, 0x6b, 0xa5, 0x29, 
	0x9c, 0xe7, 0x94, 0xa5, 0x94, 0xa5, 0x84, 0x21, 
	0x73, 0x9d, 0x63, 0x19, 0x73, 0x9d, 0x63, 0x19, 
	0x00, 0x00, 0x00, 0x00, 0x00, 0x00, 0x00, 0x00, 
	0x00, 0x00, 0x00, 0x00, 0x31, 0x8d, 0x52, 0x95, 
	0x63, 0x19, 0x7b, 0xdf, 0x8c, 0x63, 0x94, 0xa5, 
	0xa5, 0x29, 0xb5, 0xad, 0xb5, 0xad, 0xad, 0x6b, 
	0x9c, 0xe7, 0x9c, 0xe7, 0xa5, 0x29, 0xad, 0x6b, 
	0xad, 0x6b, 0xad, 0x6b, 0xa5, 0x29, 0x9c, 0xe7, 
	0x94, 0xa5, 0x94, 0xa5, 0x84, 0x21, 0x73, 0x9d, 
	0x7b, 0xdf, 0x73, 0x9d, 0x94, 0xa5, 0xc6, 0x31, 
	0x00, 0x00, 0x00, 0x00, 0x00, 0x00, 0x00, 0x00, 
	0x00, 0x00, 0x18, 0xc7, 0x39, 0xcf, 0x5a, 0xd7, 
	0x6b, 0x5b, 0x7b, 0xdf, 0x8c, 0x63, 0x9c, 0xe7, 
	0xad, 0x6b, 0xb5, 0xad, 0xbd, 0xef, 0x9c, 0xe7, 
	0x94, 0xa5, 0xa5, 0x29, 0xad, 0x6b, 0xad, 0x6b, 
	0xad, 0x6b, 0xad, 0x6b, 0xa5, 0x29, 0x94, 0xa5, 
	0x94, 0xa5, 0x84, 0x21, 0x84, 0x21, 0x73, 0x9d, 
	0x94, 0xa5, 0xc6, 0x31, 0xce, 0x73, 0xce, 0x73, 
	0x00, 0x00, 0x00, 0x00, 0x00, 0x00, 0x00, 0x00, 
	0x00, 0x00, 0x21, 0x09, 0x42, 0x11, 0x63, 0x19, 
	0x73, 0x9d, 0x84, 0x21, 0x94, 0xa5, 0x9c, 0xe7, 
	0xad, 0x6b, 0xb5, 0xad, 0xad, 0x6b, 0x94, 0xa5, 
	0x9c, 0xe7, 0xa5, 0x29, 0xad, 0x6b, 0xad, 0x6b, 
	0xad, 0x6b, 0xa5, 0x29, 0x9c, 0xe7, 0x94, 0xa5, 
	0x8c, 0x63, 0x84, 0x21, 0x73, 0x9d, 0xad, 0x6b, 
	0xbd, 0xef, 0xbd, 0xef, 0xc6, 0x31, 0xc6, 0x31, 
	0x00, 0x00, 0x00, 0x00, 0x00, 0x00, 0x00, 0x00, 
	0x00, 0x00, 0x29, 0x4b, 0x52, 0x95, 0x63, 0x19, 
	0x7b, 0xdf, 0x8c, 0x63, 0x94, 0xa5, 0xa5, 0x29, 
	0xb5, 0xad, 0xbd, 0xef, 0x94, 0xa5, 0x9c, 0xe7, 
	0xa5, 0x29, 0xad, 0x6b, 0xad, 0x6b, 0xad, 0x6b, 
	0xa5, 0x29, 0x9c, 0xe7, 0x94, 0xa5, 0x94, 0xa5, 
	0x84, 0x21, 0x94, 0xa5, 0xad, 0x6b, 0xad, 0x6b, 
	0xb5, 0xad, 0xb5, 0xad, 0xb5, 0xad, 0xbd, 0xef, 
	0x00, 0x00, 0x00, 0x00, 0x00, 0x00, 0x00, 0x00, 
	0x18, 0xc7, 0x39, 0xcf, 0x5a, 0xd7, 0x6b, 0x5b, 
	0x7b, 0xdf, 0x94, 0xa5, 0x9c, 0xe7, 0xad, 0x6b, 
	0xb5, 0xad, 0xa5, 0x29, 0x94, 0xa5, 0x9c, 0xe7, 
	0xa5, 0x29, 0xad, 0x6b, 0xad, 0x6b, 0xa5, 0x29, 
	0x9c, 0xe7, 0x94, 0xa5, 0x9c, 0xe7, 0x94, 0xa5, 
	0x84, 0x21, 0x94, 0xa5, 0x9c, 0xe7, 0x9c, 0xe7, 
	0xa5, 0x29, 0xad, 0x6b, 0xad, 0x6b, 0xad, 0x6b, 
	0x00, 0x00, 0x00, 0x00, 0x00, 0x00, 0x00, 0x00, 
	0x21, 0x09, 0x42, 0x11, 0x5a, 0xd7, 0x73, 0x9d, 
	0x84, 0x21, 0x94, 0xa5, 0x9c, 0xe7, 0xad, 0x6b, 
	0xb5, 0xad, 0x94, 0xa5, 0x94, 0xa5, 0xa5, 0x29, 
	0xad, 0x6b, 0xad, 0x6b, 0xad, 0x6b, 0xa5, 0x29, 
	0x9c, 0xe7, 0xad, 0x6b, 0xce, 0x73, 0xef, 0x7b, 
	0xe7, 0x39, 0xd6, 0xb5, 0xc6, 0x31, 0xa5, 0x29, 
	0x9c, 0xe7, 0x9c, 0xe7, 0x9c, 0xe7, 0xa5, 0x29, 
	0x00, 0x00, 0x00, 0x00, 0x00, 0x00, 0x00, 0x00, 
	0x29, 0x4b, 0x4a, 0x53, 0x63, 0x19, 0x7b, 0xdf, 
	0x8c, 0x63, 0x94, 0xa5, 0xa5, 0x29, 0xb5, 0xad, 
	0xad, 0x6b, 0x94, 0xa5, 0x9c, 0xe7, 0xa5, 0x29, 
	0xad, 0x6b, 0xad, 0x6b, 0xa5, 0x29, 0x9c, 0xe7, 
	0xad, 0x6b, 0xe7, 0x39, 0xf7, 0xbd, 0xf7, 0xbd, 
	0xf7, 0xbd, 0xf7, 0xbd, 0xf7, 0xbd, 0xef, 0x7b, 
	0xbd, 0xef, 0x94, 0xa5, 0x8c, 0x63, 0x94, 0xa5, 
	0x00, 0x00, 0x00, 0x00, 0x00, 0x00, 0x00, 0x00, 
	0x29, 0x4b, 0x52, 0x95, 0x6b, 0x5b, 0x7b, 0xdf, 
	0x8c, 0x63, 0x94, 0xa5, 0xa5, 0x29, 0xb5, 0xad, 
	0x94, 0xa5, 0x94, 0xa5, 0xa5, 0x29, 0xa5, 0x29, 
	0xad, 0x6b, 0xad, 0x6b, 0x9c, 0xe7, 0xa5, 0x29, 
	0xd6, 0xb5, 0xde, 0xf7, 0xe7, 0x39, 0xef, 0x7b, 
	0xef, 0x7b, 0xf7, 0xbd, 0xf7, 0xbd, 0xf7, 0xbd, 
	0xf7, 0xbd, 0xb5, 0xad, 0x73, 0x9d, 0x73, 0x9d, 
	0x00, 0x00, 0x00, 0x00, 0x00, 0x00, 0x00, 0x00, 
	0x39, 0xcf, 0x5a, 0xd7, 0x73, 0x9d, 0x84, 0x21, 
	0x94, 0xa5, 0x9c, 0xe7, 0xad, 0x6b, 0xad, 0x6b, 
	0x94, 0xa5, 0x9c, 0xe7, 0xa5, 0x29, 0xad, 0x6b, 
	0xad, 0x6b, 0xa5, 0x29, 0x9c, 0xe7, 0xc6, 0x31, 
	0xce, 0x73, 0xce, 0x73, 0xd6, 0xb5, 0xd6, 0xb5, 
	0xde, 0xf7, 0xe7, 0x39, 0xe7, 0x39, 0xef, 0x7b, 
	0xf7, 0xbd, 0xf7, 0xbd, 0x9c, 0xe7, 0x84, 0x21, 
	0x00, 0x00, 0x00, 0x00, 0x00, 0x00, 0x21, 0x09, 
	0x42, 0x11, 0x63, 0x19, 0x73, 0x9d, 0x84, 0x21, 
	0x94, 0xa5, 0xa5, 0x29, 0xad, 0x6b, 0x9c, 0xe7, 
	0x94, 0xa5, 0x9c, 0xe7, 0xa5, 0x29, 0xad, 0x6b, 
	0xa5, 0x29, 0xa5, 0x29, 0xb5, 0xad, 0xb5, 0xad, 
	0xbd, 0xef, 0xbd, 0xef, 0xc6, 0x31, 0xc6, 0x31, 
	0xce, 0x73, 0xce, 0x73, 0xd6, 0xb5, 0xd6, 0xb5, 
	0xde, 0xf7, 0xde, 0xf7, 0xde, 0xf7, 0xe7, 0x39, 
	0x00, 0x00, 0x00, 0x00, 0x00, 0x00, 0x21, 0x09, 
	0x4a, 0x53, 0x63, 0x19, 0x7b, 0xdf, 0x8c, 0x63, 
	0x94, 0xa5, 0xa5, 0x29, 0xa5, 0x29, 0x94, 0xa5, 
	0x9c, 0xe7, 0xa5, 0x29, 0xa5, 0x29, 0xad, 0x6b, 
	0xa5, 0x29, 0xa5, 0x29, 0xa5, 0x29, 0xa5, 0x29, 
	0xad, 0x6b, 0xad, 0x6b, 0xb5, 0xad, 0xb5, 0xad, 
	0xbd, 0xef, 0xbd, 0xef, 0xbd, 0xef, 0xbd, 0xef, 
	0xbd, 0xef, 0xa5, 0x29, 0xd6, 0xb5, 0xd6, 0xb5, 
	0x00, 0x00, 0x00, 0x00, 0x00, 0x00, 0x29, 0x4b, 
	0x52, 0x95, 0x6b, 0x5b, 0x7b, 0xdf, 0x94, 0xa5, 
	0x94, 0xa5, 0xa5, 0x29, 0xa5, 0x29, 0x94, 0xa5, 
	0x9c, 0xe7, 0xa5, 0x29, 0xad, 0x6b, 0xa5, 0x29, 
	0x9c, 0xe7, 0x7b, 0xdf, 0x8c, 0x63, 0x94, 0xa5, 
	0x94, 0xa5, 0x9c, 0xe7, 0x9c, 0xe7, 0x9c, 0xe7, 
	0x9c, 0xe7, 0x9c, 0xe7, 0x9c, 0xe7, 0x94, 0xa5, 
	0x7b, 0xdf, 0xb5, 0xad, 0xc6, 0x31, 0xc6, 0x31, 
	0x00, 0x00, 0x00, 0x00, 0x00, 0x00, 0x31, 0x8d, 
	0x52, 0x95, 0x73, 0x9d, 0x84, 0x21, 0x94, 0xa5, 
	0x9c, 0xe7, 0xad, 0x6b, 0x94, 0xa5, 0x94, 0xa5, 
	0x9c, 0xe7, 0xa5, 0x29, 0xad, 0x6b, 0xa5, 0x29, 
	0x8c, 0x63, 0x4a, 0x53, 0x5a, 0xd7, 0x63, 0x19, 
	0x6b, 0x5b, 0x73, 0x9d, 0x73, 0x9d, 0x73, 0x9d, 
	0x6b, 0x5b, 0x63, 0x19, 0x5a, 0xd7, 0x5a, 0xd7, 
	0xad, 0x6b, 0xb5, 0xad, 0xb5, 0xad, 0xb5, 0xad, 
	0x00, 0x00, 0x00, 0x00, 0x00, 0x00, 0x31, 0x8d, 
	0x5a, 0xd7, 0x73, 0x9d, 0x84, 0x21, 0x94, 0xa5, 
	0x9c, 0xe7, 0xa5, 0x29, 0x94, 0xa5, 0x9c, 0xe7, 
	0xa5, 0x29, 0xa5, 0x29, 0xa5, 0x29, 0xa5, 0x29, 
	0x7b, 0xdf, 0x52, 0x95, 0x4a, 0x53, 0x4a, 0x53, 
	0x4a, 0x53, 0x4a, 0x53, 0x42, 0x11, 0x42, 0x11, 
	0x42, 0x11, 0x42, 0x11, 0x6b, 0x5b, 0x94, 0xa5, 
	0x9c, 0xe7, 0x9c, 0xe7, 0xa5, 0x29, 0xa5, 0x29, 
	0x00, 0x00, 0x00, 0x00, 0x18, 0xc7, 0x39, 0xcf, 
	0x63, 0x19, 0x7b, 0xdf, 0x8c, 0x63, 0x94, 0xa5, 
	0xa5, 0x29, 0x94, 0xa5, 0x94, 0xa5, 0x9c, 0xe7, 
	0xa5, 0x29, 0xa5, 0x29, 0xa5, 0x29, 0xb5, 0xad, 
	0x94, 0xa5, 0x84, 0x21, 0x73, 0x9d, 0x6b, 0x5b, 
	0x5a, 0xd7, 0x4a, 0x53, 0x4a, 0x53, 0x4a, 0x53, 
	0x4a, 0x53, 0x7b, 0xdf, 0x84, 0x21, 0x8c, 0x63, 
	0x8c, 0x63, 0x8c, 0x63, 0x94, 0xa5, 0x94, 0xa5, 
	0x00, 0x00, 0x00, 0x00, 0x21, 0x09, 0x42, 0x11, 
	0x63, 0x19, 0x7b, 0xdf, 0x8c, 0x63, 0x94, 0xa5, 
	0xa5, 0x29, 0x94, 0xa5, 0x94, 0xa5, 0x9c, 0xe7, 
	0xa5, 0x29, 0xa5, 0x29, 0xad, 0x6b, 0xd6, 0xb5, 
	0xd6, 0xb5, 0xde, 0xf7, 0xe7, 0x39, 0xef, 0x7b, 
	0xf7, 0xbd, 0xef, 0x7b, 0xd6, 0xb5, 0x8c, 0x63, 
	0x4a, 0x53, 0x5a, 0xd7, 0x63, 0x19, 0x63, 0x19, 
	0x6b, 0x5b, 0x6b, 0x5b, 0x73, 0x9d, 0x73, 0x9d, 
	0x00, 0x00, 0x00, 0x00, 0x21, 0x09, 0x4a, 0x53, 
	0x6b, 0x5b, 0x7b, 0xdf, 0x94, 0xa5, 0x94, 0xa5, 
	0x94, 0xa5, 0x94, 0xa5, 0x9c, 0xe7, 0xa5, 0x29, 
	0xa5, 0x29, 0xa5, 0x29, 0xa5, 0x29, 0xbd, 0xef, 
	0xc6, 0x31, 0xce, 0x73, 0xce, 0x73, 0xd6, 0xb5, 
	0xde, 0xf7, 0xef, 0x7b, 0xf7, 0xbd, 0xce, 0x73, 
	0x42, 0x11, 0x42, 0x11, 0x39, 0xcf, 0x42, 0x11, 
	0x42, 0x11, 0x4a, 0x53, 0x4a, 0x53, 0x4a, 0x53, 
	0x00, 0x00, 0x00, 0x00, 0x29, 0x4b, 0x52, 0x95, 
	0x6b, 0x5b, 0x84, 0x21, 0x94, 0xa5, 0x9c, 0xe7, 
	0x94, 0xa5, 0x94, 0xa5, 0x9c, 0xe7, 0xa5, 0x29, 
	0xa5, 0x29, 0xa5, 0x29, 0xa5, 0x29, 0xad, 0x6b, 
	0xb5, 0xad, 0xb5, 0xad, 0xbd, 0xef, 0xc6, 0x31, 
	0xce, 0x73, 0xce, 0x73, 0xd6, 0xb5, 0xce, 0x73, 
	0xbd, 0xef, 0xad, 0x6b, 0x9c, 0xe7, 0x8c, 0x63, 
	0x8c, 0x63, 0x7b, 0xdf, 0x73, 0x9d, 0x6b, 0x5b, 
	0x00, 0x00, 0x00, 0x00, 0x29, 0x4b, 0x52, 0x95, 
	0x73, 0x9d, 0x84, 0x21, 0x94, 0xa5, 0x94, 0xa5, 
	0x94, 0xa5, 0x94, 0xa5, 0x9c, 0xe7, 0xa5, 0x29, 
	0xa5, 0x29, 0x94, 0xa5, 0x8c, 0x63, 0x94, 0xa5, 
	0x9c, 0xe7, 0xa5, 0x29, 0xad, 0x6b, 0xad, 0x6b, 
	0xb5, 0xad, 0xb5, 0xad, 0xad, 0x6b, 0xb5, 0xad, 
	0xb5, 0xad, 0xbd, 0xef, 0xbd, 0xef, 0xbd, 0xef, 
	0xbd, 0xef, 0xc6, 0x31, 0xc6, 0x31, 0xc6, 0x31, 
	0x00, 0x00, 0x00, 0x00, 0x29, 0x4b, 0x5a, 0xd7, 
	0x73, 0x9d, 0x84, 0x21, 0x94, 0xa5, 0x94, 0xa5, 
	0x94, 0xa5, 0x94, 0xa5, 0x9c, 0xe7, 0xa5, 0x29, 
	0xa5, 0x29, 0x52, 0x95, 0x5a, 0xd7, 0x73, 0x9d, 
	0x84, 0x21, 0x8c, 0x63, 0x94, 0xa5, 0x94, 0xa5, 
	0x94, 0xa5, 0x7b, 0xdf, 0x9c, 0xe7, 0xa5, 0x29, 
	0xa5, 0x29, 0xa5, 0x29, 0xad, 0x6b, 0xad, 0x6b, 
	0xad, 0x6b, 0xad, 0x6b, 0xad, 0x6b, 0xad, 0x6b, 
	0x00, 0x00, 0x00, 0x00, 0x29, 0x4b, 0x5a, 0xd7, 
	0x73, 0x9d, 0x8c, 0x63, 0x94, 0xa5, 0x94, 0xa5, 
	0x94, 0xa5, 0x9c, 0xe7, 0xa5, 0x29, 0xa5, 0x29, 
	0x8c, 0x63, 0x4a, 0x53, 0x4a, 0x53, 0x42, 0x11, 
	0x42, 0x11, 0x4a, 0x53, 0x4a, 0x53, 0x52, 0x95, 
	0x42, 0x11, 0x52, 0x95, 0x94, 0xa5, 0x94, 0xa5, 
	0x94, 0xa5, 0x94, 0xa5, 0x94, 0xa5, 0x94, 0xa5, 
	0x94, 0xa5, 0x94, 0xa5, 0x94, 0xa5, 0x94, 0xa5, 
	0x00, 0x00, 0x00, 0x00, 0x31, 0x8d, 0x5a, 0xd7, 
	0x7b, 0xdf, 0x8c, 0x63, 0x94, 0xa5, 0x94, 0xa5, 
	0x94, 0xa5, 0x9c, 0xe7, 0xa5, 0x29, 0xa5, 0x29, 
	0x52, 0x95, 0x4a, 0x53, 0x4a, 0x53, 0x4a, 0x53, 
	0x4a, 0x53, 0x39, 0xcf, 0x39, 0xcf, 0x39, 0xcf, 
	0x42, 0x11, 0x73, 0x9d, 0x73, 0x9d, 0x73, 0x9d, 
	0x7b, 0xdf, 0x7b, 0xdf, 0x7b, 0xdf, 0x7b, 0xdf, 
	0x7b, 0xdf, 0x7b, 0xdf, 0x73, 0x9d, 0x63, 0x19, 
	0x00, 0x00, 0x00, 0x00, 0x31, 0x8d, 0x5a, 0xd7, 
	0x7b, 0xdf, 0x8c, 0x63, 0x94, 0xa5, 0x94, 0xa5, 
	0x94, 0xa5, 0x9c, 0xe7, 0xa5, 0x29, 0xad, 0x6b, 
	0xa5, 0x29, 0x73, 0x9d, 0x63, 0x19, 0x4a, 0x53, 
	0x4a, 0x53, 0x42, 0x11, 0x42, 0x11, 0x39, 0xcf, 
	0x42, 0x11, 0x42, 0x11, 0x42, 0x11, 0x42, 0x11, 
	0x4a, 0x53, 0x4a, 0x53, 0x42, 0x11, 0x42, 0x11, 
	0x39, 0xcf, 0x39, 0xcf, 0x31, 0x8d, 0x00, 0x00, 
	0x00, 0x00, 0x00, 0x00, 0x31, 0x8d, 0x63, 0x19, 
	0x7b, 0xdf, 0x8c, 0x63, 0x94, 0xa5, 0x94, 0xa5, 
	0x94, 0xa5, 0x9c, 0xe7, 0xa5, 0x29, 0xa5, 0x29, 
	0xb5, 0xad, 0xb5, 0xad, 0xb5, 0xad, 0xad, 0x6b, 
	0x9c, 0xe7, 0x7b, 0xdf, 0x73, 0x9d, 0x73, 0x9d, 
	0x5a, 0xd7, 0x52, 0x95, 0x42, 0x11, 0x4a, 0x53, 
	0x42, 0x11, 0x42, 0x11, 0x4a, 0x53, 0x4a, 0x53, 
	0x00, 0x00, 0x00, 0x00, 0x00, 0x00, 0x00, 0x00, 
	0x00, 0x00, 0x00, 0x00, 0x31, 0x8d, 0x63, 0x19, 
	0x7b, 0xdf, 0x8c, 0x63, 0x8c, 0x63, 0x94, 0xa5, 
	0x94, 0xa5, 0x9c, 0xe7, 0x94, 0xa5, 0x94, 0xa5, 
	0x94, 0xa5, 0x9c, 0xe7, 0x9c, 0xe7, 0x9c, 0xe7, 
	0x94, 0xa5, 0xbd, 0xef, 0xc6, 0x31, 0xce, 0x73, 
	0xce, 0x73, 0xce, 0x73, 0xbd, 0xef, 0xad, 0x6b, 
	0xa5, 0x29, 0x94, 0xa5, 0x94, 0xa5, 0x73, 0x9d, 
	0x00, 0x00, 0x00, 0x00, 0x00, 0x00, 0x00, 0x00, 
	0x00, 0x00, 0x00, 0x00, 0x31, 0x8d, 0x63, 0x19, 
	0x7b, 0xdf, 0x8c, 0x63, 0x8c, 0x63, 0x94, 0xa5, 
	0x9c, 0xe7, 0x9c, 0xe7, 0x5a, 0xd7, 0x63, 0x19, 
	0x63, 0x19, 0x63, 0x19, 0x5a, 0xd7, 0x5a, 0xd7, 
	0x9c, 0xe7, 0xad, 0x6b, 0xad, 0x6b, 0xb5, 0xad, 
	0xb5, 0xad, 0xbd, 0xef, 0xbd, 0xef, 0xbd, 0xef, 
	0xbd, 0xef, 0xbd, 0xef, 0xbd, 0xef, 0xad, 0x6b, 
	0x00, 0x00, 0x00, 0x00, 0x00, 0x00, 0x00, 0x00, 
	0x00, 0x00, 0x00, 0x00, 0x31, 0x8d, 0x63, 0x19, 
	0x7b, 0xdf, 0x8c, 0x63, 0x94, 0xa5, 0x94, 0xa5, 
	0x9c, 0xe7, 0x6b, 0x5b, 0x31, 0x8d, 0x31, 0x8d, 
	0x39, 0xcf, 0x39, 0xcf, 0x52, 0x95, 0x8c, 0x63, 
	0x94, 0xa5, 0x94, 0xa5, 0x94, 0xa5, 0x94, 0xa5, 
	0x9c, 0xe7, 0x9c, 0xe7, 0x9c, 0xe7, 0x9c, 0xe7, 
	0x9c, 0xe7, 0x94, 0xa5, 0x8c, 0x63, 0x00, 0x00, 
	0x00, 0x00, 0x00, 0x00, 0x00, 0x00, 0x00, 0x00, 
	0x00, 0x00, 0x00, 0x00, 0x29, 0x4b, 0x5a, 0xd7, 
	0x7b, 0xdf, 0x8c, 0x63, 0x94, 0xa5, 0x94, 0xa5, 
	0x94, 0xa5, 0x39, 0xcf, 0x21, 0x09, 0x29, 0x4b, 
	0x31, 0x8d, 0x39, 0xcf, 0x63, 0x19, 0x6b, 0x5b, 
	0x73, 0x9d, 0x73, 0x9d, 0x7b, 0xdf, 0x7b, 0xdf, 
	0x7b, 0xdf, 0x7b, 0xdf, 0x7b, 0xdf, 0x73, 0x9d, 
	0x63, 0x19, 0x4a, 0x53, 0x00, 0x00, 0x00, 0x00, 
	0x00, 0x00, 0x00, 0x00, 0x00, 0x00, 0x00, 0x00, 
	0x00, 0x00, 0x00, 0x00, 0x00, 0x00, 0x5a, 0xd7, 
	0x7b, 0xdf, 0x8c, 0x63, 0x94, 0xa5, 0x94, 0xa5, 
	0x84, 0x21, 0x00, 0x00, 0x00, 0x00, 0x00, 0x00, 
	0x21, 0x09, 0x21, 0x09, 0x31, 0x8d, 0x31, 0x8d, 
	0x39, 0xcf, 0x39, 0xcf, 0x39, 0xcf, 0x42, 0x11, 
	0x39, 0xcf, 0x39, 0xcf, 0x39, 0xcf, 0x29, 0x4b, 
	0x00, 0x00, 0x00, 0x00, 0x00, 0x00, 0x00, 0x00, 
	0x00, 0x00, 0x00, 0x00, 0x00, 0x00, 0x00, 0x00, 
	0x00, 0x00, 0x00, 0x00, 0x00, 0x00, 0x5a, 0xd7, 
	0x7b, 0xdf, 0x8c, 0x63, 0x94, 0xa5, 0x8c, 0x63, 
	0x00, 0x00, 0x00, 0x00, 0x00, 0x00, 0x00, 0x00, 
	0x00, 0x00, 0x00, 0x00, 0x00, 0x00, 0x00, 0x00, 
	0x00, 0x00, 0x00, 0x00, 0x00, 0x00, 0x00, 0x00, 
	0x00, 0x00, 0x00, 0x00, 0x00, 0x00, 0x00, 0x00, 
	0x00, 0x00, 0x00, 0x00, 0x00, 0x00, 0x00, 0x00, 
	0x00, 0x00, 0x00, 0x00, 0x00, 0x00, 0x00, 0x00, 
	0x00, 0x00, 0x00, 0x00, 0x00, 0x00, 0x5a, 0xd7, 
	0x84, 0x21, 0x8c, 0x63, 0x84, 0x21, 0x00, 0x00, 
	0x00, 0x00, 0x00, 0x00, 0x00, 0x00, 0x00, 0x00, 
	0x00, 0x00, 0x00, 0x00, 0x00, 0x00, 0x00, 0x00, 
	0x00, 0x00, 0x00, 0x00, 0x00, 0x00, 0x00, 0x00, 
	0x00, 0x00, 0x00, 0x00, 0x00, 0x00, 0x00, 0x00, 
	0x00, 0x00, 0x00, 0x00, 0x00, 0x00, 0x00, 0x00, 
	0x00, 0x00, 0x00, 0x00, 0x00, 0x00, 0x00, 0x00, 
	0x00, 0x00, 0x00, 0x00, 0x00, 0x00, 0x00, 0x00, 
	0x84, 0x21, 0x7b, 0xdf, 0x00, 0x00, 0x00, 0x00, 
	0x00, 0x00, 0x00, 0x00, 0x00, 0x00, 0x00, 0x00, 
	0x00, 0x00, 0x00, 0x00, 0x00, 0x00, 0x00, 0x00, 
	0x00, 0x00, 0x00, 0x00, 0x00, 0x00, 0x00, 0x00, 
	0x00, 0x00, 0x00, 0x00, 0x00, 0x00, 0x00, 0x00, 
	0x00, 0x00, 0x00, 0x00, 0x00, 0x00, 0x00, 0x00, 
	0x00, 0x00, 0x00, 0x00, 0x00, 0x00, 0x00, 0x00, 
	0x00, 0x00, 0x00, 0x00, 0x00, 0x00, 0x00, 0x00, 
	0x00, 0x00, 0x00, 0x00, 0x00, 0x00, 0x00, 0x00, 
	0x00, 0x00, 0x00, 0x00, 0x00, 0x00, 0x00, 0x00, 
	0x00, 0x00, 0x00, 0x00, 0x00, 0x00, 0x00, 0x00, 
	0x00, 0x00, 0x00, 0x00, 0x00, 0x00, 0x00, 0x00, 
	0x00, 0x00, 0x00, 0x00, 0x00, 0x00, 0x00, 0x00, 
	0x00, 0x00, 0x00, 0x00, 0x00, 0x00, 0x00, 0x00, 
	0x00, 0x00, 0x00, 0x00, 0x00, 0x00, 0x00, 0x00, 
	0x00, 0x00, 0x00, 0x00, 0x00, 0x00, 0x00, 0x00, 
	0x00, 0x00, 0x00, 0x00, 0x00, 0x00, 0x00, 0x00, 
	0x00, 0x00, 0x00, 0x00, 0x00, 0x00, 0x00, 0x00, 
	0x00, 0x00, 0x00, 0x00, 0x00, 0x00, 0x00, 0x00, 
	0x00, 0x00, 0x00, 0x00, 0x00, 0x00, 0x00, 0x00, 
	0x00, 0x00, 0x00, 0x00, 0x00, 0x00, 0x00, 0x00, 
	0x00, 0x00, 0x00, 0x00, 0x00, 0x00, 0x00, 0x00, 
	0x00, 0x00, 0x00, 0x00, 0x00, 0x00, 0x00, 0x00, 
	
};

Vtx mario_pelvis_mesh_layer_1_vtx_0[76] = {
	{{ {73, 11, 0}, 0, {734, 1007}, {127, 5, 0, 255} }},
	{{ {55, -61, -36}, 0, {734, 1007}, {100, 181, 231, 255} }},
	{{ {44, -10, -92}, 0, {734, 1007}, {81, 240, 159, 255} }},
	{{ {55, -61, 36}, 0, {734, 1007}, {100, 181, 25, 255} }},
	{{ {44, -9, 92}, 0, {734, 1007}, {81, 241, 97, 255} }},
	{{ {43, 40, 91}, 0, {734, 1007}, {69, 44, 97, 255} }},
	{{ {52, 70, 38}, 0, {734, 1007}, {92, 83, 26, 255} }},
	{{ {52, 70, -39}, 0, {734, 1007}, {92, 83, 229, 255} }},
	{{ {43, 40, -91}, 0, {734, 1007}, {69, 44, 159, 255} }},
	{{ {6, 33, -95}, 0, {734, 1007}, {227, 40, 139, 255} }},
	{{ {8, -8, -99}, 0, {734, 1007}, {235, 244, 131, 255} }},
	{{ {36, -51, -79}, 0, {734, 1007}, {58, 183, 170, 255} }},
	{{ {26, -74, -46}, 0, {734, 1007}, {25, 136, 222, 255} }},
	{{ {26, -74, 45}, 0, {734, 1007}, {25, 136, 32, 255} }},
	{{ {36, -52, 79}, 0, {734, 1007}, {58, 182, 86, 255} }},
	{{ {8, -8, 99}, 0, {734, 1007}, {234, 244, 125, 255} }},
	{{ {7, 33, 95}, 0, {734, 1007}, {229, 40, 118, 255} }},
	{{ {8, -8, 99}, 0, {734, 1007}, {234, 244, 125, 255} }},
	{{ {44, -9, 92}, 0, {734, 1007}, {81, 241, 97, 255} }},
	{{ {43, 40, 91}, 0, {734, 1007}, {69, 44, 97, 255} }},
	{{ {27, 72, 63}, 0, {734, 1007}, {17, 109, 64, 255} }},
	{{ {52, 70, 38}, 0, {734, 1007}, {92, 83, 26, 255} }},
	{{ {22, 82, 26}, 0, {734, 1007}, {5, 126, 13, 255} }},
	{{ {22, 82, -26}, 0, {734, 1007}, {5, 126, 243, 255} }},
	{{ {52, 70, -39}, 0, {734, 1007}, {92, 83, 229, 255} }},
	{{ {27, 72, -63}, 0, {734, 1007}, {16, 109, 192, 255} }},
	{{ {43, 40, -91}, 0, {734, 1007}, {69, 44, 159, 255} }},
	{{ {6, 33, -95}, 0, {734, 1007}, {227, 40, 139, 255} }},
	{{ {-5, 59, -72}, 0, {734, 1007}, {198, 86, 183, 255} }},
	{{ {-17, 32, -79}, 0, {734, 1007}, {160, 32, 179, 255} }},
	{{ {-20, -8, -81}, 0, {734, 1007}, {157, 246, 178, 255} }},
	{{ {8, -8, -99}, 0, {734, 1007}, {235, 244, 131, 255} }},
	{{ {-20, -8, -81}, 0, {734, 1007}, {157, 246, 178, 255} }},
	{{ {8, -8, -99}, 0, {734, 1007}, {235, 244, 131, 255} }},
	{{ {4, -48, -86}, 0, {734, 1007}, {223, 188, 154, 255} }},
	{{ {36, -51, -79}, 0, {734, 1007}, {58, 183, 170, 255} }},
	{{ {26, -74, -46}, 0, {734, 1007}, {25, 136, 222, 255} }},
	{{ {-9, -69, -55}, 0, {734, 1007}, {204, 153, 203, 255} }},
	{{ {-14, -74, 0}, 0, {734, 1007}, {199, 143, 0, 255} }},
	{{ {26, -74, 45}, 0, {734, 1007}, {25, 136, 32, 255} }},
	{{ {-9, -69, 55}, 0, {734, 1007}, {204, 152, 52, 255} }},
	{{ {4, -49, 86}, 0, {734, 1007}, {223, 187, 102, 255} }},
	{{ {36, -52, 79}, 0, {734, 1007}, {58, 182, 86, 255} }},
	{{ {8, -8, 99}, 0, {734, 1007}, {234, 244, 125, 255} }},
	{{ {-20, -7, 81}, 0, {734, 1007}, {157, 246, 79, 255} }},
	{{ {7, 33, 95}, 0, {734, 1007}, {229, 40, 118, 255} }},
	{{ {-18, 32, 79}, 0, {734, 1007}, {161, 32, 77, 255} }},
	{{ {-5, 59, 72}, 0, {734, 1007}, {198, 87, 72, 255} }},
	{{ {27, 72, 63}, 0, {734, 1007}, {17, 109, 64, 255} }},
	{{ {-5, 59, 72}, 0, {734, 1007}, {198, 87, 72, 255} }},
	{{ {7, 33, 95}, 0, {734, 1007}, {229, 40, 118, 255} }},
	{{ {-9, 73, 34}, 0, {734, 1007}, {186, 104, 21, 255} }},
	{{ {22, 82, 26}, 0, {734, 1007}, {5, 126, 13, 255} }},
	{{ {22, 82, -26}, 0, {734, 1007}, {5, 126, 243, 255} }},
	{{ {-9, 73, -34}, 0, {734, 1007}, {186, 104, 235, 255} }},
	{{ {27, 72, -63}, 0, {734, 1007}, {16, 109, 192, 255} }},
	{{ {-5, 59, -72}, 0, {734, 1007}, {198, 86, 183, 255} }},
	{{ {-32, 40, -39}, 0, {734, 1007}, {137, 39, 234, 255} }},
	{{ {-17, 32, -79}, 0, {734, 1007}, {160, 32, 179, 255} }},
	{{ {-20, -8, -81}, 0, {734, 1007}, {157, 246, 178, 255} }},
	{{ {-31, -51, -42}, 0, {734, 1007}, {142, 209, 225, 255} }},
	{{ {4, -48, -86}, 0, {734, 1007}, {223, 188, 154, 255} }},
	{{ {-9, -69, -55}, 0, {734, 1007}, {204, 153, 203, 255} }},
	{{ {-14, -74, 0}, 0, {734, 1007}, {199, 143, 0, 255} }},
	{{ {-31, -51, 42}, 0, {734, 1007}, {142, 209, 31, 255} }},
	{{ {-31, -51, -42}, 0, {734, 1007}, {142, 209, 225, 255} }},
	{{ {-14, -74, 0}, 0, {734, 1007}, {199, 143, 0, 255} }},
	{{ {-9, -69, 55}, 0, {734, 1007}, {204, 152, 52, 255} }},
	{{ {4, -49, 86}, 0, {734, 1007}, {223, 187, 102, 255} }},
	{{ {-20, -7, 81}, 0, {734, 1007}, {157, 246, 79, 255} }},
	{{ {-32, 40, 39}, 0, {734, 1007}, {137, 39, 21, 255} }},
	{{ {-18, 32, 79}, 0, {734, 1007}, {161, 32, 77, 255} }},
	{{ {-5, 59, 72}, 0, {734, 1007}, {198, 87, 72, 255} }},
	{{ {-9, 73, 34}, 0, {734, 1007}, {186, 104, 21, 255} }},
	{{ {-32, 40, -39}, 0, {734, 1007}, {137, 39, 234, 255} }},
	{{ {-9, 73, -34}, 0, {734, 1007}, {186, 104, 235, 255} }},
};

Gfx mario_pelvis_mesh_layer_1_tri_0[] = {
	gsSPVertex(mario_pelvis_mesh_layer_1_vtx_0 + 0, 16, 0),
	gsSP1Triangle(0, 1, 2, 0),
	gsSP1Triangle(0, 3, 1, 0),
	gsSP1Triangle(3, 0, 4, 0),
	gsSP1Triangle(5, 4, 0, 0),
	gsSP1Triangle(0, 6, 5, 0),
	gsSP1Triangle(6, 0, 7, 0),
	gsSP1Triangle(8, 7, 0, 0),
	gsSP1Triangle(0, 2, 8, 0),
	gsSP1Triangle(9, 8, 2, 0),
	gsSP1Triangle(2, 10, 9, 0),
	gsSP1Triangle(10, 2, 11, 0),
	gsSP1Triangle(1, 11, 2, 0),
	gsSP1Triangle(1, 12, 11, 0),
	gsSP1Triangle(12, 1, 3, 0),
	gsSP1Triangle(3, 13, 12, 0),
	gsSP1Triangle(14, 13, 3, 0),
	gsSP1Triangle(4, 14, 3, 0),
	gsSP1Triangle(15, 14, 4, 0),
	gsSPVertex(mario_pelvis_mesh_layer_1_vtx_0 + 16, 16, 0),
	gsSP1Triangle(0, 1, 2, 0),
	gsSP1Triangle(0, 2, 3, 0),
	gsSP1Triangle(0, 3, 4, 0),
	gsSP1Triangle(4, 3, 5, 0),
	gsSP1Triangle(5, 6, 4, 0),
	gsSP1Triangle(7, 6, 5, 0),
	gsSP1Triangle(8, 7, 5, 0),
	gsSP1Triangle(9, 7, 8, 0),
	gsSP1Triangle(10, 9, 8, 0),
	gsSP1Triangle(11, 9, 10, 0),
	gsSP1Triangle(11, 12, 9, 0),
	gsSP1Triangle(12, 11, 13, 0),
	gsSP1Triangle(14, 13, 11, 0),
	gsSP1Triangle(11, 15, 14, 0),
	gsSPVertex(mario_pelvis_mesh_layer_1_vtx_0 + 32, 16, 0),
	gsSP1Triangle(0, 1, 2, 0),
	gsSP1Triangle(3, 2, 1, 0),
	gsSP1Triangle(2, 3, 4, 0),
	gsSP1Triangle(4, 5, 2, 0),
	gsSP1Triangle(6, 5, 4, 0),
	gsSP1Triangle(7, 6, 4, 0),
	gsSP1Triangle(7, 8, 6, 0),
	gsSP1Triangle(9, 8, 7, 0),
	gsSP1Triangle(7, 10, 9, 0),
	gsSP1Triangle(11, 9, 10, 0),
	gsSP1Triangle(9, 11, 12, 0),
	gsSP1Triangle(12, 11, 13, 0),
	gsSP1Triangle(13, 14, 12, 0),
	gsSP1Triangle(14, 13, 15, 0),
	gsSPVertex(mario_pelvis_mesh_layer_1_vtx_0 + 48, 16, 0),
	gsSP1Triangle(0, 1, 2, 0),
	gsSP1Triangle(0, 3, 1, 0),
	gsSP1Triangle(0, 4, 3, 0),
	gsSP1Triangle(3, 4, 5, 0),
	gsSP1Triangle(6, 3, 5, 0),
	gsSP1Triangle(6, 5, 7, 0),
	gsSP1Triangle(8, 6, 7, 0),
	gsSP1Triangle(9, 6, 8, 0),
	gsSP1Triangle(8, 10, 9, 0),
	gsSP1Triangle(9, 10, 11, 0),
	gsSP1Triangle(9, 11, 12, 0),
	gsSP1Triangle(11, 13, 12, 0),
	gsSP1Triangle(13, 14, 12, 0),
	gsSP1Triangle(12, 14, 15, 0),
	gsSPVertex(mario_pelvis_mesh_layer_1_vtx_0 + 64, 12, 0),
	gsSP1Triangle(0, 1, 2, 0),
	gsSP1Triangle(2, 3, 0, 0),
	gsSP1Triangle(0, 3, 4, 0),
	gsSP1Triangle(4, 5, 0, 0),
	gsSP1Triangle(5, 6, 0, 0),
	gsSP1Triangle(5, 7, 6, 0),
	gsSP1Triangle(6, 7, 8, 0),
	gsSP1Triangle(8, 9, 6, 0),
	gsSP1Triangle(6, 9, 10, 0),
	gsSP1Triangle(9, 11, 10, 0),
	gsSP1Triangle(0, 6, 10, 0),
	gsSP1Triangle(10, 1, 0, 0),
	gsSPEndDisplayList(),
};

Vtx mario_chest_mesh_layer_1_vtx_0[94] = {
	{{ {47, 75, -34}, 0, {-14, 612}, {72, 102, 230, 255} }},
	{{ {28, 85, 30}, 0, {54, 403}, {44, 118, 16, 255} }},
	{{ {47, 75, 35}, 0, {-16, 387}, {72, 102, 26, 255} }},
	{{ {28, 85, -29}, 0, {56, 596}, {44, 118, 240, 255} }},
	{{ {9, 89, -40}, 0, {119, 631}, {15, 120, 217, 255} }},
	{{ {9, 89, 41}, 0, {117, 367}, {16, 120, 39, 255} }},
	{{ {-15, 88, 35}, 0, {184, 414}, {236, 122, 29, 255} }},
	{{ {-15, 87, -35}, 0, {189, 588}, {235, 122, 226, 255} }},
	{{ {3, 77, -61}, 0, {195, 700}, {4, 108, 189, 255} }},
	{{ {-28, 63, -74}, 0, {286, 637}, {204, 72, 165, 255} }},
	{{ {-4, 58, -82}, 0, {295, 695}, {250, 65, 147, 255} }},
	{{ {17, 66, -75}, 0, {265, 770}, {23, 87, 166, 255} }},
	{{ {12, 33, -90}, 0, {364, 717}, {13, 28, 133, 255} }},
	{{ {32, 62, -73}, 0, {300, 819}, {42, 81, 168, 255} }},
	{{ {43, 51, -74}, 0, {357, 827}, {61, 53, 158, 255} }},
	{{ {48, 64, -58}, 0, {332, 902}, {70, 89, 199, 255} }},
	{{ {80, 14, -61}, 0, {525, 847}, {97, 35, 182, 255} }},
	{{ {43, 51, -74}, 0, {357, 827}, {61, 53, 158, 255} }},
	{{ {48, 64, -58}, 0, {332, 902}, {70, 89, 199, 255} }},
	{{ {82, 37, -26}, 0, {528, 998}, {104, 69, 235, 255} }},
	{{ {47, 75, -34}, 0, {316, 1008}, {72, 102, 230, 255} }},
	{{ {100, 1, -23}, 0, {686, 908}, {124, 18, 235, 255} }},
	{{ {84, -29, -62}, 0, {598, 750}, {95, 216, 181, 255} }},
	{{ {93, -36, -25}, 0, {734, 744}, {107, 189, 240, 255} }},
	{{ {66, -52, -50}, 0, {608, 671}, {58, 151, 213, 255} }},
	{{ {54, -63, 0}, 0, {713, 499}, {47, 138, 0, 255} }},
	{{ {20, -61, -67}, 0, {513, 615}, {9, 151, 185, 255} }},
	{{ {8, -74, 0}, 0, {537, 499}, {2, 129, 0, 255} }},
	{{ {20, -61, 68}, 0, {513, 380}, {9, 151, 71, 255} }},
	{{ {66, -52, 51}, 0, {607, 324}, {58, 151, 42, 255} }},
	{{ {93, -36, 26}, 0, {734, 252}, {107, 189, 16, 255} }},
	{{ {84, -29, 63}, 0, {597, 246}, {95, 216, 75, 255} }},
	{{ {84, -29, 63}, 0, {597, 246}, {95, 216, 75, 255} }},
	{{ {93, -36, 26}, 0, {734, 252}, {107, 189, 16, 255} }},
	{{ {100, 1, 24}, 0, {686, 87}, {124, 18, 21, 255} }},
	{{ {80, 14, 62}, 0, {524, 148}, {97, 35, 74, 255} }},
	{{ {82, 37, 27}, 0, {529, -4}, {104, 69, 21, 255} }},
	{{ {48, 64, 59}, 0, {329, 92}, {70, 90, 56, 255} }},
	{{ {47, 75, 35}, 0, {314, -16}, {72, 102, 26, 255} }},
	{{ {44, 51, 75}, 0, {357, 166}, {62, 54, 96, 255} }},
	{{ {32, 62, 74}, 0, {297, 176}, {41, 82, 88, 255} }},
	{{ {13, 33, 91}, 0, {363, 277}, {16, 27, 123, 255} }},
	{{ {17, 66, 76}, 0, {262, 225}, {24, 87, 89, 255} }},
	{{ {-4, 58, 84}, 0, {295, 301}, {251, 66, 108, 255} }},
	{{ {3, 77, 62}, 0, {192, 297}, {4, 108, 67, 255} }},
	{{ {-28, 63, 75}, 0, {285, 359}, {203, 73, 89, 255} }},
	{{ {-15, 88, 35}, 0, {184, 414}, {236, 122, 29, 255} }},
	{{ {9, 89, 41}, 0, {117, 367}, {16, 120, 39, 255} }},
	{{ {-15, 88, 35}, 0, {184, 414}, {236, 122, 29, 255} }},
	{{ {-40, 72, 55}, 0, {271, 404}, {192, 89, 65, 255} }},
	{{ {-28, 63, 75}, 0, {285, 359}, {203, 73, 89, 255} }},
	{{ {-43, 83, 25}, 0, {245, 456}, {196, 110, 18, 255} }},
	{{ {-43, 83, -24}, 0, {244, 540}, {197, 111, 237, 255} }},
	{{ {-15, 87, -35}, 0, {189, 588}, {235, 122, 226, 255} }},
	{{ {-40, 72, -54}, 0, {271, 592}, {193, 89, 192, 255} }},
	{{ {-28, 63, -74}, 0, {286, 637}, {204, 72, 165, 255} }},
	{{ {-71, 54, -29}, 0, {306, 536}, {139, 37, 222, 255} }},
	{{ {-27, 26, -89}, 0, {357, 642}, {196, 13, 145, 255} }},
	{{ {-4, 58, -82}, 0, {295, 695}, {250, 65, 147, 255} }},
	{{ {12, 33, -90}, 0, {364, 717}, {13, 28, 133, 255} }},
	{{ {6, -10, -92}, 0, {433, 667}, {0, 234, 131, 255} }},
	{{ {-27, -25, -86}, 0, {425, 613}, {197, 218, 150, 255} }},
	{{ {20, -61, -67}, 0, {513, 615}, {9, 151, 185, 255} }},
	{{ {-29, -58, -59}, 0, {458, 572}, {197, 159, 199, 255} }},
	{{ {-29, -58, -59}, 0, {458, 572}, {197, 159, 199, 255} }},
	{{ {20, -61, -67}, 0, {513, 615}, {9, 151, 185, 255} }},
	{{ {8, -74, 0}, 0, {537, 499}, {2, 129, 0, 255} }},
	{{ {-30, -66, 0}, 0, {470, 499}, {192, 146, 0, 255} }},
	{{ {-29, -58, 59}, 0, {458, 425}, {196, 159, 56, 255} }},
	{{ {20, -61, 68}, 0, {513, 380}, {9, 151, 71, 255} }},
	{{ {-27, -25, 87}, 0, {424, 383}, {197, 216, 105, 255} }},
	{{ {6, -11, 93}, 0, {433, 329}, {0, 233, 125, 255} }},
	{{ {-27, 26, 91}, 0, {356, 353}, {197, 13, 112, 255} }},
	{{ {13, 33, 91}, 0, {363, 277}, {16, 27, 123, 255} }},
	{{ {-4, 58, 84}, 0, {295, 301}, {251, 66, 108, 255} }},
	{{ {-28, 63, 75}, 0, {285, 359}, {203, 73, 89, 255} }},
	{{ {-71, 54, 30}, 0, {307, 460}, {139, 37, 34, 255} }},
	{{ {-40, 72, 55}, 0, {271, 404}, {192, 89, 65, 255} }},
	{{ {-43, 83, 25}, 0, {245, 456}, {196, 110, 18, 255} }},
	{{ {-71, 54, -29}, 0, {306, 536}, {139, 37, 222, 255} }},
	{{ {-43, 83, 25}, 0, {245, 456}, {196, 110, 18, 255} }},
	{{ {-43, 83, -24}, 0, {244, 540}, {197, 111, 237, 255} }},
	{{ {-71, 54, -29}, 0, {306, 536}, {139, 37, 222, 255} }},
	{{ {-40, 72, -54}, 0, {271, 592}, {193, 89, 192, 255} }},
	{{ {-59, -28, 38}, 0, {408, 454}, {142, 212, 34, 255} }},
	{{ {-71, 54, 30}, 0, {307, 460}, {139, 37, 34, 255} }},
	{{ {-59, -28, -37}, 0, {409, 543}, {142, 212, 222, 255} }},
	{{ {-27, 26, -89}, 0, {357, 642}, {196, 13, 145, 255} }},
	{{ {-27, -25, -86}, 0, {425, 613}, {197, 218, 150, 255} }},
	{{ {-29, -58, -59}, 0, {458, 572}, {197, 159, 199, 255} }},
	{{ {-30, -66, 0}, 0, {470, 499}, {192, 146, 0, 255} }},
	{{ {-29, -58, 59}, 0, {458, 425}, {196, 159, 56, 255} }},
	{{ {-27, -25, 87}, 0, {424, 383}, {197, 216, 105, 255} }},
	{{ {-27, 26, 91}, 0, {356, 353}, {197, 13, 112, 255} }},
};

Gfx mario_chest_mesh_layer_1_tri_0[] = {
	gsSPVertex(mario_chest_mesh_layer_1_vtx_0 + 0, 16, 0),
	gsSP1Triangle(0, 1, 2, 0),
	gsSP1Triangle(0, 3, 1, 0),
	gsSP1Triangle(1, 3, 4, 0),
	gsSP1Triangle(5, 1, 4, 0),
	gsSP1Triangle(5, 4, 6, 0),
	gsSP1Triangle(4, 7, 6, 0),
	gsSP1Triangle(7, 4, 8, 0),
	gsSP1Triangle(7, 8, 9, 0),
	gsSP1Triangle(9, 8, 10, 0),
	gsSP1Triangle(11, 10, 8, 0),
	gsSP1Triangle(12, 10, 11, 0),
	gsSP1Triangle(12, 11, 13, 0),
	gsSP1Triangle(12, 13, 14, 0),
	gsSP1Triangle(15, 14, 13, 0),
	gsSPVertex(mario_chest_mesh_layer_1_vtx_0 + 16, 16, 0),
	gsSP1Triangle(0, 1, 2, 0),
	gsSP1Triangle(3, 0, 2, 0),
	gsSP1Triangle(2, 4, 3, 0),
	gsSP1Triangle(0, 3, 5, 0),
	gsSP1Triangle(0, 5, 6, 0),
	gsSP1Triangle(5, 7, 6, 0),
	gsSP1Triangle(6, 7, 8, 0),
	gsSP1Triangle(9, 8, 7, 0),
	gsSP1Triangle(10, 8, 9, 0),
	gsSP1Triangle(9, 11, 10, 0),
	gsSP1Triangle(12, 11, 9, 0),
	gsSP1Triangle(12, 9, 13, 0),
	gsSP1Triangle(14, 13, 9, 0),
	gsSP1Triangle(13, 14, 15, 0),
	gsSPVertex(mario_chest_mesh_layer_1_vtx_0 + 32, 16, 0),
	gsSP1Triangle(0, 1, 2, 0),
	gsSP1Triangle(3, 0, 2, 0),
	gsSP1Triangle(2, 4, 3, 0),
	gsSP1Triangle(3, 4, 5, 0),
	gsSP1Triangle(6, 5, 4, 0),
	gsSP1Triangle(5, 7, 3, 0),
	gsSP1Triangle(8, 7, 5, 0),
	gsSP1Triangle(9, 7, 8, 0),
	gsSP1Triangle(8, 10, 9, 0),
	gsSP1Triangle(10, 11, 9, 0),
	gsSP1Triangle(12, 11, 10, 0),
	gsSP1Triangle(13, 11, 12, 0),
	gsSP1Triangle(14, 13, 12, 0),
	gsSP1Triangle(12, 15, 14, 0),
	gsSPVertex(mario_chest_mesh_layer_1_vtx_0 + 48, 16, 0),
	gsSP1Triangle(0, 1, 2, 0),
	gsSP1Triangle(1, 0, 3, 0),
	gsSP1Triangle(4, 3, 0, 0),
	gsSP1Triangle(4, 0, 5, 0),
	gsSP1Triangle(4, 5, 6, 0),
	gsSP1Triangle(7, 6, 5, 0),
	gsSP1Triangle(6, 7, 8, 0),
	gsSP1Triangle(7, 9, 8, 0),
	gsSP1Triangle(9, 7, 10, 0),
	gsSP1Triangle(9, 10, 11, 0),
	gsSP1Triangle(12, 9, 11, 0),
	gsSP1Triangle(13, 9, 12, 0),
	gsSP1Triangle(14, 13, 12, 0),
	gsSP1Triangle(14, 15, 13, 0),
	gsSPVertex(mario_chest_mesh_layer_1_vtx_0 + 64, 16, 0),
	gsSP1Triangle(0, 1, 2, 0),
	gsSP1Triangle(2, 3, 0, 0),
	gsSP1Triangle(4, 3, 2, 0),
	gsSP1Triangle(2, 5, 4, 0),
	gsSP1Triangle(4, 5, 6, 0),
	gsSP1Triangle(5, 7, 6, 0),
	gsSP1Triangle(7, 8, 6, 0),
	gsSP1Triangle(8, 7, 9, 0),
	gsSP1Triangle(8, 9, 10, 0),
	gsSP1Triangle(11, 8, 10, 0),
	gsSP1Triangle(12, 8, 11, 0),
	gsSP1Triangle(12, 11, 13, 0),
	gsSP1Triangle(13, 14, 12, 0),
	gsSP1Triangle(14, 15, 12, 0),
	gsSPVertex(mario_chest_mesh_layer_1_vtx_0 + 80, 14, 0),
	gsSP1Triangle(0, 1, 2, 0),
	gsSP1Triangle(2, 1, 3, 0),
	gsSP1Triangle(2, 4, 5, 0),
	gsSP1Triangle(2, 6, 4, 0),
	gsSP1Triangle(6, 2, 7, 0),
	gsSP1Triangle(7, 8, 6, 0),
	gsSP1Triangle(8, 9, 6, 0),
	gsSP1Triangle(10, 6, 9, 0),
	gsSP1Triangle(4, 6, 10, 0),
	gsSP1Triangle(10, 11, 4, 0),
	gsSP1Triangle(11, 12, 4, 0),
	gsSP1Triangle(4, 12, 13, 0),
	gsSP1Triangle(13, 5, 4, 0),
	gsSPEndDisplayList(),
};

Vtx mario_chest_mesh_layer_1_vtx_1[31] = {
	{{ {47, 75, -34}, 0, {872, -16}, {72, 102, 230, 255} }},
	{{ {47, 75, 35}, 0, {723, -16}, {72, 102, 26, 255} }},
	{{ {82, 37, 27}, 0, {740, 95}, {104, 69, 21, 255} }},
	{{ {82, 37, -26}, 0, {854, 95}, {104, 69, 235, 255} }},
	{{ {100, 1, 24}, 0, {747, 182}, {124, 18, 21, 255} }},
	{{ {100, 1, -23}, 0, {848, 182}, {124, 18, 235, 255} }},
	{{ {93, -36, 26}, 0, {743, 263}, {107, 189, 16, 255} }},
	{{ {93, -36, -25}, 0, {852, 263}, {107, 189, 240, 255} }},
	{{ {54, -63, 0}, 0, {798, 365}, {47, 138, 0, 255} }},
	{{ {20, -61, 68}, 0, {322, 16}, {9, 151, 71, 255} }},
	{{ {46, -34, 84}, 0, {269, 85}, {36, 202, 109, 255} }},
	{{ {6, -11, 93}, 0, {353, 140}, {0, 233, 125, 255} }},
	{{ {66, -52, 51}, 0, {211, 16}, {58, 151, 42, 255} }},
	{{ {84, -29, 63}, 0, {176, 79}, {95, 216, 75, 255} }},
	{{ {47, 3, 89}, 0, {262, 161}, {47, 8, 118, 255} }},
	{{ {80, 14, 62}, 0, {169, 175}, {97, 35, 74, 255} }},
	{{ {44, 51, 75}, 0, {243, 267}, {62, 54, 96, 255} }},
	{{ {47, 3, 89}, 0, {262, 161}, {47, 8, 118, 255} }},
	{{ {80, 14, 62}, 0, {169, 175}, {97, 35, 74, 255} }},
	{{ {13, 33, 91}, 0, {325, 235}, {16, 27, 123, 255} }},
	{{ {6, -11, 93}, 0, {353, 140}, {0, 233, 125, 255} }},
	{{ {46, -34, 84}, 0, {269, 85}, {36, 202, 109, 255} }},
	{{ {6, -10, -92}, 0, {-16, 141}, {0, 234, 131, 255} }},
	{{ {12, 33, -90}, 0, {10, 235}, {13, 28, 133, 255} }},
	{{ {47, 3, -88}, 0, {75, 161}, {47, 8, 138, 255} }},
	{{ {43, 51, -74}, 0, {92, 267}, {61, 53, 158, 255} }},
	{{ {80, 14, -61}, 0, {168, 175}, {97, 35, 182, 255} }},
	{{ {84, -29, -62}, 0, {161, 79}, {95, 216, 181, 255} }},
	{{ {46, -34, -83}, 0, {68, 85}, {35, 202, 147, 255} }},
	{{ {66, -52, -50}, 0, {127, 16}, {58, 151, 213, 255} }},
	{{ {20, -61, -67}, 0, {15, 16}, {9, 151, 185, 255} }},
};

Gfx mario_chest_mesh_layer_1_tri_1[] = {
	gsSPVertex(mario_chest_mesh_layer_1_vtx_1 + 0, 16, 0),
	gsSP1Triangle(0, 1, 2, 0),
	gsSP1Triangle(0, 2, 3, 0),
	gsSP1Triangle(4, 3, 2, 0),
	gsSP1Triangle(4, 5, 3, 0),
	gsSP1Triangle(5, 4, 6, 0),
	gsSP1Triangle(5, 6, 7, 0),
	gsSP1Triangle(8, 7, 6, 0),
	gsSP1Triangle(9, 10, 11, 0),
	gsSP1Triangle(9, 12, 10, 0),
	gsSP1Triangle(13, 10, 12, 0),
	gsSP1Triangle(14, 10, 13, 0),
	gsSP1Triangle(15, 14, 13, 0),
	gsSPVertex(mario_chest_mesh_layer_1_vtx_1 + 16, 15, 0),
	gsSP1Triangle(0, 1, 2, 0),
	gsSP1Triangle(3, 1, 0, 0),
	gsSP1Triangle(3, 4, 1, 0),
	gsSP1Triangle(5, 1, 4, 0),
	gsSP1Triangle(6, 7, 8, 0),
	gsSP1Triangle(8, 7, 9, 0),
	gsSP1Triangle(10, 8, 9, 0),
	gsSP1Triangle(11, 8, 10, 0),
	gsSP1Triangle(11, 12, 8, 0),
	gsSP1Triangle(13, 12, 11, 0),
	gsSP1Triangle(12, 13, 14, 0),
	gsSP1Triangle(6, 12, 14, 0),
	gsSP1Triangle(6, 8, 12, 0),
	gsSPEndDisplayList(),
};

Vtx mario_chest_mesh_layer_1_vtx_2[14] = {
	{{ {9, 89, -40}, 0, {760, 904}, {15, 120, 217, 255} }},
	{{ {28, 85, -29}, 0, {974, 496}, {44, 118, 240, 255} }},
	{{ {47, 75, -34}, 0, {834, 56}, {72, 102, 230, 255} }},
	{{ {3, 77, -61}, 0, {248, 956}, {4, 108, 189, 255} }},
	{{ {17, 66, -75}, 0, {-74, 626}, {23, 87, 166, 255} }},
	{{ {32, 62, -73}, 0, {-40, 294}, {42, 81, 168, 255} }},
	{{ {48, 64, -58}, 0, {296, -16}, {70, 89, 199, 255} }},
	{{ {47, 75, 35}, 0, {18, 90}, {72, 102, 26, 255} }},
	{{ {28, 85, 30}, 0, {-76, 556}, {44, 118, 16, 255} }},
	{{ {9, 89, 41}, 0, {164, 946}, {16, 120, 39, 255} }},
	{{ {3, 77, 62}, 0, {666, 950}, {4, 108, 67, 255} }},
	{{ {17, 66, 76}, 0, {950, 574}, {24, 87, 89, 255} }},
	{{ {32, 62, 74}, 0, {886, 236}, {41, 82, 88, 255} }},
	{{ {48, 64, 59}, 0, {532, -16}, {70, 90, 56, 255} }},
};

Gfx mario_chest_mesh_layer_1_tri_2[] = {
	gsSPVertex(mario_chest_mesh_layer_1_vtx_2 + 0, 14, 0),
	gsSP1Triangle(0, 1, 2, 0),
	gsSP1Triangle(3, 0, 2, 0),
	gsSP1Triangle(4, 3, 2, 0),
	gsSP1Triangle(5, 4, 2, 0),
	gsSP1Triangle(2, 6, 5, 0),
	gsSP1Triangle(7, 8, 9, 0),
	gsSP1Triangle(9, 10, 7, 0),
	gsSP1Triangle(10, 11, 7, 0),
	gsSP1Triangle(11, 12, 7, 0),
	gsSP1Triangle(12, 13, 7, 0),
	gsSPEndDisplayList(),
};

Vtx mario_head_mesh_layer_1_vtx_0[12] = {
	{{ {97, 103, 25}, 0, {708, 942}, {78, 66, 76, 255} }},
	{{ {104, 87, 70}, 0, {1122, 848}, {43, 98, 68, 255} }},
	{{ {144, 83, 67}, 0, {1092, 412}, {32, 91, 82, 255} }},
	{{ {175, 91, 39}, 0, {826, 96}, {164, 87, 11, 255} }},
	{{ {153, 33, 95}, 0, {1346, 280}, {1, 70, 106, 255} }},
	{{ {145, 101, 0}, 0, {464, 430}, {22, 125, 0, 255} }},
	{{ {175, 91, -38}, 0, {90, 114}, {165, 87, 245, 255} }},
	{{ {97, 103, -24}, 0, {240, 954}, {77, 65, 179, 255} }},
	{{ {144, 83, -66}, 0, {-162, 444}, {32, 91, 174, 255} }},
	{{ {153, 33, -94}, 0, {-420, 326}, {0, 69, 149, 255} }},
	{{ {104, 87, -69}, 0, {-176, 882}, {43, 98, 188, 255} }},
	{{ {108, 105, 0}, 0, {472, 838}, {101, 77, 255, 255} }},
};

Gfx mario_head_mesh_layer_1_tri_0[] = {
	gsSPVertex(mario_head_mesh_layer_1_vtx_0 + 0, 12, 0),
	gsSP1Triangle(0, 1, 2, 0),
	gsSP1Triangle(2, 3, 0, 0),
	gsSP1Triangle(4, 3, 2, 0),
	gsSP1Triangle(3, 5, 0, 0),
	gsSP1Triangle(6, 5, 3, 0),
	gsSP1Triangle(7, 5, 6, 0),
	gsSP1Triangle(7, 6, 8, 0),
	gsSP1Triangle(8, 6, 9, 0),
	gsSP1Triangle(10, 7, 8, 0),
	gsSP1Triangle(7, 11, 5, 0),
	gsSP1Triangle(5, 11, 0, 0),
	gsSPEndDisplayList(),
};

Vtx mario_head_mesh_layer_1_vtx_1[95] = {
	{{ {92, 88, -83}, 0, {401, 130}, {42, 78, 165, 255} }},
	{{ {77, 108, -33}, 0, {527, 94}, {24, 45, 140, 255} }},
	{{ {97, 103, -24}, 0, {515, 43}, {77, 65, 179, 255} }},
	{{ {104, 87, -69}, 0, {411, 88}, {43, 98, 188, 255} }},
	{{ {96, 49, -93}, 0, {308, 115}, {12, 40, 136, 255} }},
	{{ {144, 83, -66}, 0, {399, -6}, {32, 91, 174, 255} }},
	{{ {153, 33, -94}, 0, {263, -16}, {0, 69, 149, 255} }},
	{{ {44, 44, -96}, 0, {288, 236}, {209, 30, 142, 255} }},
	{{ {42, 0, -102}, 0, {184, 235}, {184, 255, 152, 255} }},
	{{ {3, 54, -51}, 0, {319, 378}, {144, 26, 203, 255} }},
	{{ {17, -52, -46}, 0, {68, 384}, {134, 252, 222, 255} }},
	{{ {56, -45, -76}, 0, {62, 267}, {202, 199, 156, 255} }},
	{{ {64, -25, -134}, 0, {123, 178}, {214, 6, 136, 255} }},
	{{ {85, -23, -110}, 0, {156, 124}, {7, 90, 167, 255} }},
	{{ {102, -33, -134}, 0, {98, 140}, {50, 237, 141, 255} }},
	{{ {120, -12, -109}, 0, {76, 72}, {238, 32, 134, 255} }},
	{{ {102, -33, -134}, 0, {98, 140}, {50, 237, 141, 255} }},
	{{ {120, -12, -109}, 0, {76, 72}, {238, 32, 134, 255} }},
	{{ {91, -54, -85}, 0, {14, 190}, {198, 192, 163, 255} }},
	{{ {64, -25, -134}, 0, {123, 178}, {214, 6, 136, 255} }},
	{{ {56, -45, -76}, 0, {62, 267}, {202, 199, 156, 255} }},
	{{ {17, -52, -46}, 0, {68, 384}, {134, 252, 222, 255} }},
	{{ {-7, 62, 0}, 0, {330, 495}, {133, 33, 0, 255} }},
	{{ {3, 54, -51}, 0, {319, 378}, {144, 26, 203, 255} }},
	{{ {17, -52, 47}, 0, {68, 608}, {134, 252, 34, 255} }},
	{{ {31, -84, 0}, 0, {-16, 495}, {158, 175, 1, 255} }},
	{{ {3, 54, 52}, 0, {319, 614}, {143, 26, 53, 255} }},
	{{ {42, 0, 103}, 0, {184, 757}, {184, 255, 104, 255} }},
	{{ {56, -45, 77}, 0, {62, 724}, {202, 199, 100, 255} }},
	{{ {64, -25, 135}, 0, {123, 814}, {214, 6, 120, 255} }},
	{{ {91, -54, 86}, 0, {14, 802}, {198, 192, 93, 255} }},
	{{ {102, -33, 135}, 0, {98, 853}, {50, 236, 115, 255} }},
	{{ {91, -54, 86}, 0, {14, 802}, {198, 192, 93, 255} }},
	{{ {120, -11, 111}, 0, {77, 921}, {238, 32, 122, 255} }},
	{{ {102, -33, 135}, 0, {98, 853}, {50, 236, 115, 255} }},
	{{ {85, -23, 111}, 0, {156, 867}, {5, 90, 89, 255} }},
	{{ {64, -25, 135}, 0, {123, 814}, {214, 6, 120, 255} }},
	{{ {42, 0, 103}, 0, {184, 757}, {184, 255, 104, 255} }},
	{{ {44, 44, 97}, 0, {288, 755}, {209, 30, 114, 255} }},
	{{ {3, 54, 52}, 0, {319, 614}, {143, 26, 53, 255} }},
	{{ {96, 49, 94}, 0, {308, 876}, {12, 40, 120, 255} }},
	{{ {92, 88, 84}, 0, {401, 862}, {42, 78, 91, 255} }},
	{{ {104, 87, 70}, 0, {411, 904}, {43, 98, 68, 255} }},
	{{ {144, 83, 67}, 0, {399, 998}, {32, 91, 82, 255} }},
	{{ {153, 33, 95}, 0, {263, 1008}, {1, 70, 106, 255} }},
	{{ {97, 103, 25}, 0, {515, 949}, {78, 66, 76, 255} }},
	{{ {77, 108, 34}, 0, {527, 898}, {24, 45, 116, 255} }},
	{{ {27, 100, -29}, 0, {442, 426}, {177, 96, 230, 255} }},
	{{ {3, 54, -51}, 0, {319, 378}, {144, 26, 203, 255} }},
	{{ {-7, 62, 0}, 0, {330, 495}, {133, 33, 0, 255} }},
	{{ {27, 100, 30}, 0, {442, 565}, {176, 96, 26, 255} }},
	{{ {3, 54, 52}, 0, {319, 614}, {143, 26, 53, 255} }},
	{{ {41, 109, 0}, 0, {482, 495}, {141, 54, 255, 255} }},
	{{ {97, 103, 25}, 0, {-16, -16}, {78, 66, 76, 255} }},
	{{ {108, 105, 0}, 0, {-16, -16}, {101, 77, 255, 255} }},
	{{ {117, 128, 0}, 0, {-16, -16}, {124, 228, 255, 255} }},
	{{ {97, 103, -24}, 0, {-16, -16}, {77, 65, 179, 255} }},
	{{ {102, 129, -40}, 0, {-16, -16}, {76, 223, 160, 255} }},
	{{ {77, 108, -33}, 0, {-16, -16}, {24, 45, 140, 255} }},
	{{ {75, 130, -45}, 0, {-16, -16}, {254, 226, 133, 255} }},
	{{ {47, 131, -40}, 0, {-16, -16}, {175, 233, 161, 255} }},
	{{ {52, 111, -30}, 0, {-16, -16}, {180, 55, 171, 255} }},
	{{ {32, 132, 0}, 0, {-16, -16}, {131, 236, 254, 255} }},
	{{ {52, 111, -30}, 0, {-16, -16}, {180, 55, 171, 255} }},
	{{ {41, 109, 0}, 0, {-16, -16}, {141, 54, 255, 255} }},
	{{ {32, 132, 0}, 0, {-16, -16}, {131, 236, 254, 255} }},
	{{ {52, 111, 31}, 0, {-16, -16}, {179, 55, 85, 255} }},
	{{ {47, 131, 41}, 0, {-16, -16}, {176, 231, 96, 255} }},
	{{ {77, 108, 34}, 0, {-16, -16}, {24, 45, 116, 255} }},
	{{ {75, 130, 46}, 0, {-16, -16}, {254, 226, 123, 255} }},
	{{ {102, 129, 41}, 0, {-16, -16}, {77, 223, 96, 255} }},
	{{ {97, 103, 25}, 0, {-16, -16}, {78, 66, 76, 255} }},
	{{ {117, 128, 0}, 0, {-16, -16}, {124, 228, 255, 255} }},
	{{ {104, 162, 41}, 0, {-16, -16}, {73, 57, 88, 255} }},
	{{ {119, 161, 0}, 0, {-16, -16}, {120, 41, 0, 255} }},
	{{ {102, 129, -40}, 0, {-16, -16}, {76, 223, 160, 255} }},
	{{ {104, 162, -40}, 0, {-16, -16}, {72, 56, 168, 255} }},
	{{ {75, 130, -45}, 0, {-16, -16}, {254, 226, 133, 255} }},
	{{ {78, 163, -45}, 0, {-16, -16}, {3, 67, 148, 255} }},
	{{ {52, 164, -40}, 0, {-16, -16}, {194, 66, 167, 255} }},
	{{ {78, 163, -45}, 0, {-16, -16}, {3, 67, 148, 255} }},
	{{ {75, 130, -45}, 0, {-16, -16}, {254, 226, 133, 255} }},
	{{ {47, 131, -40}, 0, {-16, -16}, {175, 233, 161, 255} }},
	{{ {32, 132, 0}, 0, {-16, -16}, {131, 236, 254, 255} }},
	{{ {33, 165, 0}, 0, {-16, -16}, {144, 60, 254, 255} }},
	{{ {47, 131, 41}, 0, {-16, -16}, {176, 231, 96, 255} }},
	{{ {52, 164, 41}, 0, {-16, -16}, {195, 67, 89, 255} }},
	{{ {75, 130, 46}, 0, {-16, -16}, {254, 226, 123, 255} }},
	{{ {78, 163, 46}, 0, {-16, -16}, {3, 68, 107, 255} }},
	{{ {104, 162, 41}, 0, {-16, -16}, {73, 57, 88, 255} }},
	{{ {102, 129, 41}, 0, {-16, -16}, {77, 223, 96, 255} }},
	{{ {101, 179, 0}, 0, {-16, -16}, {47, 118, 0, 255} }},
	{{ {119, 161, 0}, 0, {-16, -16}, {120, 41, 0, 255} }},
	{{ {104, 162, -40}, 0, {-16, -16}, {72, 56, 168, 255} }},
	{{ {60, 181, 0}, 0, {-16, -16}, {229, 124, 0, 255} }},
};

Gfx mario_head_mesh_layer_1_tri_1[] = {
	gsSPVertex(mario_head_mesh_layer_1_vtx_1 + 0, 16, 0),
	gsSP1Triangle(0, 1, 2, 0),
	gsSP1Triangle(0, 2, 3, 0),
	gsSP1Triangle(4, 0, 3, 0),
	gsSP1Triangle(4, 3, 5, 0),
	gsSP1Triangle(5, 6, 4, 0),
	gsSP1Triangle(0, 4, 7, 0),
	gsSP1Triangle(8, 7, 4, 0),
	gsSP1Triangle(8, 9, 7, 0),
	gsSP1Triangle(8, 10, 9, 0),
	gsSP1Triangle(8, 11, 10, 0),
	gsSP1Triangle(8, 12, 11, 0),
	gsSP1Triangle(13, 12, 8, 0),
	gsSP1Triangle(13, 14, 12, 0),
	gsSP1Triangle(14, 13, 15, 0),
	gsSPVertex(mario_head_mesh_layer_1_vtx_1 + 16, 16, 0),
	gsSP1Triangle(0, 1, 2, 0),
	gsSP1Triangle(3, 0, 2, 0),
	gsSP1Triangle(4, 3, 2, 0),
	gsSP1Triangle(5, 6, 7, 0),
	gsSP1Triangle(5, 8, 6, 0),
	gsSP1Triangle(5, 9, 8, 0),
	gsSP1Triangle(8, 10, 6, 0),
	gsSP1Triangle(10, 8, 11, 0),
	gsSP1Triangle(8, 12, 11, 0),
	gsSP1Triangle(13, 11, 12, 0),
	gsSP1Triangle(13, 12, 14, 0),
	gsSP1Triangle(13, 14, 15, 0),
	gsSPVertex(mario_head_mesh_layer_1_vtx_1 + 32, 15, 0),
	gsSP1Triangle(0, 1, 2, 0),
	gsSP1Triangle(1, 3, 2, 0),
	gsSP1Triangle(4, 2, 3, 0),
	gsSP1Triangle(5, 4, 3, 0),
	gsSP1Triangle(6, 7, 5, 0),
	gsSP1Triangle(8, 6, 5, 0),
	gsSP1Triangle(6, 8, 9, 0),
	gsSP1Triangle(10, 9, 8, 0),
	gsSP1Triangle(11, 10, 8, 0),
	gsSP1Triangle(8, 12, 11, 0),
	gsSP1Triangle(9, 10, 13, 0),
	gsSP1Triangle(14, 9, 13, 0),
	gsSPVertex(mario_head_mesh_layer_1_vtx_1 + 47, 16, 0),
	gsSP1Triangle(0, 1, 2, 0),
	gsSP1Triangle(3, 0, 2, 0),
	gsSP1Triangle(2, 4, 3, 0),
	gsSP1Triangle(5, 0, 3, 0),
	gsSP1Triangle(6, 7, 8, 0),
	gsSP1Triangle(8, 7, 9, 0),
	gsSP1Triangle(9, 10, 8, 0),
	gsSP1Triangle(10, 9, 11, 0),
	gsSP1Triangle(12, 10, 11, 0),
	gsSP1Triangle(13, 12, 11, 0),
	gsSP1Triangle(11, 14, 13, 0),
	gsSP1Triangle(15, 13, 14, 0),
	gsSPVertex(mario_head_mesh_layer_1_vtx_1 + 63, 16, 0),
	gsSP1Triangle(0, 1, 2, 0),
	gsSP1Triangle(2, 1, 3, 0),
	gsSP1Triangle(3, 4, 2, 0),
	gsSP1Triangle(4, 3, 5, 0),
	gsSP1Triangle(6, 4, 5, 0),
	gsSP1Triangle(7, 6, 5, 0),
	gsSP1Triangle(5, 8, 7, 0),
	gsSP1Triangle(9, 7, 8, 0),
	gsSP1Triangle(10, 7, 9, 0),
	gsSP1Triangle(11, 10, 9, 0),
	gsSP1Triangle(9, 12, 11, 0),
	gsSP1Triangle(12, 13, 11, 0),
	gsSP1Triangle(14, 13, 12, 0),
	gsSP1Triangle(14, 15, 13, 0),
	gsSPVertex(mario_head_mesh_layer_1_vtx_1 + 79, 16, 0),
	gsSP1Triangle(0, 1, 2, 0),
	gsSP1Triangle(3, 0, 2, 0),
	gsSP1Triangle(0, 3, 4, 0),
	gsSP1Triangle(5, 0, 4, 0),
	gsSP1Triangle(4, 6, 5, 0),
	gsSP1Triangle(6, 7, 5, 0),
	gsSP1Triangle(7, 6, 8, 0),
	gsSP1Triangle(7, 8, 9, 0),
	gsSP1Triangle(9, 8, 10, 0),
	gsSP1Triangle(8, 11, 10, 0),
	gsSP1Triangle(10, 12, 9, 0),
	gsSP1Triangle(12, 10, 13, 0),
	gsSP1Triangle(12, 13, 14, 0),
	gsSP1Triangle(12, 14, 1, 0),
	gsSP1Triangle(1, 15, 12, 0),
	gsSP1Triangle(15, 1, 0, 0),
	gsSP1Triangle(5, 15, 0, 0),
	gsSP1Triangle(5, 7, 15, 0),
	gsSP1Triangle(7, 9, 15, 0),
	gsSP1Triangle(15, 9, 12, 0),
	gsSPEndDisplayList(),
};

Vtx mario_head_mesh_layer_1_vtx_2[16] = {
	{{ {27, 100, 30}, 0, {426, 966}, {176, 96, 26, 255} }},
	{{ {52, 111, 31}, 0, {338, 674}, {179, 55, 85, 255} }},
	{{ {41, 109, 0}, 0, {54, 908}, {141, 54, 255, 255} }},
	{{ {48, 94, 76}, 0, {872, 548}, {214, 89, 80, 255} }},
	{{ {3, 54, 52}, 0, {876, 1074}, {143, 26, 53, 255} }},
	{{ {44, 44, 97}, 0, {1280, 422}, {209, 30, 114, 255} }},
	{{ {92, 88, 84}, 0, {882, -34}, {42, 78, 91, 255} }},
	{{ {77, 108, 34}, 0, {326, 352}, {24, 45, 116, 255} }},
	{{ {41, 109, 0}, 0, {34, 884}, {141, 54, 255, 255} }},
	{{ {52, 111, -30}, 0, {324, 668}, {180, 55, 171, 255} }},
	{{ {27, 100, -29}, 0, {378, 982}, {177, 96, 230, 255} }},
	{{ {48, 94, -75}, 0, {840, 592}, {214, 89, 176, 255} }},
	{{ {77, 108, -33}, 0, {346, 328}, {24, 45, 140, 255} }},
	{{ {92, 88, -83}, 0, {906, -20}, {42, 78, 165, 255} }},
	{{ {44, 44, -96}, 0, {1234, 502}, {209, 30, 142, 255} }},
	{{ {3, 54, -51}, 0, {790, 1146}, {144, 26, 203, 255} }},
};

Gfx mario_head_mesh_layer_1_tri_2[] = {
	gsSPVertex(mario_head_mesh_layer_1_vtx_2 + 0, 16, 0),
	gsSP1Triangle(0, 1, 2, 0),
	gsSP1Triangle(0, 3, 1, 0),
	gsSP1Triangle(4, 3, 0, 0),
	gsSP1Triangle(5, 3, 4, 0),
	gsSP1Triangle(3, 5, 6, 0),
	gsSP1Triangle(6, 7, 3, 0),
	gsSP1Triangle(7, 1, 3, 0),
	gsSP1Triangle(8, 9, 10, 0),
	gsSP1Triangle(9, 11, 10, 0),
	gsSP1Triangle(11, 9, 12, 0),
	gsSP1Triangle(11, 12, 13, 0),
	gsSP1Triangle(13, 14, 11, 0),
	gsSP1Triangle(15, 11, 14, 0),
	gsSP1Triangle(10, 11, 15, 0),
	gsSPEndDisplayList(),
};

Vtx mario_head_mesh_layer_1_vtx_3[30] = {
	{{ {64, -103, 52}, 0, {-16, -16}, {242, 149, 67, 255} }},
	{{ {91, -54, 86}, 0, {-16, -16}, {198, 192, 93, 255} }},
	{{ {56, -45, 77}, 0, {-16, -16}, {202, 199, 100, 255} }},
	{{ {58, -114, 60}, 0, {-16, -16}, {87, 170, 33, 255} }},
	{{ {31, -85, 87}, 0, {-16, -16}, {228, 250, 124, 255} }},
	{{ {17, -52, 47}, 0, {-16, -16}, {134, 252, 34, 255} }},
	{{ {9, -88, 59}, 0, {-16, -16}, {132, 237, 22, 255} }},
	{{ {31, -84, 0}, 0, {-16, -16}, {158, 175, 1, 255} }},
	{{ {36, -116, 36}, 0, {-16, -16}, {238, 146, 195, 255} }},
	{{ {64, -103, -51}, 0, {-16, -16}, {242, 149, 189, 255} }},
	{{ {36, -116, -35}, 0, {-16, -16}, {238, 146, 61, 255} }},
	{{ {9, -88, -58}, 0, {-16, -16}, {132, 237, 234, 255} }},
	{{ {17, -52, -46}, 0, {-16, -16}, {134, 252, 222, 255} }},
	{{ {31, -85, -86}, 0, {-16, -16}, {228, 250, 132, 255} }},
	{{ {56, -45, -76}, 0, {-16, -16}, {202, 199, 156, 255} }},
	{{ {58, -114, -59}, 0, {-16, -16}, {87, 170, 223, 255} }},
	{{ {56, -45, -76}, 0, {-16, -16}, {202, 199, 156, 255} }},
	{{ {91, -54, -85}, 0, {-16, -16}, {198, 192, 163, 255} }},
	{{ {64, -103, -51}, 0, {-16, -16}, {242, 149, 189, 255} }},
	{{ {36, -116, -35}, 0, {-16, -16}, {238, 146, 61, 255} }},
	{{ {58, -114, -59}, 0, {-16, -16}, {87, 170, 223, 255} }},
	{{ {35, -120, -67}, 0, {-16, -16}, {230, 146, 198, 255} }},
	{{ {9, -88, -58}, 0, {-16, -16}, {132, 237, 234, 255} }},
	{{ {31, -85, -86}, 0, {-16, -16}, {228, 250, 132, 255} }},
	{{ {58, -114, 60}, 0, {-16, -16}, {87, 170, 33, 255} }},
	{{ {36, -116, 36}, 0, {-16, -16}, {238, 146, 195, 255} }},
	{{ {64, -103, 52}, 0, {-16, -16}, {242, 149, 67, 255} }},
	{{ {35, -120, 68}, 0, {-16, -16}, {230, 146, 58, 255} }},
	{{ {31, -85, 87}, 0, {-16, -16}, {228, 250, 124, 255} }},
	{{ {9, -88, 59}, 0, {-16, -16}, {132, 237, 22, 255} }},
};

Gfx mario_head_mesh_layer_1_tri_3[] = {
	gsSPVertex(mario_head_mesh_layer_1_vtx_3 + 0, 16, 0),
	gsSP1Triangle(0, 1, 2, 0),
	gsSP1Triangle(3, 0, 2, 0),
	gsSP1Triangle(2, 4, 3, 0),
	gsSP1Triangle(4, 2, 5, 0),
	gsSP1Triangle(5, 6, 4, 0),
	gsSP1Triangle(6, 5, 7, 0),
	gsSP1Triangle(7, 8, 6, 0),
	gsSP1Triangle(7, 0, 8, 0),
	gsSP1Triangle(7, 9, 0, 0),
	gsSP1Triangle(7, 10, 9, 0),
	gsSP1Triangle(11, 10, 7, 0),
	gsSP1Triangle(7, 12, 11, 0),
	gsSP1Triangle(13, 11, 12, 0),
	gsSP1Triangle(12, 14, 13, 0),
	gsSP1Triangle(15, 13, 14, 0),
	gsSP1Triangle(14, 9, 15, 0),
	gsSPVertex(mario_head_mesh_layer_1_vtx_3 + 16, 14, 0),
	gsSP1Triangle(0, 1, 2, 0),
	gsSP1Triangle(3, 4, 2, 0),
	gsSP1Triangle(3, 5, 4, 0),
	gsSP1Triangle(6, 5, 3, 0),
	gsSP1Triangle(7, 5, 6, 0),
	gsSP1Triangle(5, 7, 4, 0),
	gsSP1Triangle(8, 9, 10, 0),
	gsSP1Triangle(8, 11, 9, 0),
	gsSP1Triangle(12, 11, 8, 0),
	gsSP1Triangle(13, 11, 12, 0),
	gsSP1Triangle(9, 11, 13, 0),
	gsSPEndDisplayList(),
};

Vtx mario_head_mesh_layer_1_vtx_4[10] = {
	{{ {42, 0, 103}, 0, {952, 1176}, {184, 255, 104, 255} }},
	{{ {85, -23, 111}, 0, {1222, 502}, {5, 90, 89, 255} }},
	{{ {96, 49, 94}, 0, {-90, 710}, {12, 40, 120, 255} }},
	{{ {120, -11, 111}, 0, {906, 106}, {238, 32, 122, 255} }},
	{{ {153, 33, 95}, 0, {6, -84}, {1, 70, 106, 255} }},
	{{ {96, 49, -93}, 0, {-86, 684}, {12, 40, 136, 255} }},
	{{ {85, -23, -110}, 0, {1134, 566}, {7, 90, 167, 255} }},
	{{ {42, 0, -102}, 0, {826, 1194}, {184, 255, 152, 255} }},
	{{ {120, -12, -109}, 0, {900, 168}, {238, 32, 134, 255} }},
	{{ {153, 33, -94}, 0, {74, -74}, {0, 69, 149, 255} }},
};

Gfx mario_head_mesh_layer_1_tri_4[] = {
	gsSPVertex(mario_head_mesh_layer_1_vtx_4 + 0, 10, 0),
	gsSP1Triangle(0, 1, 2, 0),
	gsSP1Triangle(1, 3, 2, 0),
	gsSP1Triangle(4, 2, 3, 0),
	gsSP1Triangle(5, 6, 7, 0),
	gsSP1Triangle(6, 5, 8, 0),
	gsSP1Triangle(8, 5, 9, 0),
	gsSPEndDisplayList(),
};

Vtx mario_head_mesh_layer_1_vtx_5[40] = {
	{{ {120, -12, -109}, 0, {-1, 836}, {238, 32, 134, 255} }},
	{{ {131, -56, -123}, 0, {80, 745}, {234, 215, 138, 255} }},
	{{ {91, -54, -85}, 0, {-16, 671}, {198, 192, 163, 255} }},
	{{ {187, -6, -133}, 0, {171, 859}, {34, 6, 134, 255} }},
	{{ {153, 33, -94}, 0, {90, 996}, {0, 69, 149, 255} }},
	{{ {252, 62, -69}, 0, {411, 1008}, {71, 65, 174, 255} }},
	{{ {271, 0, -41}, 0, {415, 814}, {113, 211, 219, 255} }},
	{{ {272, 85, 0}, 0, {654, 922}, {94, 86, 0, 255} }},
	{{ {271, 0, 42}, 0, {529, 691}, {113, 211, 37, 255} }},
	{{ {252, 62, 70}, 0, {723, 670}, {72, 65, 82, 255} }},
	{{ {187, -6, 134}, 0, {553, 440}, {35, 6, 122, 255} }},
	{{ {153, 33, 95}, 0, {686, 346}, {1, 70, 106, 255} }},
	{{ {120, -11, 111}, 0, {516, 267}, {238, 32, 122, 255} }},
	{{ {131, -56, 124}, 0, {429, 359}, {234, 215, 118, 255} }},
	{{ {91, -54, 86}, 0, {341, 267}, {198, 192, 93, 255} }},
	{{ {64, -103, 52}, 0, {170, 304}, {242, 149, 67, 255} }},
	{{ {131, -56, 124}, 0, {429, 359}, {234, 215, 118, 255} }},
	{{ {64, -103, 52}, 0, {170, 304}, {242, 149, 67, 255} }},
	{{ {77, -138, 51}, 0, {199, 397}, {190, 160, 50, 255} }},
	{{ {77, -138, -50}, 0, {88, 514}, {190, 160, 206, 255} }},
	{{ {64, -103, -51}, 0, {2, 507}, {242, 149, 189, 255} }},
	{{ {131, -56, -123}, 0, {80, 745}, {234, 215, 138, 255} }},
	{{ {91, -54, -85}, 0, {-16, 671}, {198, 192, 163, 255} }},
	{{ {122, -139, -48}, 0, {152, 558}, {44, 144, 215, 255} }},
	{{ {164, -89, -74}, 0, {191, 669}, {74, 167, 204, 255} }},
	{{ {187, -6, -133}, 0, {171, 859}, {34, 6, 134, 255} }},
	{{ {271, 0, -41}, 0, {415, 814}, {113, 211, 219, 255} }},
	{{ {164, -89, 75}, 0, {364, 481}, {74, 167, 52, 255} }},
	{{ {271, 0, 42}, 0, {529, 691}, {113, 211, 37, 255} }},
	{{ {187, -6, 134}, 0, {553, 440}, {35, 6, 122, 255} }},
	{{ {122, -139, 49}, 0, {247, 459}, {44, 144, 41, 255} }},
	{{ {195, 93, 32}, 0, {723, 595}, {82, 82, 52, 255} }},
	{{ {173, 132, 66}, 0, {851, 597}, {233, 88, 89, 255} }},
	{{ {153, 33, 95}, 0, {880, 366}, {1, 70, 106, 255} }},
	{{ {182, 155, 0}, 0, {847, 688}, {253, 127, 0, 255} }},
	{{ {195, 93, -31}, 0, {723, 779}, {82, 82, 204, 255} }},
	{{ {173, 132, -65}, 0, {851, 777}, {233, 88, 167, 255} }},
	{{ {153, 33, -94}, 0, {881, 1008}, {0, 69, 149, 255} }},
	{{ {175, 91, -38}, 0, {956, 785}, {165, 87, 245, 255} }},
	{{ {175, 91, 39}, 0, {956, 589}, {164, 87, 11, 255} }},
};

Gfx mario_head_mesh_layer_1_tri_5[] = {
	gsSPVertex(mario_head_mesh_layer_1_vtx_5 + 0, 16, 0),
	gsSP1Triangle(0, 1, 2, 0),
	gsSP1Triangle(3, 1, 0, 0),
	gsSP1Triangle(4, 3, 0, 0),
	gsSP1Triangle(4, 5, 3, 0),
	gsSP1Triangle(6, 3, 5, 0),
	gsSP1Triangle(5, 7, 6, 0),
	gsSP1Triangle(6, 7, 8, 0),
	gsSP1Triangle(8, 7, 9, 0),
	gsSP1Triangle(9, 10, 8, 0),
	gsSP1Triangle(10, 9, 11, 0),
	gsSP1Triangle(10, 11, 12, 0),
	gsSP1Triangle(12, 13, 10, 0),
	gsSP1Triangle(14, 13, 12, 0),
	gsSP1Triangle(14, 15, 13, 0),
	gsSPVertex(mario_head_mesh_layer_1_vtx_5 + 16, 15, 0),
	gsSP1Triangle(0, 1, 2, 0),
	gsSP1Triangle(2, 1, 3, 0),
	gsSP1Triangle(1, 4, 3, 0),
	gsSP1Triangle(3, 4, 5, 0),
	gsSP1Triangle(6, 5, 4, 0),
	gsSP1Triangle(5, 7, 3, 0),
	gsSP1Triangle(8, 7, 5, 0),
	gsSP1Triangle(9, 8, 5, 0),
	gsSP1Triangle(8, 9, 10, 0),
	gsSP1Triangle(8, 10, 11, 0),
	gsSP1Triangle(10, 12, 11, 0),
	gsSP1Triangle(12, 13, 11, 0),
	gsSP1Triangle(0, 11, 13, 0),
	gsSP1Triangle(0, 14, 11, 0),
	gsSP1Triangle(2, 14, 0, 0),
	gsSP1Triangle(3, 14, 2, 0),
	gsSP1Triangle(3, 7, 14, 0),
	gsSP1Triangle(14, 7, 8, 0),
	gsSP1Triangle(8, 11, 14, 0),
	gsSPVertex(mario_head_mesh_layer_1_vtx_5 + 31, 9, 0),
	gsSP1Triangle(0, 1, 2, 0),
	gsSP1Triangle(0, 3, 1, 0),
	gsSP1Triangle(4, 3, 0, 0),
	gsSP1Triangle(5, 3, 4, 0),
	gsSP1Triangle(5, 4, 6, 0),
	gsSP1Triangle(7, 5, 6, 0),
	gsSP1Triangle(7, 3, 5, 0),
	gsSP1Triangle(7, 8, 3, 0),
	gsSP1Triangle(1, 3, 8, 0),
	gsSP1Triangle(2, 1, 8, 0),
	gsSPEndDisplayList(),
};

Vtx mario_head_mesh_layer_1_vtx_6[7] = {
	{{ {195, 93, 32}, 0, {728, 716}, {82, 82, 52, 255} }},
	{{ {153, 33, 95}, 0, {1234, 1050}, {1, 70, 106, 255} }},
	{{ {252, 62, 70}, 0, {1016, 136}, {72, 65, 82, 255} }},
	{{ {272, 85, 0}, 0, {456, -32}, {94, 86, 0, 255} }},
	{{ {195, 93, -31}, 0, {216, 720}, {82, 82, 204, 255} }},
	{{ {252, 62, -69}, 0, {-94, 142}, {71, 65, 174, 255} }},
	{{ {153, 33, -94}, 0, {-274, 1060}, {0, 69, 149, 255} }},
};

Gfx mario_head_mesh_layer_1_tri_6[] = {
	gsSPVertex(mario_head_mesh_layer_1_vtx_6 + 0, 7, 0),
	gsSP1Triangle(0, 1, 2, 0),
	gsSP1Triangle(2, 3, 0, 0),
	gsSP1Triangle(3, 4, 0, 0),
	gsSP1Triangle(3, 5, 4, 0),
	gsSP1Triangle(5, 6, 4, 0),
	gsSPEndDisplayList(),
};

Vtx mario_002_switch_option_head__no_cap__mesh_layer_1_vtx_0[58] = {
	{{ {104, 87, -69}, 0, {-176, 882}, {43, 98, 188, 255} }},
	{{ {97, 103, -24}, 0, {240, 954}, {77, 65, 179, 255} }},
	{{ {144, 83, -66}, 0, {-162, 444}, {32, 91, 174, 255} }},
	{{ {175, 91, -38}, 0, {90, 114}, {234, 113, 203, 255} }},
	{{ {145, 101, 0}, 0, {464, 430}, {22, 125, 0, 255} }},
	{{ {108, 105, 0}, 0, {472, 838}, {101, 77, 255, 255} }},
	{{ {97, 103, 25}, 0, {708, 942}, {78, 66, 76, 255} }},
	{{ {175, 91, 39}, 0, {826, 96}, {252, 117, 50, 255} }},
	{{ {144, 83, 67}, 0, {1092, 412}, {32, 91, 82, 255} }},
	{{ {104, 87, 70}, 0, {1122, 848}, {43, 98, 68, 255} }},
	{{ {153, 33, 95}, 0, {1346, 280}, {254, 54, 115, 255} }},
	{{ {153, 33, -94}, 0, {-420, 326}, {245, 51, 140, 255} }},
	{{ {97, 103, 25}, 0, {-16, -16}, {78, 66, 76, 255} }},
	{{ {108, 105, 0}, 0, {-16, -16}, {101, 77, 255, 255} }},
	{{ {117, 128, 0}, 0, {-16, -16}, {124, 228, 255, 255} }},
	{{ {97, 103, -24}, 0, {-16, -16}, {77, 65, 179, 255} }},
	{{ {97, 103, -24}, 0, {-16, -16}, {77, 65, 179, 255} }},
	{{ {102, 129, -40}, 0, {-16, -16}, {76, 223, 160, 255} }},
	{{ {117, 128, 0}, 0, {-16, -16}, {124, 228, 255, 255} }},
	{{ {77, 108, -33}, 0, {-16, -16}, {24, 45, 140, 255} }},
	{{ {75, 130, -45}, 0, {-16, -16}, {254, 226, 133, 255} }},
	{{ {47, 131, -40}, 0, {-16, -16}, {175, 233, 161, 255} }},
	{{ {52, 111, -30}, 0, {-16, -16}, {180, 55, 171, 255} }},
	{{ {32, 132, 0}, 0, {-16, -16}, {131, 236, 254, 255} }},
	{{ {41, 109, 0}, 0, {-16, -16}, {141, 54, 255, 255} }},
	{{ {52, 111, 31}, 0, {-16, -16}, {179, 55, 85, 255} }},
	{{ {47, 131, 41}, 0, {-16, -16}, {176, 231, 96, 255} }},
	{{ {77, 108, 34}, 0, {-16, -16}, {24, 45, 116, 255} }},
	{{ {75, 130, 46}, 0, {-16, -16}, {254, 226, 123, 255} }},
	{{ {102, 129, 41}, 0, {-16, -16}, {77, 223, 96, 255} }},
	{{ {97, 103, 25}, 0, {-16, -16}, {78, 66, 76, 255} }},
	{{ {104, 162, 41}, 0, {-16, -16}, {73, 57, 88, 255} }},
	{{ {119, 161, 0}, 0, {-16, -16}, {120, 41, 0, 255} }},
	{{ {104, 162, 41}, 0, {-16, -16}, {73, 57, 88, 255} }},
	{{ {117, 128, 0}, 0, {-16, -16}, {124, 228, 255, 255} }},
	{{ {102, 129, -40}, 0, {-16, -16}, {76, 223, 160, 255} }},
	{{ {104, 162, -40}, 0, {-16, -16}, {72, 56, 168, 255} }},
	{{ {75, 130, -45}, 0, {-16, -16}, {254, 226, 133, 255} }},
	{{ {78, 163, -45}, 0, {-16, -16}, {3, 67, 148, 255} }},
	{{ {52, 164, -40}, 0, {-16, -16}, {194, 66, 167, 255} }},
	{{ {47, 131, -40}, 0, {-16, -16}, {175, 233, 161, 255} }},
	{{ {32, 132, 0}, 0, {-16, -16}, {131, 236, 254, 255} }},
	{{ {33, 165, 0}, 0, {-16, -16}, {144, 60, 254, 255} }},
	{{ {47, 131, 41}, 0, {-16, -16}, {176, 231, 96, 255} }},
	{{ {52, 164, 41}, 0, {-16, -16}, {195, 67, 89, 255} }},
	{{ {75, 130, 46}, 0, {-16, -16}, {254, 226, 123, 255} }},
	{{ {78, 163, 46}, 0, {-16, -16}, {3, 68, 107, 255} }},
	{{ {102, 129, 41}, 0, {-16, -16}, {77, 223, 96, 255} }},
	{{ {104, 162, 41}, 0, {-16, -16}, {73, 57, 88, 255} }},
	{{ {101, 179, 0}, 0, {-16, -16}, {47, 118, 0, 255} }},
	{{ {78, 163, 46}, 0, {-16, -16}, {3, 68, 107, 255} }},
	{{ {119, 161, 0}, 0, {-16, -16}, {120, 41, 0, 255} }},
	{{ {104, 162, -40}, 0, {-16, -16}, {72, 56, 168, 255} }},
	{{ {78, 163, -45}, 0, {-16, -16}, {3, 67, 148, 255} }},
	{{ {60, 181, 0}, 0, {-16, -16}, {229, 124, 0, 255} }},
	{{ {52, 164, -40}, 0, {-16, -16}, {194, 66, 167, 255} }},
	{{ {33, 165, 0}, 0, {-16, -16}, {144, 60, 254, 255} }},
	{{ {52, 164, 41}, 0, {-16, -16}, {195, 67, 89, 255} }},
};

Gfx mario_002_switch_option_head__no_cap__mesh_layer_1_tri_0[] = {
	gsSPVertex(mario_002_switch_option_head__no_cap__mesh_layer_1_vtx_0 + 0, 16, 0),
	gsSP1Triangle(0, 1, 2, 0),
	gsSP1Triangle(1, 3, 2, 0),
	gsSP1Triangle(1, 4, 3, 0),
	gsSP1Triangle(1, 5, 4, 0),
	gsSP1Triangle(4, 5, 6, 0),
	gsSP1Triangle(7, 4, 6, 0),
	gsSP1Triangle(8, 7, 6, 0),
	gsSP1Triangle(6, 9, 8, 0),
	gsSP1Triangle(10, 7, 8, 0),
	gsSP1Triangle(3, 4, 7, 0),
	gsSP1Triangle(2, 3, 11, 0),
	gsSP1Triangle(12, 13, 14, 0),
	gsSP1Triangle(14, 13, 15, 0),
	gsSPVertex(mario_002_switch_option_head__no_cap__mesh_layer_1_vtx_0 + 16, 16, 0),
	gsSP1Triangle(0, 1, 2, 0),
	gsSP1Triangle(1, 0, 3, 0),
	gsSP1Triangle(4, 1, 3, 0),
	gsSP1Triangle(5, 4, 3, 0),
	gsSP1Triangle(3, 6, 5, 0),
	gsSP1Triangle(7, 5, 6, 0),
	gsSP1Triangle(6, 8, 7, 0),
	gsSP1Triangle(7, 8, 9, 0),
	gsSP1Triangle(9, 10, 7, 0),
	gsSP1Triangle(10, 9, 11, 0),
	gsSP1Triangle(12, 10, 11, 0),
	gsSP1Triangle(13, 12, 11, 0),
	gsSP1Triangle(11, 14, 13, 0),
	gsSP1Triangle(2, 13, 14, 0),
	gsSP1Triangle(15, 13, 2, 0),
	gsSPVertex(mario_002_switch_option_head__no_cap__mesh_layer_1_vtx_0 + 32, 16, 0),
	gsSP1Triangle(0, 1, 2, 0),
	gsSP1Triangle(2, 3, 0, 0),
	gsSP1Triangle(3, 4, 0, 0),
	gsSP1Triangle(5, 4, 3, 0),
	gsSP1Triangle(5, 6, 4, 0),
	gsSP1Triangle(7, 6, 5, 0),
	gsSP1Triangle(8, 7, 5, 0),
	gsSP1Triangle(7, 8, 9, 0),
	gsSP1Triangle(10, 7, 9, 0),
	gsSP1Triangle(9, 11, 10, 0),
	gsSP1Triangle(11, 12, 10, 0),
	gsSP1Triangle(12, 11, 13, 0),
	gsSP1Triangle(12, 13, 14, 0),
	gsSP1Triangle(14, 13, 1, 0),
	gsSP1Triangle(13, 15, 1, 0),
	gsSPVertex(mario_002_switch_option_head__no_cap__mesh_layer_1_vtx_0 + 48, 10, 0),
	gsSP1Triangle(0, 1, 2, 0),
	gsSP1Triangle(1, 0, 3, 0),
	gsSP1Triangle(1, 3, 4, 0),
	gsSP1Triangle(1, 4, 5, 0),
	gsSP1Triangle(5, 6, 1, 0),
	gsSP1Triangle(6, 5, 7, 0),
	gsSP1Triangle(8, 6, 7, 0),
	gsSP1Triangle(8, 9, 6, 0),
	gsSP1Triangle(9, 2, 6, 0),
	gsSP1Triangle(6, 2, 1, 0),
	gsSPEndDisplayList(),
};

Vtx mario_002_switch_option_head__no_cap__mesh_layer_1_vtx_1[47] = {
	{{ {144, 83, -66}, 0, {399, -6}, {32, 91, 174, 255} }},
	{{ {153, 33, -94}, 0, {263, -16}, {245, 51, 140, 255} }},
	{{ {96, 49, -93}, 0, {308, 115}, {12, 40, 136, 255} }},
	{{ {104, 87, -69}, 0, {411, 88}, {43, 98, 188, 255} }},
	{{ {92, 88, -83}, 0, {401, 130}, {42, 78, 165, 255} }},
	{{ {44, 44, -96}, 0, {288, 236}, {209, 30, 142, 255} }},
	{{ {42, 0, -102}, 0, {184, 235}, {184, 255, 152, 255} }},
	{{ {3, 54, -51}, 0, {319, 378}, {144, 26, 203, 255} }},
	{{ {17, -52, -46}, 0, {68, 384}, {134, 252, 222, 255} }},
	{{ {56, -45, -76}, 0, {62, 267}, {202, 199, 156, 255} }},
	{{ {64, -25, -134}, 0, {123, 178}, {214, 6, 136, 255} }},
	{{ {85, -23, -110}, 0, {156, 124}, {7, 90, 167, 255} }},
	{{ {102, -33, -134}, 0, {98, 140}, {50, 237, 141, 255} }},
	{{ {120, -12, -109}, 0, {76, 72}, {2, 14, 130, 255} }},
	{{ {91, -54, -85}, 0, {14, 190}, {218, 182, 160, 255} }},
	{{ {-7, 62, 0}, 0, {330, 495}, {133, 33, 0, 255} }},
	{{ {17, -52, -46}, 0, {68, 384}, {134, 252, 222, 255} }},
	{{ {17, -52, 47}, 0, {68, 608}, {134, 252, 34, 255} }},
	{{ {-7, 62, 0}, 0, {330, 495}, {133, 33, 0, 255} }},
	{{ {31, -84, 0}, 0, {-16, 495}, {158, 175, 1, 255} }},
	{{ {3, 54, 52}, 0, {319, 614}, {143, 26, 53, 255} }},
	{{ {42, 0, 103}, 0, {184, 757}, {184, 255, 104, 255} }},
	{{ {56, -45, 77}, 0, {62, 724}, {202, 199, 100, 255} }},
	{{ {64, -25, 135}, 0, {123, 814}, {214, 6, 120, 255} }},
	{{ {91, -54, 86}, 0, {14, 802}, {218, 182, 96, 255} }},
	{{ {102, -33, 135}, 0, {98, 853}, {50, 236, 115, 255} }},
	{{ {120, -11, 111}, 0, {77, 921}, {1, 15, 126, 255} }},
	{{ {85, -23, 111}, 0, {156, 867}, {5, 90, 89, 255} }},
	{{ {44, 44, 97}, 0, {288, 755}, {209, 30, 114, 255} }},
	{{ {96, 49, 94}, 0, {308, 876}, {12, 40, 120, 255} }},
	{{ {92, 88, 84}, 0, {401, 862}, {42, 78, 91, 255} }},
	{{ {104, 87, 70}, 0, {411, 904}, {43, 98, 68, 255} }},
	{{ {144, 83, 67}, 0, {399, 998}, {32, 91, 82, 255} }},
	{{ {104, 87, 70}, 0, {411, 904}, {43, 98, 68, 255} }},
	{{ {96, 49, 94}, 0, {308, 876}, {12, 40, 120, 255} }},
	{{ {153, 33, 95}, 0, {263, 1008}, {254, 54, 115, 255} }},
	{{ {92, 88, 84}, 0, {401, 862}, {42, 78, 91, 255} }},
	{{ {97, 103, 25}, 0, {515, 949}, {78, 66, 76, 255} }},
	{{ {92, 88, -83}, 0, {401, 130}, {42, 78, 165, 255} }},
	{{ {97, 103, -24}, 0, {515, 43}, {77, 65, 179, 255} }},
	{{ {104, 87, -69}, 0, {411, 88}, {43, 98, 188, 255} }},
	{{ {27, 100, -29}, 0, {442, 426}, {177, 96, 230, 255} }},
	{{ {3, 54, -51}, 0, {319, 378}, {144, 26, 203, 255} }},
	{{ {-7, 62, 0}, 0, {330, 495}, {133, 33, 0, 255} }},
	{{ {27, 100, 30}, 0, {442, 565}, {176, 96, 26, 255} }},
	{{ {3, 54, 52}, 0, {319, 614}, {143, 26, 53, 255} }},
	{{ {41, 109, 0}, 0, {482, 495}, {141, 54, 255, 255} }},
};

Gfx mario_002_switch_option_head__no_cap__mesh_layer_1_tri_1[] = {
	gsSPVertex(mario_002_switch_option_head__no_cap__mesh_layer_1_vtx_1 + 0, 16, 0),
	gsSP1Triangle(0, 1, 2, 0),
	gsSP1Triangle(2, 3, 0, 0),
	gsSP1Triangle(2, 4, 3, 0),
	gsSP1Triangle(4, 2, 5, 0),
	gsSP1Triangle(6, 5, 2, 0),
	gsSP1Triangle(6, 7, 5, 0),
	gsSP1Triangle(6, 8, 7, 0),
	gsSP1Triangle(6, 9, 8, 0),
	gsSP1Triangle(6, 10, 9, 0),
	gsSP1Triangle(11, 10, 6, 0),
	gsSP1Triangle(11, 12, 10, 0),
	gsSP1Triangle(12, 11, 13, 0),
	gsSP1Triangle(12, 13, 14, 0),
	gsSP1Triangle(10, 12, 14, 0),
	gsSP1Triangle(9, 10, 14, 0),
	gsSP1Triangle(8, 15, 7, 0),
	gsSPVertex(mario_002_switch_option_head__no_cap__mesh_layer_1_vtx_1 + 16, 16, 0),
	gsSP1Triangle(0, 1, 2, 0),
	gsSP1Triangle(0, 3, 1, 0),
	gsSP1Triangle(1, 4, 2, 0),
	gsSP1Triangle(4, 1, 5, 0),
	gsSP1Triangle(1, 6, 5, 0),
	gsSP1Triangle(7, 5, 6, 0),
	gsSP1Triangle(7, 6, 8, 0),
	gsSP1Triangle(7, 8, 9, 0),
	gsSP1Triangle(8, 10, 9, 0),
	gsSP1Triangle(10, 11, 9, 0),
	gsSP1Triangle(7, 9, 11, 0),
	gsSP1Triangle(5, 7, 11, 0),
	gsSP1Triangle(12, 4, 5, 0),
	gsSP1Triangle(13, 12, 5, 0),
	gsSP1Triangle(12, 13, 14, 0),
	gsSP1Triangle(15, 14, 13, 0),
	gsSPVertex(mario_002_switch_option_head__no_cap__mesh_layer_1_vtx_1 + 32, 15, 0),
	gsSP1Triangle(0, 1, 2, 0),
	gsSP1Triangle(2, 3, 0, 0),
	gsSP1Triangle(4, 1, 5, 0),
	gsSP1Triangle(6, 7, 8, 0),
	gsSP1Triangle(9, 10, 11, 0),
	gsSP1Triangle(12, 9, 11, 0),
	gsSP1Triangle(11, 13, 12, 0),
	gsSP1Triangle(14, 9, 12, 0),
	gsSPEndDisplayList(),
};

Vtx mario_002_switch_option_head__no_cap__mesh_layer_1_vtx_2[21] = {
	{{ {77, 108, 34}, 0, {326, 352}, {24, 45, 116, 255} }},
	{{ {92, 88, 84}, 0, {882, -34}, {42, 78, 91, 255} }},
	{{ {97, 103, 25}, 0, {208, 130}, {78, 66, 76, 255} }},
	{{ {48, 94, 76}, 0, {872, 548}, {214, 89, 80, 255} }},
	{{ {52, 111, 31}, 0, {338, 674}, {179, 55, 85, 255} }},
	{{ {27, 100, 30}, 0, {426, 966}, {176, 96, 26, 255} }},
	{{ {41, 109, 0}, 0, {54, 908}, {141, 54, 255, 255} }},
	{{ {3, 54, 52}, 0, {876, 1074}, {143, 26, 53, 255} }},
	{{ {44, 44, 97}, 0, {1280, 422}, {209, 30, 114, 255} }},
	{{ {92, 88, -83}, 0, {906, -20}, {42, 78, 165, 255} }},
	{{ {77, 108, -33}, 0, {346, 328}, {24, 45, 140, 255} }},
	{{ {97, 103, -24}, 0, {258, 84}, {77, 65, 179, 255} }},
	{{ {48, 94, -75}, 0, {840, 592}, {214, 89, 176, 255} }},
	{{ {44, 44, -96}, 0, {1234, 502}, {209, 30, 142, 255} }},
	{{ {3, 54, -51}, 0, {790, 1146}, {144, 26, 203, 255} }},
	{{ {27, 100, -29}, 0, {378, 982}, {177, 96, 230, 255} }},
	{{ {52, 111, -30}, 0, {324, 668}, {180, 55, 171, 255} }},
	{{ {48, 94, -75}, 0, {840, 592}, {214, 89, 176, 255} }},
	{{ {27, 100, -29}, 0, {378, 982}, {177, 96, 230, 255} }},
	{{ {41, 109, 0}, 0, {34, 884}, {141, 54, 255, 255} }},
	{{ {77, 108, -33}, 0, {346, 328}, {24, 45, 140, 255} }},
};

Gfx mario_002_switch_option_head__no_cap__mesh_layer_1_tri_2[] = {
	gsSPVertex(mario_002_switch_option_head__no_cap__mesh_layer_1_vtx_2 + 0, 16, 0),
	gsSP1Triangle(0, 1, 2, 0),
	gsSP1Triangle(1, 0, 3, 0),
	gsSP1Triangle(0, 4, 3, 0),
	gsSP1Triangle(5, 3, 4, 0),
	gsSP1Triangle(5, 4, 6, 0),
	gsSP1Triangle(7, 3, 5, 0),
	gsSP1Triangle(8, 3, 7, 0),
	gsSP1Triangle(3, 8, 1, 0),
	gsSP1Triangle(9, 10, 11, 0),
	gsSP1Triangle(12, 10, 9, 0),
	gsSP1Triangle(9, 13, 12, 0),
	gsSP1Triangle(14, 12, 13, 0),
	gsSP1Triangle(15, 12, 14, 0),
	gsSPVertex(mario_002_switch_option_head__no_cap__mesh_layer_1_vtx_2 + 16, 5, 0),
	gsSP1Triangle(0, 1, 2, 0),
	gsSP1Triangle(3, 0, 2, 0),
	gsSP1Triangle(1, 0, 4, 0),
	gsSPEndDisplayList(),
};

Vtx mario_002_switch_option_head__no_cap__mesh_layer_1_vtx_3[10] = {
	{{ {42, 0, 103}, 0, {952, 1176}, {184, 255, 104, 255} }},
	{{ {85, -23, 111}, 0, {1222, 502}, {5, 90, 89, 255} }},
	{{ {96, 49, 94}, 0, {-90, 710}, {12, 40, 120, 255} }},
	{{ {120, -11, 111}, 0, {906, 106}, {1, 15, 126, 255} }},
	{{ {153, 33, 95}, 0, {6, -84}, {254, 54, 115, 255} }},
	{{ {96, 49, -93}, 0, {-86, 684}, {12, 40, 136, 255} }},
	{{ {85, -23, -110}, 0, {1134, 566}, {7, 90, 167, 255} }},
	{{ {42, 0, -102}, 0, {826, 1194}, {184, 255, 152, 255} }},
	{{ {120, -12, -109}, 0, {900, 168}, {2, 14, 130, 255} }},
	{{ {153, 33, -94}, 0, {74, -74}, {245, 51, 140, 255} }},
};

Gfx mario_002_switch_option_head__no_cap__mesh_layer_1_tri_3[] = {
	gsSPVertex(mario_002_switch_option_head__no_cap__mesh_layer_1_vtx_3 + 0, 10, 0),
	gsSP1Triangle(0, 1, 2, 0),
	gsSP1Triangle(1, 3, 2, 0),
	gsSP1Triangle(4, 2, 3, 0),
	gsSP1Triangle(5, 6, 7, 0),
	gsSP1Triangle(6, 5, 8, 0),
	gsSP1Triangle(8, 5, 9, 0),
	gsSPEndDisplayList(),
};

Vtx mario_002_switch_option_head__no_cap__mesh_layer_1_vtx_4[92] = {
	{{ {153, 33, 95}, 0, {-16, -16}, {254, 54, 115, 255} }},
	{{ {200, 75, 84}, 0, {-16, -16}, {33, 81, 93, 255} }},
	{{ {151, 72, 70}, 0, {-16, -16}, {226, 91, 84, 255} }},
	{{ {181, -9, 116}, 0, {-16, -16}, {42, 2, 120, 255} }},
	{{ {120, -11, 111}, 0, {-16, -16}, {1, 15, 126, 255} }},
	{{ {145, -83, 105}, 0, {-16, -16}, {255, 202, 115, 255} }},
	{{ {91, -54, 86}, 0, {-16, -16}, {218, 182, 96, 255} }},
	{{ {64, -103, 52}, 0, {-16, -16}, {25, 139, 44, 255} }},
	{{ {56, -45, 77}, 0, {-16, -16}, {202, 199, 100, 255} }},
	{{ {58, -114, 60}, 0, {-16, -16}, {87, 170, 33, 255} }},
	{{ {31, -85, 87}, 0, {-16, -16}, {228, 250, 124, 255} }},
	{{ {17, -52, 47}, 0, {-16, -16}, {134, 252, 34, 255} }},
	{{ {9, -88, 59}, 0, {-16, -16}, {132, 237, 22, 255} }},
	{{ {31, -84, 0}, 0, {-16, -16}, {158, 175, 1, 255} }},
	{{ {36, -116, 36}, 0, {-16, -16}, {238, 146, 195, 255} }},
	{{ {64, -103, -51}, 0, {-16, -16}, {26, 139, 213, 255} }},
	{{ {31, -84, 0}, 0, {-16, -16}, {158, 175, 1, 255} }},
	{{ {36, -116, -35}, 0, {-16, -16}, {238, 146, 61, 255} }},
	{{ {64, -103, -51}, 0, {-16, -16}, {26, 139, 213, 255} }},
	{{ {9, -88, -58}, 0, {-16, -16}, {132, 237, 234, 255} }},
	{{ {17, -52, -46}, 0, {-16, -16}, {134, 252, 222, 255} }},
	{{ {31, -85, -86}, 0, {-16, -16}, {228, 250, 132, 255} }},
	{{ {56, -45, -76}, 0, {-16, -16}, {202, 199, 156, 255} }},
	{{ {58, -114, -59}, 0, {-16, -16}, {87, 170, 223, 255} }},
	{{ {91, -54, -85}, 0, {-16, -16}, {218, 182, 160, 255} }},
	{{ {145, -84, -104}, 0, {-16, -16}, {0, 201, 142, 255} }},
	{{ {120, -12, -109}, 0, {-16, -16}, {2, 14, 130, 255} }},
	{{ {182, -9, -115}, 0, {-16, -16}, {43, 255, 136, 255} }},
	{{ {153, 33, -94}, 0, {-16, -16}, {245, 51, 140, 255} }},
	{{ {200, 70, -97}, 0, {-16, -16}, {32, 64, 151, 255} }},
	{{ {151, 72, -68}, 0, {-16, -16}, {215, 94, 181, 255} }},
	{{ {175, 91, -38}, 0, {-16, -16}, {234, 113, 203, 255} }},
	{{ {200, 70, -97}, 0, {-16, -16}, {32, 64, 151, 255} }},
	{{ {175, 91, -38}, 0, {-16, -16}, {234, 113, 203, 255} }},
	{{ {211, 91, -71}, 0, {-16, -16}, {35, 82, 165, 255} }},
	{{ {201, 125, -13}, 0, {-16, -16}, {248, 127, 255, 255} }},
	{{ {160, 96, 0}, 0, {-16, -16}, {184, 104, 5, 255} }},
	{{ {175, 91, 39}, 0, {-16, -16}, {252, 117, 50, 255} }},
	{{ {209, 86, 60}, 0, {-16, -16}, {49, 98, 64, 255} }},
	{{ {200, 75, 84}, 0, {-16, -16}, {33, 81, 93, 255} }},
	{{ {151, 72, 70}, 0, {-16, -16}, {226, 91, 84, 255} }},
	{{ {227, 35, 75}, 0, {-16, -16}, {108, 11, 66, 255} }},
	{{ {181, -9, 116}, 0, {-16, -16}, {42, 2, 120, 255} }},
	{{ {227, -14, 59}, 0, {-16, -16}, {114, 234, 52, 255} }},
	{{ {189, -102, 73}, 0, {-16, -16}, {74, 176, 66, 255} }},
	{{ {145, -83, 105}, 0, {-16, -16}, {255, 202, 115, 255} }},
	{{ {116, -126, 68}, 0, {-16, -16}, {234, 149, 64, 255} }},
	{{ {64, -103, 52}, 0, {-16, -16}, {25, 139, 44, 255} }},
	{{ {64, -103, 52}, 0, {-16, -16}, {25, 139, 44, 255} }},
	{{ {119, -134, 0}, 0, {-16, -16}, {241, 130, 254, 255} }},
	{{ {116, -126, 68}, 0, {-16, -16}, {234, 149, 64, 255} }},
	{{ {64, -103, -51}, 0, {-16, -16}, {26, 139, 213, 255} }},
	{{ {116, -124, -67}, 0, {-16, -16}, {235, 149, 192, 255} }},
	{{ {145, -84, -104}, 0, {-16, -16}, {0, 201, 142, 255} }},
	{{ {189, -102, -71}, 0, {-16, -16}, {73, 175, 191, 255} }},
	{{ {182, -9, -115}, 0, {-16, -16}, {43, 255, 136, 255} }},
	{{ {227, -14, -58}, 0, {-16, -16}, {114, 239, 202, 255} }},
	{{ {221, 35, -73}, 0, {-16, -16}, {112, 3, 196, 255} }},
	{{ {200, 70, -97}, 0, {-16, -16}, {32, 64, 151, 255} }},
	{{ {211, 91, -71}, 0, {-16, -16}, {35, 82, 165, 255} }},
	{{ {232, 69, -34}, 0, {-16, -16}, {117, 226, 216, 255} }},
	{{ {248, 104, -43}, 0, {-16, -16}, {106, 51, 208, 255} }},
	{{ {201, 125, -13}, 0, {-16, -16}, {248, 127, 255, 255} }},
	{{ {209, 86, 60}, 0, {-16, -16}, {49, 98, 64, 255} }},
	{{ {209, 86, 60}, 0, {-16, -16}, {49, 98, 64, 255} }},
	{{ {231, 81, 33}, 0, {-16, -16}, {108, 52, 42, 255} }},
	{{ {248, 104, -43}, 0, {-16, -16}, {106, 51, 208, 255} }},
	{{ {227, 35, 75}, 0, {-16, -16}, {108, 11, 66, 255} }},
	{{ {237, 64, 0}, 0, {-16, -16}, {127, 248, 5, 255} }},
	{{ {227, -14, 59}, 0, {-16, -16}, {114, 234, 52, 255} }},
	{{ {241, -34, 0}, 0, {-16, -16}, {124, 229, 0, 255} }},
	{{ {189, -102, 73}, 0, {-16, -16}, {74, 176, 66, 255} }},
	{{ {200, -117, 0}, 0, {-16, -16}, {80, 157, 255, 255} }},
	{{ {116, -126, 68}, 0, {-16, -16}, {234, 149, 64, 255} }},
	{{ {119, -134, 0}, 0, {-16, -16}, {241, 130, 254, 255} }},
	{{ {116, -124, -67}, 0, {-16, -16}, {235, 149, 192, 255} }},
	{{ {189, -102, -71}, 0, {-16, -16}, {73, 175, 191, 255} }},
	{{ {227, -14, -58}, 0, {-16, -16}, {114, 239, 202, 255} }},
	{{ {221, 35, -73}, 0, {-16, -16}, {112, 3, 196, 255} }},
	{{ {232, 69, -34}, 0, {-16, -16}, {117, 226, 216, 255} }},
	{{ {36, -116, -35}, 0, {-16, -16}, {238, 146, 61, 255} }},
	{{ {58, -114, -59}, 0, {-16, -16}, {87, 170, 223, 255} }},
	{{ {64, -103, -51}, 0, {-16, -16}, {26, 139, 213, 255} }},
	{{ {35, -120, -67}, 0, {-16, -16}, {230, 146, 198, 255} }},
	{{ {9, -88, -58}, 0, {-16, -16}, {132, 237, 234, 255} }},
	{{ {31, -85, -86}, 0, {-16, -16}, {228, 250, 132, 255} }},
	{{ {58, -114, 60}, 0, {-16, -16}, {87, 170, 33, 255} }},
	{{ {36, -116, 36}, 0, {-16, -16}, {238, 146, 195, 255} }},
	{{ {64, -103, 52}, 0, {-16, -16}, {25, 139, 44, 255} }},
	{{ {35, -120, 68}, 0, {-16, -16}, {230, 146, 58, 255} }},
	{{ {31, -85, 87}, 0, {-16, -16}, {228, 250, 124, 255} }},
	{{ {9, -88, 59}, 0, {-16, -16}, {132, 237, 22, 255} }},
};

Gfx mario_002_switch_option_head__no_cap__mesh_layer_1_tri_4[] = {
	gsSPVertex(mario_002_switch_option_head__no_cap__mesh_layer_1_vtx_4 + 0, 16, 0),
	gsSP1Triangle(0, 1, 2, 0),
	gsSP1Triangle(0, 3, 1, 0),
	gsSP1Triangle(0, 4, 3, 0),
	gsSP1Triangle(5, 3, 4, 0),
	gsSP1Triangle(6, 5, 4, 0),
	gsSP1Triangle(7, 5, 6, 0),
	gsSP1Triangle(7, 6, 8, 0),
	gsSP1Triangle(9, 7, 8, 0),
	gsSP1Triangle(8, 10, 9, 0),
	gsSP1Triangle(10, 8, 11, 0),
	gsSP1Triangle(11, 12, 10, 0),
	gsSP1Triangle(12, 11, 13, 0),
	gsSP1Triangle(13, 14, 12, 0),
	gsSP1Triangle(13, 7, 14, 0),
	gsSP1Triangle(13, 15, 7, 0),
	gsSPVertex(mario_002_switch_option_head__no_cap__mesh_layer_1_vtx_4 + 16, 16, 0),
	gsSP1Triangle(0, 1, 2, 0),
	gsSP1Triangle(3, 1, 0, 0),
	gsSP1Triangle(0, 4, 3, 0),
	gsSP1Triangle(5, 3, 4, 0),
	gsSP1Triangle(4, 6, 5, 0),
	gsSP1Triangle(7, 5, 6, 0),
	gsSP1Triangle(6, 2, 7, 0),
	gsSP1Triangle(6, 8, 2, 0),
	gsSP1Triangle(8, 9, 2, 0),
	gsSP1Triangle(9, 8, 10, 0),
	gsSP1Triangle(11, 9, 10, 0),
	gsSP1Triangle(10, 12, 11, 0),
	gsSP1Triangle(12, 13, 11, 0),
	gsSP1Triangle(13, 12, 14, 0),
	gsSP1Triangle(15, 13, 14, 0),
	gsSPVertex(mario_002_switch_option_head__no_cap__mesh_layer_1_vtx_4 + 32, 16, 0),
	gsSP1Triangle(0, 1, 2, 0),
	gsSP1Triangle(2, 1, 3, 0),
	gsSP1Triangle(1, 4, 3, 0),
	gsSP1Triangle(3, 4, 5, 0),
	gsSP1Triangle(6, 3, 5, 0),
	gsSP1Triangle(5, 7, 6, 0),
	gsSP1Triangle(5, 8, 7, 0),
	gsSP1Triangle(7, 9, 6, 0),
	gsSP1Triangle(10, 9, 7, 0),
	gsSP1Triangle(9, 10, 11, 0),
	gsSP1Triangle(11, 10, 12, 0),
	gsSP1Triangle(13, 12, 10, 0),
	gsSP1Triangle(13, 14, 12, 0),
	gsSP1Triangle(15, 14, 13, 0),
	gsSPVertex(mario_002_switch_option_head__no_cap__mesh_layer_1_vtx_4 + 48, 16, 0),
	gsSP1Triangle(0, 1, 2, 0),
	gsSP1Triangle(0, 3, 1, 0),
	gsSP1Triangle(3, 4, 1, 0),
	gsSP1Triangle(5, 4, 3, 0),
	gsSP1Triangle(6, 4, 5, 0),
	gsSP1Triangle(7, 6, 5, 0),
	gsSP1Triangle(6, 7, 8, 0),
	gsSP1Triangle(8, 7, 9, 0),
	gsSP1Triangle(10, 9, 7, 0),
	gsSP1Triangle(9, 10, 11, 0),
	gsSP1Triangle(9, 11, 12, 0),
	gsSP1Triangle(12, 11, 13, 0),
	gsSP1Triangle(11, 14, 13, 0),
	gsSP1Triangle(14, 15, 13, 0),
	gsSPVertex(mario_002_switch_option_head__no_cap__mesh_layer_1_vtx_4 + 64, 16, 0),
	gsSP1Triangle(0, 1, 2, 0),
	gsSP1Triangle(3, 1, 0, 0),
	gsSP1Triangle(3, 4, 1, 0),
	gsSP1Triangle(4, 3, 5, 0),
	gsSP1Triangle(5, 6, 4, 0),
	gsSP1Triangle(6, 5, 7, 0),
	gsSP1Triangle(8, 6, 7, 0),
	gsSP1Triangle(8, 7, 9, 0),
	gsSP1Triangle(10, 8, 9, 0),
	gsSP1Triangle(10, 11, 8, 0),
	gsSP1Triangle(11, 12, 8, 0),
	gsSP1Triangle(8, 12, 6, 0),
	gsSP1Triangle(12, 13, 6, 0),
	gsSP1Triangle(13, 4, 6, 0),
	gsSP1Triangle(13, 14, 4, 0),
	gsSP1Triangle(14, 15, 4, 0),
	gsSP1Triangle(4, 15, 2, 0),
	gsSP1Triangle(4, 2, 1, 0),
	gsSPVertex(mario_002_switch_option_head__no_cap__mesh_layer_1_vtx_4 + 80, 12, 0),
	gsSP1Triangle(0, 1, 2, 0),
	gsSP1Triangle(0, 3, 1, 0),
	gsSP1Triangle(4, 3, 0, 0),
	gsSP1Triangle(5, 3, 4, 0),
	gsSP1Triangle(3, 5, 1, 0),
	gsSP1Triangle(6, 7, 8, 0),
	gsSP1Triangle(6, 9, 7, 0),
	gsSP1Triangle(10, 9, 6, 0),
	gsSP1Triangle(11, 9, 10, 0),
	gsSP1Triangle(7, 9, 11, 0),
	gsSPEndDisplayList(),
};

Vtx mario_wing_L_mesh_layer_4_vtx_0[4] = {
	{{ {0, 0, 0}, 0, {-16, 2032}, {233, 0, 125, 255} }},
	{{ {104, 0, 19}, 0, {1008, 2032}, {233, 0, 125, 255} }},
	{{ {104, 212, 19}, 0, {1008, -16}, {233, 0, 125, 255} }},
	{{ {0, 212, 0}, 0, {-16, -16}, {233, 0, 125, 255} }},
};

Gfx mario_wing_L_mesh_layer_4_tri_0[] = {
	gsSPVertex(mario_wing_L_mesh_layer_4_vtx_0 + 0, 4, 0),
	gsSP1Triangle(0, 1, 2, 0),
	gsSP1Triangle(0, 2, 3, 0),
	gsSPEndDisplayList(),
};

Vtx mario_wing_L_mesh_layer_4_vtx_1[4] = {
	{{ {-103, 212, -18}, 0, {-16, -16}, {233, 0, 125, 255} }},
	{{ {-103, 0, -19}, 0, {-16, 2032}, {233, 0, 125, 255} }},
	{{ {0, 0, 0}, 0, {1008, 2032}, {233, 0, 125, 255} }},
	{{ {0, 212, 0}, 0, {1008, -16}, {233, 0, 125, 255} }},
};

Gfx mario_wing_L_mesh_layer_4_tri_1[] = {
	gsSPVertex(mario_wing_L_mesh_layer_4_vtx_1 + 0, 4, 0),
	gsSP1Triangle(0, 1, 2, 0),
	gsSP1Triangle(0, 2, 3, 0),
	gsSPEndDisplayList(),
};

Vtx mario_wing_R_mesh_layer_4_vtx_0[5] = {
	{{ {0, 0, 0}, 0, {-16, 2032}, {23, 0, 125, 255} }},
	{{ {104, 0, -19}, 0, {1008, 2032}, {23, 0, 125, 255} }},
	{{ {104, 212, -19}, 0, {1008, -16}, {23, 0, 125, 255} }},
	{{ {0, 0, 0}, 0, {-16, 2032}, {23, 0, 125, 255} }},
	{{ {0, 212, 0}, 0, {-16, -16}, {23, 0, 125, 255} }},
};

Gfx mario_wing_R_mesh_layer_4_tri_0[] = {
	gsSPVertex(mario_wing_R_mesh_layer_4_vtx_0 + 0, 5, 0),
	gsSP1Triangle(0, 1, 2, 0),
	gsSP1Triangle(3, 2, 4, 0),
	gsSPEndDisplayList(),
};

Vtx mario_wing_R_mesh_layer_4_vtx_1[4] = {
	{{ {-103, 212, 18}, 0, {-16, -16}, {23, 0, 125, 255} }},
	{{ {0, 0, 0}, 0, {1008, 2032}, {23, 0, 125, 255} }},
	{{ {0, 212, 0}, 0, {1008, -16}, {23, 0, 125, 255} }},
	{{ {-103, 0, 19}, 0, {-16, 2032}, {23, 0, 125, 255} }},
};

Gfx mario_wing_R_mesh_layer_4_tri_1[] = {
	gsSPVertex(mario_wing_R_mesh_layer_4_vtx_1 + 0, 4, 0),
	gsSP1Triangle(0, 1, 2, 0),
	gsSP1Triangle(0, 3, 1, 0),
	gsSPEndDisplayList(),
};

Vtx mario_upper_arm_L_mesh_layer_1_vtx_0[31] = {
	{{ {6, -13, -42}, 0, {355, 267}, {219, 225, 139, 255} }},
	{{ {-8, -9, -27}, 0, {355, 267}, {144, 241, 198, 255} }},
	{{ {-8, 17, -17}, 0, {355, 267}, {146, 54, 223, 255} }},
	{{ {5, -42, -5}, 0, {355, 267}, {216, 136, 253, 255} }},
	{{ {57, -36, -5}, 0, {355, 267}, {49, 139, 253, 255} }},
	{{ {58, -13, -34}, 0, {355, 267}, {51, 223, 144, 255} }},
	{{ {7, 29, -26}, 0, {355, 267}, {224, 102, 188, 255} }},
	{{ {-8, 16, 10}, 0, {355, 267}, {146, 51, 37, 255} }},
	{{ {-8, -11, 18}, 0, {355, 267}, {145, 236, 58, 255} }},
	{{ {-9, -26, -5}, 0, {355, 267}, {142, 200, 253, 255} }},
	{{ {6, -16, 32}, 0, {355, 267}, {219, 216, 115, 255} }},
	{{ {58, -15, 25}, 0, {355, 267}, {52, 216, 109, 255} }},
	{{ {67, -12, 16}, 0, {355, 267}, {110, 232, 58, 255} }},
	{{ {67, -26, -5}, 0, {355, 267}, {109, 191, 254, 255} }},
	{{ {68, -10, -25}, 0, {355, 267}, {110, 239, 194, 255} }},
	{{ {68, 13, -16}, 0, {355, 267}, {111, 50, 220, 255} }},
	{{ {59, 21, -21}, 0, {355, 267}, {55, 95, 192, 255} }},
	{{ {68, 13, -16}, 0, {355, 267}, {111, 50, 220, 255} }},
	{{ {58, -13, -34}, 0, {355, 267}, {51, 223, 144, 255} }},
	{{ {7, 29, -26}, 0, {355, 267}, {224, 102, 188, 255} }},
	{{ {7, 27, 20}, 0, {355, 267}, {223, 96, 76, 255} }},
	{{ {-8, 16, 10}, 0, {355, 267}, {146, 51, 37, 255} }},
	{{ {-8, -11, 18}, 0, {355, 267}, {145, 236, 58, 255} }},
	{{ {6, -16, 32}, 0, {355, 267}, {219, 216, 115, 255} }},
	{{ {-9, -26, -5}, 0, {355, 267}, {142, 200, 253, 255} }},
	{{ {59, 20, 15}, 0, {355, 267}, {55, 90, 71, 255} }},
	{{ {58, -15, 25}, 0, {355, 267}, {52, 216, 109, 255} }},
	{{ {67, -12, 16}, 0, {355, 267}, {110, 232, 58, 255} }},
	{{ {68, 12, 9}, 0, {355, 267}, {113, 45, 38, 255} }},
	{{ {68, -10, -25}, 0, {355, 267}, {110, 239, 194, 255} }},
	{{ {67, -26, -5}, 0, {355, 267}, {109, 191, 254, 255} }},
};

Gfx mario_upper_arm_L_mesh_layer_1_tri_0[] = {
	gsSPVertex(mario_upper_arm_L_mesh_layer_1_vtx_0 + 0, 16, 0),
	gsSP1Triangle(0, 1, 2, 0),
	gsSP1Triangle(3, 1, 0, 0),
	gsSP1Triangle(3, 0, 4, 0),
	gsSP1Triangle(0, 5, 4, 0),
	gsSP1Triangle(0, 6, 5, 0),
	gsSP1Triangle(0, 2, 6, 0),
	gsSP1Triangle(6, 2, 7, 0),
	gsSP1Triangle(8, 7, 2, 0),
	gsSP1Triangle(2, 1, 8, 0),
	gsSP1Triangle(1, 9, 8, 0),
	gsSP1Triangle(3, 9, 1, 0),
	gsSP1Triangle(10, 9, 3, 0),
	gsSP1Triangle(10, 3, 11, 0),
	gsSP1Triangle(3, 4, 11, 0),
	gsSP1Triangle(4, 12, 11, 0),
	gsSP1Triangle(4, 13, 12, 0),
	gsSP1Triangle(14, 13, 4, 0),
	gsSP1Triangle(5, 14, 4, 0),
	gsSP1Triangle(15, 14, 5, 0),
	gsSPVertex(mario_upper_arm_L_mesh_layer_1_vtx_0 + 16, 15, 0),
	gsSP1Triangle(0, 1, 2, 0),
	gsSP1Triangle(3, 0, 2, 0),
	gsSP1Triangle(3, 4, 0, 0),
	gsSP1Triangle(3, 5, 4, 0),
	gsSP1Triangle(4, 5, 6, 0),
	gsSP1Triangle(4, 6, 7, 0),
	gsSP1Triangle(7, 6, 8, 0),
	gsSP1Triangle(4, 7, 9, 0),
	gsSP1Triangle(7, 10, 9, 0),
	gsSP1Triangle(10, 11, 9, 0),
	gsSP1Triangle(11, 12, 9, 0),
	gsSP1Triangle(12, 11, 13, 0),
	gsSP1Triangle(11, 14, 13, 0),
	gsSP1Triangle(12, 13, 1, 0),
	gsSP1Triangle(9, 12, 1, 0),
	gsSP1Triangle(9, 1, 0, 0),
	gsSP1Triangle(4, 9, 0, 0),
	gsSPEndDisplayList(),
};

Vtx mario_lower_arm_L_mesh_layer_1_vtx_0[16] = {
	{{ {-2, 21, -21}, 0, {353, 267}, {224, 103, 189, 255} }},
	{{ {-14, 13, -15}, 0, {353, 267}, {150, 61, 221, 255} }},
	{{ {-14, 11, 10}, 0, {353, 267}, {150, 55, 43, 255} }},
	{{ {-3, -14, -34}, 0, {353, 267}, {221, 224, 138, 255} }},
	{{ {46, -14, -30}, 0, {353, 267}, {64, 224, 151, 255} }},
	{{ {47, 16, -19}, 0, {353, 267}, {67, 89, 196, 255} }},
	{{ {-2, 19, 16}, 0, {353, 267}, {225, 97, 76, 255} }},
	{{ {-15, -13, 17}, 0, {353, 267}, {149, 235, 65, 255} }},
	{{ {-15, -27, -4}, 0, {353, 267}, {147, 191, 253, 255} }},
	{{ {-15, -11, -24}, 0, {353, 267}, {148, 241, 192, 255} }},
	{{ {-3, -38, -4}, 0, {353, 267}, {219, 134, 252, 255} }},
	{{ {45, -34, -4}, 0, {353, 267}, {62, 145, 251, 255} }},
	{{ {58, -7, -3}, 0, {353, 267}, {127, 252, 1, 255} }},
	{{ {47, 14, 13}, 0, {353, 267}, {67, 83, 68, 255} }},
	{{ {-3, -17, 26}, 0, {353, 267}, {222, 215, 115, 255} }},
	{{ {46, -17, 22}, 0, {353, 267}, {64, 216, 102, 255} }},
};

Gfx mario_lower_arm_L_mesh_layer_1_tri_0[] = {
	gsSPVertex(mario_lower_arm_L_mesh_layer_1_vtx_0 + 0, 16, 0),
	gsSP1Triangle(0, 1, 2, 0),
	gsSP1Triangle(3, 1, 0, 0),
	gsSP1Triangle(3, 0, 4, 0),
	gsSP1Triangle(0, 5, 4, 0),
	gsSP1Triangle(0, 6, 5, 0),
	gsSP1Triangle(0, 2, 6, 0),
	gsSP1Triangle(6, 2, 7, 0),
	gsSP1Triangle(8, 7, 2, 0),
	gsSP1Triangle(8, 2, 1, 0),
	gsSP1Triangle(9, 8, 1, 0),
	gsSP1Triangle(3, 9, 1, 0),
	gsSP1Triangle(10, 9, 3, 0),
	gsSP1Triangle(10, 3, 11, 0),
	gsSP1Triangle(3, 4, 11, 0),
	gsSP1Triangle(4, 12, 11, 0),
	gsSP1Triangle(5, 12, 4, 0),
	gsSP1Triangle(13, 12, 5, 0),
	gsSP1Triangle(6, 13, 5, 0),
	gsSP1Triangle(6, 14, 13, 0),
	gsSP1Triangle(6, 7, 14, 0),
	gsSP1Triangle(14, 7, 8, 0),
	gsSP1Triangle(14, 8, 10, 0),
	gsSP1Triangle(10, 8, 9, 0),
	gsSP1Triangle(14, 10, 15, 0),
	gsSP1Triangle(10, 11, 15, 0),
	gsSP1Triangle(11, 12, 15, 0),
	gsSP1Triangle(15, 12, 13, 0),
	gsSP1Triangle(14, 15, 13, 0),
	gsSPEndDisplayList(),
};

Vtx mario_hand_L_mesh_layer_1_vtx_0[45] = {
	{{ {-10, 26, -38}, 0, {-16, -16}, {204, 57, 155, 255} }},
	{{ {-14, -14, -4}, 0, {-16, -16}, {139, 206, 3, 255} }},
	{{ {-18, 45, 8}, 0, {-16, -16}, {130, 245, 14, 255} }},
	{{ {17, -38, -39}, 0, {-16, -16}, {2, 181, 154, 255} }},
	{{ {26, -25, -32}, 0, {-16, -16}, {23, 201, 144, 255} }},
	{{ {4, 24, -31}, 0, {-16, -16}, {251, 68, 149, 255} }},
	{{ {-1, 39, 5}, 0, {-16, -16}, {219, 113, 45, 255} }},
	{{ {-18, 45, 8}, 0, {-16, -16}, {46, 115, 28, 255} }},
	{{ {5, -6, 36}, 0, {-16, -16}, {67, 28, 104, 255} }},
	{{ {17, -1, 27}, 0, {-16, -16}, {254, 253, 127, 255} }},
	{{ {34, -41, 3}, 0, {-16, -16}, {61, 151, 38, 255} }},
	{{ {27, -58, 6}, 0, {-16, -16}, {117, 212, 24, 255} }},
	{{ {58, -45, 7}, 0, {-16, -16}, {6, 138, 47, 255} }},
	{{ {80, -31, -61}, 0, {-16, -16}, {29, 182, 157, 255} }},
	{{ {33, 7, -44}, 0, {-16, -16}, {196, 253, 144, 255} }},
	{{ {32, 63, -28}, 0, {-16, -16}, {208, 91, 182, 255} }},
	{{ {12, 59, 10}, 0, {-16, -16}, {175, 85, 48, 255} }},
	{{ {32, 63, -28}, 0, {-16, -16}, {208, 91, 182, 255} }},
	{{ {4, 24, -31}, 0, {-16, -16}, {251, 68, 149, 255} }},
	{{ {-1, 39, 5}, 0, {-16, -16}, {219, 113, 45, 255} }},
	{{ {36, 6, 42}, 0, {-16, -16}, {227, 239, 122, 255} }},
	{{ {17, -1, 27}, 0, {-16, -16}, {254, 253, 127, 255} }},
	{{ {34, -41, 3}, 0, {-16, -16}, {61, 151, 38, 255} }},
	{{ {58, -45, 7}, 0, {-16, -16}, {6, 138, 47, 255} }},
	{{ {107, -26, 4}, 0, {-16, -16}, {101, 191, 41, 255} }},
	{{ {80, -31, -61}, 0, {-16, -16}, {29, 182, 157, 255} }},
	{{ {100, -6, -46}, 0, {-16, -16}, {105, 253, 185, 255} }},
	{{ {61, 12, -60}, 0, {-16, -16}, {244, 23, 132, 255} }},
	{{ {33, 7, -44}, 0, {-16, -16}, {196, 253, 144, 255} }},
	{{ {57, 55, -37}, 0, {-16, -16}, {23, 85, 164, 255} }},
	{{ {59, 81, 8}, 0, {-16, -16}, {21, 121, 33, 255} }},
	{{ {86, 29, 41}, 0, {-16, -16}, {64, 26, 107, 255} }},
	{{ {107, -26, 4}, 0, {-16, -16}, {101, 191, 41, 255} }},
	{{ {99, 40, -16}, 0, {-16, -16}, {107, 64, 234, 255} }},
	{{ {86, 29, 41}, 0, {-16, -16}, {64, 26, 107, 255} }},
	{{ {100, -6, -46}, 0, {-16, -16}, {105, 253, 185, 255} }},
	{{ {90, 17, -46}, 0, {-16, -16}, {71, 49, 163, 255} }},
	{{ {61, 12, -60}, 0, {-16, -16}, {244, 23, 132, 255} }},
	{{ {57, 55, -37}, 0, {-16, -16}, {23, 85, 164, 255} }},
	{{ {59, 81, 8}, 0, {-16, -16}, {21, 121, 33, 255} }},
	{{ {27, -58, 6}, 0, {-16, -16}, {162, 172, 14, 255} }},
	{{ {-14, -14, -4}, 0, {-16, -16}, {139, 206, 3, 255} }},
	{{ {17, -38, -39}, 0, {-16, -16}, {2, 181, 154, 255} }},
	{{ {5, -6, 36}, 0, {-16, -16}, {153, 210, 58, 255} }},
	{{ {-18, 45, 8}, 0, {-16, -16}, {130, 245, 14, 255} }},
};

Gfx mario_hand_L_mesh_layer_1_tri_0[] = {
	gsSPVertex(mario_hand_L_mesh_layer_1_vtx_0 + 0, 16, 0),
	gsSP1Triangle(0, 1, 2, 0),
	gsSP1Triangle(3, 1, 0, 0),
	gsSP1Triangle(4, 3, 0, 0),
	gsSP1Triangle(0, 5, 4, 0),
	gsSP1Triangle(6, 5, 0, 0),
	gsSP1Triangle(0, 7, 6, 0),
	gsSP1Triangle(6, 7, 8, 0),
	gsSP1Triangle(8, 9, 6, 0),
	gsSP1Triangle(10, 9, 8, 0),
	gsSP1Triangle(8, 11, 10, 0),
	gsSP1Triangle(10, 11, 3, 0),
	gsSP1Triangle(3, 4, 10, 0),
	gsSP1Triangle(12, 10, 4, 0),
	gsSP1Triangle(4, 13, 12, 0),
	gsSP1Triangle(4, 14, 13, 0),
	gsSP1Triangle(4, 5, 14, 0),
	gsSP1Triangle(15, 14, 5, 0),
	gsSPVertex(mario_hand_L_mesh_layer_1_vtx_0 + 16, 16, 0),
	gsSP1Triangle(0, 1, 2, 0),
	gsSP1Triangle(2, 3, 0, 0),
	gsSP1Triangle(3, 4, 0, 0),
	gsSP1Triangle(3, 5, 4, 0),
	gsSP1Triangle(4, 5, 6, 0),
	gsSP1Triangle(6, 7, 4, 0),
	gsSP1Triangle(7, 8, 4, 0),
	gsSP1Triangle(9, 8, 7, 0),
	gsSP1Triangle(9, 10, 8, 0),
	gsSP1Triangle(11, 10, 9, 0),
	gsSP1Triangle(12, 11, 9, 0),
	gsSP1Triangle(11, 12, 1, 0),
	gsSP1Triangle(11, 1, 13, 0),
	gsSP1Triangle(14, 13, 1, 0),
	gsSP1Triangle(1, 0, 14, 0),
	gsSP1Triangle(4, 14, 0, 0),
	gsSP1Triangle(4, 15, 14, 0),
	gsSP1Triangle(8, 15, 4, 0),
	gsSPVertex(mario_hand_L_mesh_layer_1_vtx_0 + 32, 13, 0),
	gsSP1Triangle(0, 1, 2, 0),
	gsSP1Triangle(3, 1, 0, 0),
	gsSP1Triangle(4, 1, 3, 0),
	gsSP1Triangle(5, 4, 3, 0),
	gsSP1Triangle(6, 4, 5, 0),
	gsSP1Triangle(4, 6, 1, 0),
	gsSP1Triangle(7, 1, 6, 0),
	gsSP1Triangle(2, 1, 7, 0),
	gsSP1Triangle(8, 9, 10, 0),
	gsSP1Triangle(11, 9, 8, 0),
	gsSP1Triangle(12, 9, 11, 0),
	gsSPEndDisplayList(),
};

Vtx mario_002_switch_option_hand_open_left_mesh_layer_1_vtx_0[56] = {
	{{ {121, 73, -21}, 0, {-16, -16}, {76, 95, 34, 255} }},
	{{ {70, 89, -20}, 0, {-16, -16}, {240, 126, 248, 255} }},
	{{ {77, 41, 21}, 0, {-16, -16}, {20, 40, 119, 255} }},
	{{ {119, 70, -42}, 0, {-16, -16}, {51, 65, 159, 255} }},
	{{ {141, 34, -7}, 0, {-16, -16}, {116, 247, 52, 255} }},
	{{ {83, -17, 10}, 0, {-16, -16}, {67, 193, 88, 255} }},
	{{ {26, 16, 28}, 0, {-16, -16}, {222, 13, 122, 255} }},
	{{ {6, 53, -9}, 0, {-16, -16}, {172, 92, 23, 255} }},
	{{ {26, 41, -41}, 0, {-16, -16}, {245, 65, 148, 255} }},
	{{ {78, 59, -34}, 0, {-16, -16}, {246, 22, 131, 255} }},
	{{ {133, 28, -40}, 0, {-16, -16}, {80, 216, 166, 255} }},
	{{ {89, -6, -27}, 0, {-16, -16}, {100, 227, 184, 255} }},
	{{ {89, -47, -37}, 0, {-16, -16}, {75, 164, 212, 255} }},
	{{ {45, -34, 10}, 0, {-16, -16}, {255, 159, 82, 255} }},
	{{ {26, -32, 6}, 0, {-16, -16}, {55, 168, 73, 255} }},
	{{ {11, 5, 17}, 0, {-16, -16}, {6, 27, 124, 255} }},
	{{ {-3, 35, -9}, 0, {-16, -16}, {206, 114, 24, 255} }},
	{{ {11, 5, 17}, 0, {-16, -16}, {6, 27, 124, 255} }},
	{{ {26, 16, 28}, 0, {-16, -16}, {222, 13, 122, 255} }},
	{{ {6, 53, -9}, 0, {-16, -16}, {172, 92, 23, 255} }},
	{{ {11, 29, -52}, 0, {-16, -16}, {219, 30, 139, 255} }},
	{{ {26, 41, -41}, 0, {-16, -16}, {245, 65, 148, 255} }},
	{{ {25, -1, -44}, 0, {-16, -16}, {223, 226, 137, 255} }},
	{{ {76, -18, -48}, 0, {-16, -16}, {45, 3, 137, 255} }},
	{{ {69, 10, -36}, 0, {-16, -16}, {52, 29, 144, 255} }},
	{{ {78, 59, -34}, 0, {-16, -16}, {246, 22, 131, 255} }},
	{{ {89, -6, -27}, 0, {-16, -16}, {100, 227, 184, 255} }},
	{{ {133, 28, -40}, 0, {-16, -16}, {80, 216, 166, 255} }},
	{{ {89, -47, -37}, 0, {-16, -16}, {75, 164, 212, 255} }},
	{{ {41, -37, -36}, 0, {-16, -16}, {216, 157, 187, 255} }},
	{{ {45, -34, 10}, 0, {-16, -16}, {255, 159, 82, 255} }},
	{{ {26, -32, 6}, 0, {-16, -16}, {55, 168, 73, 255} }},
	{{ {26, -32, 6}, 0, {-16, -16}, {55, 168, 73, 255} }},
	{{ {20, -27, -27}, 0, {-16, -16}, {16, 178, 157, 255} }},
	{{ {41, -37, -36}, 0, {-16, -16}, {216, 157, 187, 255} }},
	{{ {13, -39, -31}, 0, {-16, -16}, {19, 164, 171, 255} }},
	{{ {20, -46, 12}, 0, {-16, -16}, {39, 153, 64, 255} }},
	{{ {2, 3, 26}, 0, {-16, -16}, {249, 26, 124, 255} }},
	{{ {11, 5, 17}, 0, {-16, -16}, {6, 27, 124, 255} }},
	{{ {-3, 35, -9}, 0, {-16, -16}, {206, 114, 24, 255} }},
	{{ {-17, 40, -8}, 0, {-16, -16}, {196, 111, 13, 255} }},
	{{ {-10, 14, -43}, 0, {-16, -16}, {215, 35, 141, 255} }},
	{{ {1, 15, -37}, 0, {-16, -16}, {224, 28, 136, 255} }},
	{{ {11, 29, -52}, 0, {-16, -16}, {219, 30, 139, 255} }},
	{{ {25, -1, -44}, 0, {-16, -16}, {223, 226, 137, 255} }},
	{{ {76, -18, -48}, 0, {-16, -16}, {45, 3, 137, 255} }},
	{{ {1, -33, -23}, 0, {-16, -16}, {159, 179, 226, 255} }},
	{{ {6, -38, 7}, 0, {-16, -16}, {167, 176, 42, 255} }},
	{{ {2, 3, 26}, 0, {-16, -16}, {249, 26, 124, 255} }},
	{{ {-6, -3, 17}, 0, {-16, -16}, {152, 226, 66, 255} }},
	{{ {6, -38, 7}, 0, {-16, -16}, {167, 176, 42, 255} }},
	{{ {-20, 22, -7}, 0, {-16, -16}, {131, 0, 22, 255} }},
	{{ {-17, 40, -8}, 0, {-16, -16}, {196, 111, 13, 255} }},
	{{ {-10, 14, -43}, 0, {-16, -16}, {215, 35, 141, 255} }},
	{{ {-15, 4, -32}, 0, {-16, -16}, {141, 222, 214, 255} }},
	{{ {1, -33, -23}, 0, {-16, -16}, {159, 179, 226, 255} }},
};

Gfx mario_002_switch_option_hand_open_left_mesh_layer_1_tri_0[] = {
	gsSPVertex(mario_002_switch_option_hand_open_left_mesh_layer_1_vtx_0 + 0, 16, 0),
	gsSP1Triangle(0, 1, 2, 0),
	gsSP1Triangle(1, 0, 3, 0),
	gsSP1Triangle(0, 4, 3, 0),
	gsSP1Triangle(4, 0, 2, 0),
	gsSP1Triangle(5, 4, 2, 0),
	gsSP1Triangle(5, 2, 6, 0),
	gsSP1Triangle(6, 2, 1, 0),
	gsSP1Triangle(6, 1, 7, 0),
	gsSP1Triangle(8, 7, 1, 0),
	gsSP1Triangle(1, 9, 8, 0),
	gsSP1Triangle(3, 9, 1, 0),
	gsSP1Triangle(9, 3, 10, 0),
	gsSP1Triangle(3, 4, 10, 0),
	gsSP1Triangle(10, 4, 5, 0),
	gsSP1Triangle(11, 10, 5, 0),
	gsSP1Triangle(12, 11, 5, 0),
	gsSP1Triangle(12, 5, 13, 0),
	gsSP1Triangle(13, 5, 6, 0),
	gsSP1Triangle(14, 13, 6, 0),
	gsSP1Triangle(6, 15, 14, 0),
	gsSPVertex(mario_002_switch_option_hand_open_left_mesh_layer_1_vtx_0 + 16, 16, 0),
	gsSP1Triangle(0, 1, 2, 0),
	gsSP1Triangle(0, 2, 3, 0),
	gsSP1Triangle(0, 3, 4, 0),
	gsSP1Triangle(3, 5, 4, 0),
	gsSP1Triangle(6, 4, 5, 0),
	gsSP1Triangle(7, 6, 5, 0),
	gsSP1Triangle(7, 5, 8, 0),
	gsSP1Triangle(5, 9, 8, 0),
	gsSP1Triangle(8, 9, 10, 0),
	gsSP1Triangle(9, 11, 10, 0),
	gsSP1Triangle(7, 8, 10, 0),
	gsSP1Triangle(7, 10, 12, 0),
	gsSP1Triangle(12, 13, 7, 0),
	gsSP1Triangle(14, 13, 12, 0),
	gsSP1Triangle(15, 13, 14, 0),
	gsSPVertex(mario_002_switch_option_hand_open_left_mesh_layer_1_vtx_0 + 32, 16, 0),
	gsSP1Triangle(0, 1, 2, 0),
	gsSP1Triangle(3, 1, 0, 0),
	gsSP1Triangle(0, 4, 3, 0),
	gsSP1Triangle(5, 4, 0, 0),
	gsSP1Triangle(0, 6, 5, 0),
	gsSP1Triangle(5, 6, 7, 0),
	gsSP1Triangle(7, 8, 5, 0),
	gsSP1Triangle(9, 8, 7, 0),
	gsSP1Triangle(7, 10, 9, 0),
	gsSP1Triangle(11, 10, 7, 0),
	gsSP1Triangle(10, 11, 12, 0),
	gsSP1Triangle(1, 10, 12, 0),
	gsSP1Triangle(1, 12, 2, 0),
	gsSP1Triangle(2, 12, 13, 0),
	gsSP1Triangle(9, 10, 1, 0),
	gsSP1Triangle(1, 3, 9, 0),
	gsSP1Triangle(3, 14, 9, 0),
	gsSP1Triangle(15, 14, 3, 0),
	gsSP1Triangle(4, 15, 3, 0),
	gsSP1Triangle(5, 15, 4, 0),
	gsSPVertex(mario_002_switch_option_hand_open_left_mesh_layer_1_vtx_0 + 48, 8, 0),
	gsSP1Triangle(0, 1, 2, 0),
	gsSP1Triangle(3, 1, 0, 0),
	gsSP1Triangle(4, 3, 0, 0),
	gsSP1Triangle(5, 3, 4, 0),
	gsSP1Triangle(5, 6, 3, 0),
	gsSP1Triangle(7, 6, 5, 0),
	gsSP1Triangle(1, 6, 7, 0),
	gsSP1Triangle(7, 2, 1, 0),
	gsSP1Triangle(1, 3, 6, 0),
	gsSPEndDisplayList(),
};

Vtx mario_upper_arm_R_mesh_layer_1_vtx_0[28] = {
	{{ {58, 17, 27}, 0, {354, 267}, {54, 89, 72, 255} }},
	{{ {67, 10, 21}, 0, {354, 267}, {111, 50, 37, 255} }},
	{{ {67, 11, -4}, 0, {354, 267}, {111, 51, 223, 255} }},
	{{ {67, -14, 28}, 0, {354, 267}, {110, 232, 59, 255} }},
	{{ {57, -17, 37}, 0, {354, 267}, {50, 216, 109, 255} }},
	{{ {7, 25, 32}, 0, {354, 267}, {224, 96, 76, 255} }},
	{{ {7, 27, -13}, 0, {354, 267}, {224, 104, 190, 255} }},
	{{ {58, 19, -9}, 0, {354, 267}, {55, 96, 194, 255} }},
	{{ {67, -12, -13}, 0, {354, 267}, {110, 238, 195, 255} }},
	{{ {66, -28, 6}, 0, {354, 267}, {111, 195, 250, 255} }},
	{{ {57, -38, 6}, 0, {354, 267}, {51, 140, 250, 255} }},
	{{ {57, -14, -22}, 0, {354, 267}, {50, 227, 143, 255} }},
	{{ {5, -44, 5}, 0, {354, 267}, {216, 136, 248, 255} }},
	{{ {6, -19, 44}, 0, {354, 267}, {220, 213, 114, 255} }},
	{{ {-8, 14, 22}, 0, {354, 267}, {147, 53, 38, 255} }},
	{{ {-8, 15, -5}, 0, {354, 267}, {147, 56, 222, 255} }},
	{{ {-9, -10, -15}, 0, {354, 267}, {145, 245, 196, 255} }},
	{{ {-8, 15, -5}, 0, {354, 267}, {147, 56, 222, 255} }},
	{{ {7, 27, -13}, 0, {354, 267}, {224, 104, 190, 255} }},
	{{ {6, -15, -30}, 0, {354, 267}, {221, 226, 138, 255} }},
	{{ {58, 19, -9}, 0, {354, 267}, {55, 96, 194, 255} }},
	{{ {57, -14, -22}, 0, {354, 267}, {50, 227, 143, 255} }},
	{{ {67, -12, -13}, 0, {354, 267}, {110, 238, 195, 255} }},
	{{ {5, -44, 5}, 0, {354, 267}, {216, 136, 248, 255} }},
	{{ {-9, -28, 6}, 0, {354, 267}, {143, 198, 251, 255} }},
	{{ {-9, -13, 30}, 0, {354, 267}, {145, 238, 60, 255} }},
	{{ {6, -19, 44}, 0, {354, 267}, {220, 213, 114, 255} }},
	{{ {-8, 14, 22}, 0, {354, 267}, {147, 53, 38, 255} }},
};

Gfx mario_upper_arm_R_mesh_layer_1_tri_0[] = {
	gsSPVertex(mario_upper_arm_R_mesh_layer_1_vtx_0 + 0, 16, 0),
	gsSP1Triangle(0, 1, 2, 0),
	gsSP1Triangle(3, 1, 0, 0),
	gsSP1Triangle(4, 3, 0, 0),
	gsSP1Triangle(4, 0, 5, 0),
	gsSP1Triangle(0, 6, 5, 0),
	gsSP1Triangle(0, 7, 6, 0),
	gsSP1Triangle(0, 2, 7, 0),
	gsSP1Triangle(7, 2, 8, 0),
	gsSP1Triangle(8, 2, 9, 0),
	gsSP1Triangle(2, 3, 9, 0),
	gsSP1Triangle(2, 1, 3, 0),
	gsSP1Triangle(10, 9, 3, 0),
	gsSP1Triangle(8, 9, 10, 0),
	gsSP1Triangle(11, 8, 10, 0),
	gsSP1Triangle(11, 10, 12, 0),
	gsSP1Triangle(10, 13, 12, 0),
	gsSP1Triangle(10, 4, 13, 0),
	gsSP1Triangle(10, 3, 4, 0),
	gsSP1Triangle(4, 5, 13, 0),
	gsSP1Triangle(5, 14, 13, 0),
	gsSP1Triangle(15, 14, 5, 0),
	gsSP1Triangle(6, 15, 5, 0),
	gsSPVertex(mario_upper_arm_R_mesh_layer_1_vtx_0 + 16, 12, 0),
	gsSP1Triangle(0, 1, 2, 0),
	gsSP1Triangle(3, 0, 2, 0),
	gsSP1Triangle(4, 3, 2, 0),
	gsSP1Triangle(4, 5, 3, 0),
	gsSP1Triangle(4, 6, 5, 0),
	gsSP1Triangle(5, 7, 3, 0),
	gsSP1Triangle(7, 8, 3, 0),
	gsSP1Triangle(9, 8, 7, 0),
	gsSP1Triangle(10, 9, 7, 0),
	gsSP1Triangle(11, 9, 10, 0),
	gsSP1Triangle(9, 11, 1, 0),
	gsSP1Triangle(9, 1, 0, 0),
	gsSP1Triangle(0, 8, 9, 0),
	gsSP1Triangle(8, 0, 3, 0),
	gsSPEndDisplayList(),
};

Vtx mario_lower_arm_R_mesh_layer_1_vtx_0[16] = {
	{{ {-2, -18, 38}, 0, {354, 267}, {220, 214, 114, 255} }},
	{{ {-14, -14, 28}, 0, {354, 267}, {147, 237, 62, 255} }},
	{{ {-3, -39, 6}, 0, {354, 267}, {216, 136, 249, 255} }},
	{{ {-13, 10, 21}, 0, {354, 267}, {149, 54, 41, 255} }},
	{{ {-1, 18, 28}, 0, {354, 267}, {223, 96, 77, 255} }},
	{{ {47, -17, 34}, 0, {354, 267}, {65, 218, 102, 255} }},
	{{ {46, -36, 6}, 0, {354, 267}, {61, 145, 250, 255} }},
	{{ {47, -15, -19}, 0, {354, 267}, {64, 227, 150, 255} }},
	{{ {-2, -15, -23}, 0, {354, 267}, {221, 227, 138, 255} }},
	{{ {-14, -28, 6}, 0, {354, 267}, {145, 194, 250, 255} }},
	{{ {-14, -12, -13}, 0, {354, 267}, {148, 242, 191, 255} }},
	{{ {-13, 12, -4}, 0, {354, 267}, {151, 61, 218, 255} }},
	{{ {-1, 20, -9}, 0, {354, 267}, {225, 104, 190, 255} }},
	{{ {48, 13, 25}, 0, {354, 267}, {68, 83, 68, 255} }},
	{{ {59, -8, 7}, 0, {354, 267}, {127, 253, 254, 255} }},
	{{ {48, 15, -7}, 0, {354, 267}, {67, 91, 197, 255} }},
};

Gfx mario_lower_arm_R_mesh_layer_1_tri_0[] = {
	gsSPVertex(mario_lower_arm_R_mesh_layer_1_vtx_0 + 0, 16, 0),
	gsSP1Triangle(0, 1, 2, 0),
	gsSP1Triangle(3, 1, 0, 0),
	gsSP1Triangle(4, 3, 0, 0),
	gsSP1Triangle(5, 4, 0, 0),
	gsSP1Triangle(6, 5, 0, 0),
	gsSP1Triangle(6, 0, 2, 0),
	gsSP1Triangle(7, 6, 2, 0),
	gsSP1Triangle(7, 2, 8, 0),
	gsSP1Triangle(2, 9, 8, 0),
	gsSP1Triangle(1, 9, 2, 0),
	gsSP1Triangle(9, 1, 3, 0),
	gsSP1Triangle(10, 9, 3, 0),
	gsSP1Triangle(10, 3, 11, 0),
	gsSP1Triangle(11, 3, 4, 0),
	gsSP1Triangle(12, 11, 4, 0),
	gsSP1Triangle(13, 12, 4, 0),
	gsSP1Triangle(5, 13, 4, 0),
	gsSP1Triangle(5, 14, 13, 0),
	gsSP1Triangle(6, 14, 5, 0),
	gsSP1Triangle(7, 14, 6, 0),
	gsSP1Triangle(15, 14, 7, 0),
	gsSP1Triangle(15, 7, 8, 0),
	gsSP1Triangle(15, 8, 12, 0),
	gsSP1Triangle(8, 10, 12, 0),
	gsSP1Triangle(9, 10, 8, 0),
	gsSP1Triangle(10, 11, 12, 0),
	gsSP1Triangle(13, 14, 15, 0),
	gsSP1Triangle(13, 15, 12, 0),
	gsSPEndDisplayList(),
};

Vtx mario_hand_R_mesh_layer_1_vtx_0[41] = {
	{{ {31, -40, -1}, 0, {-16, -16}, {61, 154, 212, 255} }},
	{{ {24, -57, -4}, 0, {-16, -16}, {117, 211, 236, 255} }},
	{{ {4, -3, -33}, 0, {-16, -16}, {76, 33, 159, 255} }},
	{{ {13, -38, 41}, 0, {-16, -16}, {251, 177, 99, 255} }},
	{{ {23, -26, 35}, 0, {-16, -16}, {15, 191, 108, 255} }},
	{{ {55, -44, -4}, 0, {-16, -16}, {7, 140, 204, 255} }},
	{{ {35, 9, -37}, 0, {-16, -16}, {231, 246, 132, 255} }},
	{{ {15, 0, -23}, 0, {-16, -16}, {12, 1, 130, 255} }},
	{{ {-2, 41, -1}, 0, {-16, -16}, {218, 113, 212, 255} }},
	{{ {-19, 47, -4}, 0, {-16, -16}, {45, 117, 235, 255} }},
	{{ {-14, 26, 41}, 0, {-16, -16}, {197, 52, 100, 255} }},
	{{ {1, 24, 35}, 0, {-16, -16}, {245, 63, 110, 255} }},
	{{ {-16, -12, 6}, 0, {-16, -16}, {139, 208, 246, 255} }},
	{{ {-19, 47, -4}, 0, {-16, -16}, {131, 246, 235, 255} }},
	{{ {4, -3, -33}, 0, {-16, -16}, {153, 214, 194, 255} }},
	{{ {24, -57, -4}, 0, {-16, -16}, {160, 175, 236, 255} }},
	{{ {29, 6, 49}, 0, {-16, -16}, {191, 249, 109, 255} }},
	{{ {1, 24, 35}, 0, {-16, -16}, {245, 63, 110, 255} }},
	{{ {23, -26, 35}, 0, {-16, -16}, {15, 191, 108, 255} }},
	{{ {29, 62, 34}, 0, {-16, -16}, {206, 89, 75, 255} }},
	{{ {57, 10, 66}, 0, {-16, -16}, {243, 21, 125, 255} }},
	{{ {75, -33, 66}, 0, {-16, -16}, {25, 178, 97, 255} }},
	{{ {55, -44, -4}, 0, {-16, -16}, {7, 140, 204, 255} }},
	{{ {104, -26, 1}, 0, {-16, -16}, {101, 191, 215, 255} }},
	{{ {35, 9, -37}, 0, {-16, -16}, {231, 246, 132, 255} }},
	{{ {86, 30, -33}, 0, {-16, -16}, {69, 28, 153, 255} }},
	{{ {58, 81, 0}, 0, {-16, -16}, {23, 122, 228, 255} }},
	{{ {10, 60, -4}, 0, {-16, -16}, {177, 88, 210, 255} }},
	{{ {-2, 41, -1}, 0, {-16, -16}, {218, 113, 212, 255} }},
	{{ {15, 0, -23}, 0, {-16, -16}, {12, 1, 130, 255} }},
	{{ {54, 54, 44}, 0, {-16, -16}, {20, 82, 95, 255} }},
	{{ {86, 15, 52}, 0, {-16, -16}, {69, 45, 97, 255} }},
	{{ {96, -8, 52}, 0, {-16, -16}, {103, 249, 73, 255} }},
	{{ {86, 15, 52}, 0, {-16, -16}, {69, 45, 97, 255} }},
	{{ {57, 10, 66}, 0, {-16, -16}, {243, 21, 125, 255} }},
	{{ {75, -33, 66}, 0, {-16, -16}, {25, 178, 97, 255} }},
	{{ {104, -26, 1}, 0, {-16, -16}, {101, 191, 215, 255} }},
	{{ {97, 39, 24}, 0, {-16, -16}, {107, 62, 28, 255} }},
	{{ {86, 30, -33}, 0, {-16, -16}, {69, 28, 153, 255} }},
	{{ {58, 81, 0}, 0, {-16, -16}, {23, 122, 228, 255} }},
	{{ {54, 54, 44}, 0, {-16, -16}, {20, 82, 95, 255} }},
};

Gfx mario_hand_R_mesh_layer_1_tri_0[] = {
	gsSPVertex(mario_hand_R_mesh_layer_1_vtx_0 + 0, 16, 0),
	gsSP1Triangle(0, 1, 2, 0),
	gsSP1Triangle(3, 1, 0, 0),
	gsSP1Triangle(0, 4, 3, 0),
	gsSP1Triangle(4, 0, 5, 0),
	gsSP1Triangle(6, 5, 0, 0),
	gsSP1Triangle(0, 7, 6, 0),
	gsSP1Triangle(2, 7, 0, 0),
	gsSP1Triangle(8, 7, 2, 0),
	gsSP1Triangle(2, 9, 8, 0),
	gsSP1Triangle(8, 9, 10, 0),
	gsSP1Triangle(10, 11, 8, 0),
	gsSP1Triangle(4, 11, 10, 0),
	gsSP1Triangle(10, 3, 4, 0),
	gsSP1Triangle(10, 12, 3, 0),
	gsSP1Triangle(13, 12, 10, 0),
	gsSP1Triangle(14, 12, 13, 0),
	gsSP1Triangle(15, 12, 14, 0),
	gsSP1Triangle(3, 12, 15, 0),
	gsSPVertex(mario_hand_R_mesh_layer_1_vtx_0 + 16, 16, 0),
	gsSP1Triangle(0, 1, 2, 0),
	gsSP1Triangle(1, 0, 3, 0),
	gsSP1Triangle(3, 0, 4, 0),
	gsSP1Triangle(5, 4, 0, 0),
	gsSP1Triangle(5, 0, 2, 0),
	gsSP1Triangle(6, 5, 2, 0),
	gsSP1Triangle(6, 7, 5, 0),
	gsSP1Triangle(8, 7, 6, 0),
	gsSP1Triangle(8, 9, 7, 0),
	gsSP1Triangle(10, 9, 8, 0),
	gsSP1Triangle(11, 10, 8, 0),
	gsSP1Triangle(11, 8, 12, 0),
	gsSP1Triangle(8, 13, 12, 0),
	gsSP1Triangle(11, 12, 1, 0),
	gsSP1Triangle(3, 11, 1, 0),
	gsSP1Triangle(10, 11, 3, 0),
	gsSP1Triangle(3, 14, 10, 0),
	gsSP1Triangle(14, 3, 4, 0),
	gsSP1Triangle(15, 14, 4, 0),
	gsSPVertex(mario_hand_R_mesh_layer_1_vtx_0 + 32, 9, 0),
	gsSP1Triangle(0, 1, 2, 0),
	gsSP1Triangle(3, 0, 2, 0),
	gsSP1Triangle(4, 0, 3, 0),
	gsSP1Triangle(4, 5, 0, 0),
	gsSP1Triangle(6, 5, 4, 0),
	gsSP1Triangle(7, 5, 6, 0),
	gsSP1Triangle(8, 5, 7, 0),
	gsSP1Triangle(5, 8, 1, 0),
	gsSP1Triangle(0, 5, 1, 0),
	gsSPEndDisplayList(),
};

Vtx mario_002_switch_option_hand_open_right_mesh_layer_1_vtx_0[60] = {
	{{ {136, 28, 31}, 0, {-16, -16}, {81, 221, 91, 255} }},
	{{ {124, 69, 30}, 0, {-16, -16}, {57, 70, 90, 255} }},
	{{ {84, 59, 25}, 0, {-16, -16}, {253, 33, 123, 255} }},
	{{ {143, 31, -1}, 0, {-16, -16}, {115, 240, 203, 255} }},
	{{ {86, -19, -13}, 0, {-16, -16}, {62, 185, 171, 255} }},
	{{ {93, -5, 22}, 0, {-16, -16}, {104, 230, 69, 255} }},
	{{ {75, 11, 32}, 0, {-16, -16}, {61, 36, 105, 255} }},
	{{ {34, 43, 36}, 0, {-16, -16}, {253, 74, 103, 255} }},
	{{ {76, 88, 9}, 0, {-16, -16}, {243, 126, 254, 255} }},
	{{ {125, 71, 9}, 0, {-16, -16}, {78, 90, 212, 255} }},
	{{ {81, 37, -28}, 0, {-16, -16}, {17, 29, 134, 255} }},
	{{ {30, 13, -30}, 0, {-16, -16}, {215, 3, 136, 255} }},
	{{ {48, -35, -9}, 0, {-16, -16}, {247, 153, 182, 255} }},
	{{ {93, -45, 36}, 0, {-16, -16}, {76, 167, 49, 255} }},
	{{ {81, -15, 45}, 0, {-16, -16}, {53, 12, 115, 255} }},
	{{ {32, 2, 43}, 0, {-16, -16}, {226, 237, 122, 255} }},
	{{ {34, 43, 36}, 0, {-16, -16}, {253, 74, 103, 255} }},
	{{ {20, 33, 48}, 0, {-16, -16}, {226, 42, 116, 255} }},
	{{ {32, 2, 43}, 0, {-16, -16}, {226, 237, 122, 255} }},
	{{ {13, 53, 5}, 0, {-16, -16}, {174, 94, 231, 255} }},
	{{ {76, 88, 9}, 0, {-16, -16}, {243, 126, 254, 255} }},
	{{ {30, 13, -30}, 0, {-16, -16}, {215, 3, 136, 255} }},
	{{ {81, 37, -28}, 0, {-16, -16}, {17, 29, 134, 255} }},
	{{ {125, 71, 9}, 0, {-16, -16}, {78, 90, 212, 255} }},
	{{ {3, 36, 6}, 0, {-16, -16}, {215, 116, 225, 255} }},
	{{ {16, 4, -17}, 0, {-16, -16}, {255, 17, 130, 255} }},
	{{ {30, -32, -4}, 0, {-16, -16}, {55, 163, 189, 255} }},
	{{ {48, -35, -9}, 0, {-16, -16}, {247, 153, 182, 255} }},
	{{ {46, -35, 37}, 0, {-16, -16}, {216, 164, 78, 255} }},
	{{ {93, -45, 36}, 0, {-16, -16}, {76, 167, 49, 255} }},
	{{ {81, -15, 45}, 0, {-16, -16}, {53, 12, 115, 255} }},
	{{ {26, -24, 28}, 0, {-16, -16}, {14, 186, 105, 255} }},
	{{ {32, 2, 43}, 0, {-16, -16}, {226, 237, 122, 255} }},
	{{ {9, 18, 35}, 0, {-16, -16}, {234, 41, 118, 255} }},
	{{ {26, -24, 28}, 0, {-16, -16}, {14, 186, 105, 255} }},
	{{ {20, 33, 48}, 0, {-16, -16}, {226, 42, 116, 255} }},
	{{ {3, 36, 6}, 0, {-16, -16}, {215, 116, 225, 255} }},
	{{ {13, 53, 5}, 0, {-16, -16}, {174, 94, 231, 255} }},
	{{ {-1, 18, 42}, 0, {-16, -16}, {225, 47, 114, 255} }},
	{{ {19, -36, 33}, 0, {-16, -16}, {22, 169, 90, 255} }},
	{{ {7, -30, 26}, 0, {-16, -16}, {158, 186, 42, 255} }},
	{{ {-7, 7, 32}, 0, {-16, -16}, {142, 231, 49, 255} }},
	{{ {-12, 23, 6}, 0, {-16, -16}, {130, 0, 240, 255} }},
	{{ {-9, 41, 5}, 0, {-16, -16}, {199, 112, 236, 255} }},
	{{ {7, 1, -26}, 0, {-16, -16}, {242, 14, 131, 255} }},
	{{ {16, 4, -17}, 0, {-16, -16}, {255, 17, 130, 255} }},
	{{ {30, -32, -4}, 0, {-16, -16}, {55, 163, 189, 255} }},
	{{ {25, -46, -9}, 0, {-16, -16}, {40, 150, 198, 255} }},
	{{ {46, -35, 37}, 0, {-16, -16}, {216, 164, 78, 255} }},
	{{ {26, -24, 28}, 0, {-16, -16}, {14, 186, 105, 255} }},
	{{ {30, -32, -4}, 0, {-16, -16}, {55, 163, 189, 255} }},
	{{ {19, -36, 33}, 0, {-16, -16}, {22, 169, 90, 255} }},
	{{ {11, -38, -3}, 0, {-16, -16}, {165, 173, 227, 255} }},
	{{ {25, -46, -9}, 0, {-16, -16}, {40, 150, 198, 255} }},
	{{ {7, -30, 26}, 0, {-16, -16}, {158, 186, 42, 255} }},
	{{ {0, -4, -15}, 0, {-16, -16}, {145, 222, 204, 255} }},
	{{ {-7, 7, 32}, 0, {-16, -16}, {142, 231, 49, 255} }},
	{{ {-12, 23, 6}, 0, {-16, -16}, {130, 0, 240, 255} }},
	{{ {7, 1, -26}, 0, {-16, -16}, {242, 14, 131, 255} }},
	{{ {-9, 41, 5}, 0, {-16, -16}, {199, 112, 236, 255} }},
};

Gfx mario_002_switch_option_hand_open_right_mesh_layer_1_tri_0[] = {
	gsSPVertex(mario_002_switch_option_hand_open_right_mesh_layer_1_vtx_0 + 0, 16, 0),
	gsSP1Triangle(0, 1, 2, 0),
	gsSP1Triangle(0, 3, 1, 0),
	gsSP1Triangle(4, 3, 0, 0),
	gsSP1Triangle(4, 0, 5, 0),
	gsSP1Triangle(5, 0, 2, 0),
	gsSP1Triangle(5, 2, 6, 0),
	gsSP1Triangle(6, 2, 7, 0),
	gsSP1Triangle(7, 2, 8, 0),
	gsSP1Triangle(8, 2, 1, 0),
	gsSP1Triangle(1, 9, 8, 0),
	gsSP1Triangle(1, 3, 9, 0),
	gsSP1Triangle(10, 9, 3, 0),
	gsSP1Triangle(10, 3, 4, 0),
	gsSP1Triangle(11, 10, 4, 0),
	gsSP1Triangle(11, 4, 12, 0),
	gsSP1Triangle(12, 4, 13, 0),
	gsSP1Triangle(4, 5, 13, 0),
	gsSP1Triangle(13, 5, 14, 0),
	gsSP1Triangle(5, 6, 14, 0),
	gsSP1Triangle(6, 7, 14, 0),
	gsSP1Triangle(7, 15, 14, 0),
	gsSPVertex(mario_002_switch_option_hand_open_right_mesh_layer_1_vtx_0 + 16, 16, 0),
	gsSP1Triangle(0, 1, 2, 0),
	gsSP1Triangle(1, 0, 3, 0),
	gsSP1Triangle(4, 3, 0, 0),
	gsSP1Triangle(3, 4, 5, 0),
	gsSP1Triangle(4, 6, 5, 0),
	gsSP1Triangle(6, 4, 7, 0),
	gsSP1Triangle(3, 5, 8, 0),
	gsSP1Triangle(5, 9, 8, 0),
	gsSP1Triangle(10, 9, 5, 0),
	gsSP1Triangle(5, 11, 10, 0),
	gsSP1Triangle(11, 12, 10, 0),
	gsSP1Triangle(13, 12, 11, 0),
	gsSP1Triangle(14, 12, 13, 0),
	gsSP1Triangle(14, 2, 12, 0),
	gsSP1Triangle(12, 2, 15, 0),
	gsSPVertex(mario_002_switch_option_hand_open_right_mesh_layer_1_vtx_0 + 32, 16, 0),
	gsSP1Triangle(0, 1, 2, 0),
	gsSP1Triangle(0, 3, 1, 0),
	gsSP1Triangle(4, 1, 3, 0),
	gsSP1Triangle(3, 5, 4, 0),
	gsSP1Triangle(6, 1, 4, 0),
	gsSP1Triangle(2, 1, 6, 0),
	gsSP1Triangle(6, 7, 2, 0),
	gsSP1Triangle(6, 8, 7, 0),
	gsSP1Triangle(6, 9, 8, 0),
	gsSP1Triangle(10, 9, 6, 0),
	gsSP1Triangle(11, 10, 6, 0),
	gsSP1Triangle(4, 11, 6, 0),
	gsSP1Triangle(12, 11, 4, 0),
	gsSP1Triangle(4, 13, 12, 0),
	gsSP1Triangle(12, 13, 14, 0),
	gsSP1Triangle(14, 15, 12, 0),
	gsSP1Triangle(7, 15, 14, 0),
	gsSP1Triangle(14, 2, 7, 0),
	gsSPVertex(mario_002_switch_option_hand_open_right_mesh_layer_1_vtx_0 + 48, 12, 0),
	gsSP1Triangle(0, 1, 2, 0),
	gsSP1Triangle(3, 4, 5, 0),
	gsSP1Triangle(3, 6, 4, 0),
	gsSP1Triangle(7, 4, 6, 0),
	gsSP1Triangle(6, 8, 7, 0),
	gsSP1Triangle(8, 9, 7, 0),
	gsSP1Triangle(10, 7, 9, 0),
	gsSP1Triangle(10, 9, 11, 0),
	gsSP1Triangle(4, 7, 10, 0),
	gsSP1Triangle(5, 4, 10, 0),
	gsSPEndDisplayList(),
};

Vtx mario_004_switch_option_hand_peace_right_mesh_layer_1_vtx_0[94] = {
	{{ {15, -39, 42}, 0, {-16, -16}, {19, 186, 104, 255} }},
	{{ {6, -49, 0}, 0, {-16, -16}, {171, 165, 230, 255} }},
	{{ {24, -59, -3}, 0, {-16, -16}, {202, 147, 37, 255} }},
	{{ {0, -35, 32}, 0, {-16, -16}, {164, 184, 50, 255} }},
	{{ {-15, 23, 43}, 0, {-16, -16}, {212, 59, 103, 255} }},
	{{ {0, 21, 37}, 0, {-16, -16}, {5, 68, 107, 255} }},
	{{ {23, -29, 36}, 0, {-16, -16}, {40, 236, 119, 255} }},
	{{ {24, -59, -3}, 0, {-16, -16}, {102, 197, 48, 255} }},
	{{ {32, -43, 0}, 0, {-16, -16}, {101, 196, 48, 255} }},
	{{ {18, 30, 41}, 0, {-16, -16}, {201, 46, 105, 255} }},
	{{ {45, -29, 52}, 0, {-16, -16}, {231, 188, 104, 255} }},
	{{ {46, 49, 45}, 0, {-16, -16}, {247, 72, 104, 255} }},
	{{ {90, -3, 52}, 0, {-16, -16}, {72, 3, 105, 255} }},
	{{ {88, -34, 39}, 0, {-16, -16}, {61, 166, 65, 255} }},
	{{ {56, -47, -5}, 0, {-16, -16}, {16, 131, 16, 255} }},
	{{ {32, -43, 0}, 0, {-16, -16}, {240, 135, 37, 255} }},
	{{ {45, -29, 52}, 0, {-16, -16}, {231, 188, 104, 255} }},
	{{ {23, -29, 36}, 0, {-16, -16}, {228, 138, 39, 255} }},
	{{ {32, -43, 0}, 0, {-16, -16}, {240, 135, 37, 255} }},
	{{ {101, -29, 15}, 0, {-16, -16}, {71, 151, 250, 255} }},
	{{ {88, -34, 39}, 0, {-16, -16}, {61, 166, 65, 255} }},
	{{ {56, -47, -5}, 0, {-16, -16}, {16, 131, 16, 255} }},
	{{ {90, -3, 52}, 0, {-16, -16}, {72, 3, 105, 255} }},
	{{ {98, 10, 29}, 0, {-16, -16}, {95, 26, 81, 255} }},
	{{ {84, 48, 24}, 0, {-16, -16}, {26, 79, 96, 255} }},
	{{ {139, 53, 25}, 0, {-16, -16}, {252, 19, 125, 255} }},
	{{ {123, 72, 21}, 0, {-16, -16}, {252, 23, 125, 255} }},
	{{ {46, 49, 45}, 0, {-16, -16}, {247, 72, 104, 255} }},
	{{ {56, 80, 1}, 0, {-16, -16}, {14, 108, 65, 255} }},
	{{ {84, 60, -7}, 0, {-16, -16}, {6, 118, 46, 255} }},
	{{ {126, 84, -3}, 0, {-16, -16}, {195, 103, 42, 255} }},
	{{ {123, 72, 21}, 0, {-16, -16}, {196, 103, 44, 255} }},
	{{ {46, 49, 45}, 0, {-16, -16}, {247, 72, 104, 255} }},
	{{ {56, 80, 1}, 0, {-16, -16}, {14, 108, 65, 255} }},
	{{ {8, 58, -2}, 0, {-16, -16}, {183, 82, 64, 255} }},
	{{ {18, 30, 41}, 0, {-16, -16}, {201, 46, 105, 255} }},
	{{ {-4, 38, 0}, 0, {-16, -16}, {221, 106, 61, 255} }},
	{{ {0, 21, 37}, 0, {-16, -16}, {5, 68, 107, 255} }},
	{{ {-15, 23, 43}, 0, {-16, -16}, {212, 59, 103, 255} }},
	{{ {-22, 43, -3}, 0, {-16, -16}, {24, 116, 47, 255} }},
	{{ {2, -5, -33}, 0, {-16, -16}, {74, 38, 160, 255} }},
	{{ {32, -43, 0}, 0, {-16, -16}, {28, 204, 144, 255} }},
	{{ {24, -59, -3}, 0, {-16, -16}, {79, 235, 159, 255} }},
	{{ {14, -1, -22}, 0, {-16, -16}, {4, 4, 129, 255} }},
	{{ {-22, 43, -3}, 0, {-16, -16}, {40, 74, 161, 255} }},
	{{ {-4, 38, 0}, 0, {-16, -16}, {235, 58, 145, 255} }},
	{{ {33, 7, -37}, 0, {-16, -16}, {223, 249, 133, 255} }},
	{{ {8, 58, -2}, 0, {-16, -16}, {212, 52, 149, 255} }},
	{{ {8, 58, -2}, 0, {-16, -16}, {212, 52, 149, 255} }},
	{{ {56, 80, 1}, 0, {-16, -16}, {249, 64, 147, 255} }},
	{{ {33, 7, -37}, 0, {-16, -16}, {223, 249, 133, 255} }},
	{{ {89, 18, -34}, 0, {-16, -16}, {7, 10, 130, 255} }},
	{{ {84, 60, -7}, 0, {-16, -16}, {254, 69, 149, 255} }},
	{{ {126, 84, -3}, 0, {-16, -16}, {6, 51, 140, 255} }},
	{{ {146, 59, -8}, 0, {-16, -16}, {23, 42, 138, 255} }},
	{{ {94, -22, -18}, 0, {-16, -16}, {8, 204, 140, 255} }},
	{{ {166, -13, -17}, 0, {-16, -16}, {30, 7, 133, 255} }},
	{{ {162, 14, -11}, 0, {-16, -16}, {39, 32, 139, 255} }},
	{{ {56, -47, -5}, 0, {-16, -16}, {242, 187, 150, 255} }},
	{{ {32, -43, 0}, 0, {-16, -16}, {28, 204, 144, 255} }},
	{{ {14, -1, -22}, 0, {-16, -16}, {4, 4, 129, 255} }},
	{{ {166, -13, -17}, 0, {-16, -16}, {122, 9, 34, 255} }},
	{{ {162, 14, -11}, 0, {-16, -16}, {122, 11, 34, 255} }},
	{{ {153, 7, 24}, 0, {-16, -16}, {73, 243, 103, 255} }},
	{{ {166, -13, -17}, 0, {-16, -16}, {122, 9, 34, 255} }},
	{{ {153, 7, 24}, 0, {-16, -16}, {73, 243, 103, 255} }},
	{{ {155, -15, 21}, 0, {-16, -16}, {71, 248, 105, 255} }},
	{{ {101, -29, 15}, 0, {-16, -16}, {4, 220, 122, 255} }},
	{{ {98, 10, 29}, 0, {-16, -16}, {9, 214, 119, 255} }},
	{{ {155, -15, 21}, 0, {-16, -16}, {21, 131, 246, 255} }},
	{{ {94, -22, -18}, 0, {-16, -16}, {43, 140, 228, 255} }},
	{{ {166, -13, -17}, 0, {-16, -16}, {16, 130, 254, 255} }},
	{{ {101, -29, 15}, 0, {-16, -16}, {71, 151, 250, 255} }},
	{{ {56, -47, -5}, 0, {-16, -16}, {16, 131, 16, 255} }},
	{{ {146, 59, -8}, 0, {-16, -16}, {94, 75, 41, 255} }},
	{{ {126, 84, -3}, 0, {-16, -16}, {97, 68, 46, 255} }},
	{{ {123, 72, 21}, 0, {-16, -16}, {93, 76, 40, 255} }},
	{{ {139, 53, 25}, 0, {-16, -16}, {90, 83, 34, 255} }},
	{{ {-8, -12, -20}, 0, {-16, -16}, {155, 208, 196, 255} }},
	{{ {6, -49, 0}, 0, {-16, -16}, {171, 165, 230, 255} }},
	{{ {0, -35, 32}, 0, {-16, -16}, {164, 184, 50, 255} }},
	{{ {24, -59, -3}, 0, {-16, -16}, {200, 185, 166, 255} }},
	{{ {2, -5, -33}, 0, {-16, -16}, {170, 220, 170, 255} }},
	{{ {-25, 24, 0}, 0, {-16, -16}, {132, 251, 229, 255} }},
	{{ {-21, 9, 33}, 0, {-16, -16}, {141, 230, 47, 255} }},
	{{ {-15, 23, 43}, 0, {-16, -16}, {212, 59, 103, 255} }},
	{{ {-22, 43, -3}, 0, {-16, -16}, {133, 17, 230, 255} }},
	{{ {105, 17, 3}, 0, {-16, -16}, {119, 44, 3, 255} }},
	{{ {98, 10, 29}, 0, {-16, -16}, {110, 48, 42, 255} }},
	{{ {153, 7, 24}, 0, {-16, -16}, {12, 123, 30, 255} }},
	{{ {139, 53, 25}, 0, {-16, -16}, {91, 168, 3, 255} }},
	{{ {146, 59, -8}, 0, {-16, -16}, {89, 166, 245, 255} }},
	{{ {89, 18, -34}, 0, {-16, -16}, {112, 37, 209, 255} }},
	{{ {162, 14, -11}, 0, {-16, -16}, {11, 125, 19, 255} }},
};

Gfx mario_004_switch_option_hand_peace_right_mesh_layer_1_tri_0[] = {
	gsSPVertex(mario_004_switch_option_hand_peace_right_mesh_layer_1_vtx_0 + 0, 16, 0),
	gsSP1Triangle(0, 1, 2, 0),
	gsSP1Triangle(0, 3, 1, 0),
	gsSP1Triangle(4, 3, 0, 0),
	gsSP1Triangle(0, 5, 4, 0),
	gsSP1Triangle(0, 6, 5, 0),
	gsSP1Triangle(7, 6, 0, 0),
	gsSP1Triangle(7, 8, 6, 0),
	gsSP1Triangle(5, 6, 9, 0),
	gsSP1Triangle(6, 10, 9, 0),
	gsSP1Triangle(10, 11, 9, 0),
	gsSP1Triangle(10, 12, 11, 0),
	gsSP1Triangle(13, 12, 10, 0),
	gsSP1Triangle(10, 14, 13, 0),
	gsSP1Triangle(14, 10, 15, 0),
	gsSPVertex(mario_004_switch_option_hand_peace_right_mesh_layer_1_vtx_0 + 16, 16, 0),
	gsSP1Triangle(0, 1, 2, 0),
	gsSP1Triangle(3, 4, 5, 0),
	gsSP1Triangle(4, 3, 6, 0),
	gsSP1Triangle(3, 7, 6, 0),
	gsSP1Triangle(7, 8, 6, 0),
	gsSP1Triangle(8, 7, 9, 0),
	gsSP1Triangle(9, 10, 8, 0),
	gsSP1Triangle(6, 8, 11, 0),
	gsSP1Triangle(11, 8, 12, 0),
	gsSP1Triangle(12, 8, 13, 0),
	gsSP1Triangle(13, 8, 14, 0),
	gsSP1Triangle(8, 15, 14, 0),
	gsSPVertex(mario_004_switch_option_hand_peace_right_mesh_layer_1_vtx_0 + 32, 16, 0),
	gsSP1Triangle(0, 1, 2, 0),
	gsSP1Triangle(0, 2, 3, 0),
	gsSP1Triangle(3, 2, 4, 0),
	gsSP1Triangle(4, 5, 3, 0),
	gsSP1Triangle(6, 5, 4, 0),
	gsSP1Triangle(6, 4, 7, 0),
	gsSP1Triangle(8, 9, 10, 0),
	gsSP1Triangle(8, 11, 9, 0),
	gsSP1Triangle(12, 11, 8, 0),
	gsSP1Triangle(12, 13, 11, 0),
	gsSP1Triangle(14, 11, 13, 0),
	gsSP1Triangle(15, 14, 13, 0),
	gsSPVertex(mario_004_switch_option_hand_peace_right_mesh_layer_1_vtx_0 + 48, 16, 0),
	gsSP1Triangle(0, 1, 2, 0),
	gsSP1Triangle(1, 3, 2, 0),
	gsSP1Triangle(1, 4, 3, 0),
	gsSP1Triangle(5, 3, 4, 0),
	gsSP1Triangle(3, 5, 6, 0),
	gsSP1Triangle(2, 3, 7, 0),
	gsSP1Triangle(8, 7, 3, 0),
	gsSP1Triangle(3, 9, 8, 0),
	gsSP1Triangle(10, 2, 7, 0),
	gsSP1Triangle(2, 10, 11, 0),
	gsSP1Triangle(11, 12, 2, 0),
	gsSP1Triangle(13, 14, 15, 0),
	gsSPVertex(mario_004_switch_option_hand_peace_right_mesh_layer_1_vtx_0 + 64, 14, 0),
	gsSP1Triangle(0, 1, 2, 0),
	gsSP1Triangle(3, 2, 1, 0),
	gsSP1Triangle(3, 1, 4, 0),
	gsSP1Triangle(5, 6, 7, 0),
	gsSP1Triangle(6, 5, 8, 0),
	gsSP1Triangle(8, 9, 6, 0),
	gsSP1Triangle(10, 11, 12, 0),
	gsSP1Triangle(12, 13, 10, 0),
	gsSPVertex(mario_004_switch_option_hand_peace_right_mesh_layer_1_vtx_0 + 78, 16, 0),
	gsSP1Triangle(0, 1, 2, 0),
	gsSP1Triangle(3, 1, 0, 0),
	gsSP1Triangle(3, 0, 4, 0),
	gsSP1Triangle(4, 0, 5, 0),
	gsSP1Triangle(6, 5, 0, 0),
	gsSP1Triangle(2, 6, 0, 0),
	gsSP1Triangle(7, 6, 2, 0),
	gsSP1Triangle(8, 6, 7, 0),
	gsSP1Triangle(8, 5, 6, 0),
	gsSP1Triangle(4, 5, 8, 0),
	gsSP1Triangle(9, 10, 11, 0),
	gsSP1Triangle(12, 10, 9, 0),
	gsSP1Triangle(12, 9, 13, 0),
	gsSP1Triangle(13, 9, 14, 0),
	gsSP1Triangle(15, 14, 9, 0),
	gsSP1Triangle(9, 11, 15, 0),
	gsSPEndDisplayList(),
};

Vtx mario_005_switch_option_hand_cap_right_mesh_layer_1_vtx_0[11] = {
	{{ {114, -92, -11}, 0, {-16, -16}, {208, 185, 162, 255} }},
	{{ {106, -124, 90}, 0, {-16, -16}, {152, 187, 23, 255} }},
	{{ {70, -52, 35}, 0, {-16, -16}, {198, 219, 149, 255} }},
	{{ {78, 11, 40}, 0, {-16, -16}, {210, 64, 157, 255} }},
	{{ {129, 65, 103}, 0, {-16, -16}, {164, 77, 41, 255} }},
	{{ {131, 47, -1}, 0, {-16, -16}, {228, 92, 174, 255} }},
	{{ {131, 47, -1}, 0, {1088, 212}, {228, 92, 174, 255} }},
	{{ {107, -19, -33}, 0, {458, 16}, {206, 14, 140, 255} }},
	{{ {78, 11, 40}, 0, {756, 802}, {210, 64, 157, 255} }},
	{{ {70, -52, 35}, 0, {180, 784}, {198, 219, 149, 255} }},
	{{ {114, -92, -11}, 0, {-164, 172}, {208, 185, 162, 255} }},
};

Gfx mario_005_switch_option_hand_cap_right_mesh_layer_1_tri_0[] = {
	gsSPVertex(mario_005_switch_option_hand_cap_right_mesh_layer_1_vtx_0 + 0, 11, 0),
	gsSP1Triangle(0, 1, 2, 0),
	gsSP1Triangle(3, 4, 5, 0),
	gsSP1Triangle(6, 7, 8, 0),
	gsSP1Triangle(7, 9, 8, 0),
	gsSP1Triangle(7, 10, 9, 0),
	gsSPEndDisplayList(),
};

Vtx mario_005_switch_option_hand_cap_right_mesh_layer_1_vtx_1[39] = {
	{{ {192, 11, -2}, 0, {180, 539}, {83, 34, 166, 255} }},
	{{ {107, -19, -33}, 0, {59, 303}, {206, 14, 140, 255} }},
	{{ {131, 47, -1}, 0, {-16, 555}, {228, 92, 174, 255} }},
	{{ {182, -72, -8}, 0, {300, 414}, {74, 217, 160, 255} }},
	{{ {246, 29, 128}, 0, {343, 763}, {113, 41, 214, 255} }},
	{{ {183, 100, 86}, 0, {146, 791}, {20, 123, 233, 255} }},
	{{ {129, 65, 103}, 0, {2, 881}, {164, 77, 41, 255} }},
	{{ {160, 65, 148}, 0, {154, 984}, {176, 67, 72, 255} }},
	{{ {211, 81, 156}, 0, {268, 886}, {38, 113, 44, 255} }},
	{{ {192, 42, 190}, 0, {346, 1008}, {196, 54, 98, 255} }},
	{{ {228, 1, 228}, 0, {555, 996}, {252, 33, 122, 255} }},
	{{ {285, -6, 196}, 0, {484, 816}, {118, 27, 38, 255} }},
	{{ {273, -105, 188}, 0, {605, 708}, {109, 197, 30, 255} }},
	{{ {216, -104, 220}, 0, {773, 740}, {244, 207, 116, 255} }},
	{{ {181, -167, 138}, 0, {650, 479}, {8, 132, 27, 255} }},
	{{ {171, -129, 178}, 0, {773, 544}, {182, 205, 90, 255} }},
	{{ {137, -137, 134}, 0, {737, 366}, {163, 199, 65, 255} }},
	{{ {181, -167, 138}, 0, {650, 479}, {8, 132, 27, 255} }},
	{{ {171, -129, 178}, 0, {773, 544}, {182, 205, 90, 255} }},
	{{ {151, -168, 67}, 0, {548, 368}, {247, 136, 216, 255} }},
	{{ {106, -124, 90}, 0, {629, 220}, {152, 187, 23, 255} }},
	{{ {114, -92, -11}, 0, {305, 218}, {208, 185, 162, 255} }},
	{{ {182, -72, -8}, 0, {300, 414}, {74, 217, 160, 255} }},
	{{ {107, -19, -33}, 0, {59, 303}, {206, 14, 140, 255} }},
	{{ {228, -121, 117}, 0, {533, 564}, {101, 196, 207, 255} }},
	{{ {273, -105, 188}, 0, {605, 708}, {109, 197, 30, 255} }},
	{{ {285, -6, 196}, 0, {484, 816}, {118, 27, 38, 255} }},
	{{ {246, 29, 128}, 0, {343, 763}, {113, 41, 214, 255} }},
	{{ {211, 81, 156}, 0, {268, 886}, {38, 113, 44, 255} }},
	{{ {183, 100, 86}, 0, {146, 791}, {20, 123, 233, 255} }},
	{{ {29, -82, 43}, 0, {885, 570}, {156, 179, 241, 255} }},
	{{ {70, -52, 35}, 0, {1008, 582}, {198, 219, 149, 255} }},
	{{ {106, -124, 90}, 0, {864, 347}, {152, 187, 23, 255} }},
	{{ {18, -13, 33}, 0, {889, 678}, {135, 18, 220, 255} }},
	{{ {65, -53, 55}, 0, {774, 584}, {187, 8, 106, 255} }},
	{{ {73, 11, 60}, 0, {773, 772}, {188, 250, 107, 255} }},
	{{ {45, 49, 53}, 0, {884, 787}, {177, 100, 254, 255} }},
	{{ {129, 65, 103}, 0, {862, 1008}, {164, 77, 41, 255} }},
	{{ {78, 11, 40}, 0, {1008, 775}, {210, 64, 157, 255} }},
};

Gfx mario_005_switch_option_hand_cap_right_mesh_layer_1_tri_1[] = {
	gsSPVertex(mario_005_switch_option_hand_cap_right_mesh_layer_1_vtx_1 + 0, 16, 0),
	gsSP1Triangle(0, 1, 2, 0),
	gsSP1Triangle(3, 1, 0, 0),
	gsSP1Triangle(3, 0, 4, 0),
	gsSP1Triangle(0, 5, 4, 0),
	gsSP1Triangle(2, 5, 0, 0),
	gsSP1Triangle(5, 2, 6, 0),
	gsSP1Triangle(5, 6, 7, 0),
	gsSP1Triangle(7, 8, 5, 0),
	gsSP1Triangle(9, 8, 7, 0),
	gsSP1Triangle(10, 8, 9, 0),
	gsSP1Triangle(10, 11, 8, 0),
	gsSP1Triangle(12, 11, 10, 0),
	gsSP1Triangle(13, 12, 10, 0),
	gsSP1Triangle(14, 12, 13, 0),
	gsSP1Triangle(15, 14, 13, 0),
	gsSPVertex(mario_005_switch_option_hand_cap_right_mesh_layer_1_vtx_1 + 16, 14, 0),
	gsSP1Triangle(0, 1, 2, 0),
	gsSP1Triangle(3, 1, 0, 0),
	gsSP1Triangle(4, 3, 0, 0),
	gsSP1Triangle(4, 5, 3, 0),
	gsSP1Triangle(6, 3, 5, 0),
	gsSP1Triangle(5, 7, 6, 0),
	gsSP1Triangle(8, 3, 6, 0),
	gsSP1Triangle(3, 8, 1, 0),
	gsSP1Triangle(8, 9, 1, 0),
	gsSP1Triangle(10, 9, 8, 0),
	gsSP1Triangle(8, 11, 10, 0),
	gsSP1Triangle(8, 6, 11, 0),
	gsSP1Triangle(12, 10, 11, 0),
	gsSP1Triangle(12, 11, 13, 0),
	gsSPVertex(mario_005_switch_option_hand_cap_right_mesh_layer_1_vtx_1 + 30, 9, 0),
	gsSP1Triangle(0, 1, 2, 0),
	gsSP1Triangle(0, 3, 1, 0),
	gsSP1Triangle(4, 3, 0, 0),
	gsSP1Triangle(4, 0, 2, 0),
	gsSP1Triangle(4, 5, 3, 0),
	gsSP1Triangle(6, 3, 5, 0),
	gsSP1Triangle(7, 6, 5, 0),
	gsSP1Triangle(8, 6, 7, 0),
	gsSP1Triangle(8, 3, 6, 0),
	gsSP1Triangle(1, 3, 8, 0),
	gsSPEndDisplayList(),
};

Vtx mario_005_switch_option_hand_cap_right_mesh_layer_1_vtx_2[10] = {
	{{ {65, -53, 55}, 0, {-16, -16}, {187, 8, 106, 255} }},
	{{ {106, -124, 90}, 0, {-16, -16}, {152, 187, 23, 255} }},
	{{ {137, -137, 134}, 0, {-16, -16}, {163, 199, 65, 255} }},
	{{ {73, 11, 60}, 0, {-16, -16}, {188, 250, 107, 255} }},
	{{ {129, 65, 103}, 0, {-16, -16}, {164, 77, 41, 255} }},
	{{ {160, 65, 148}, 0, {-16, -16}, {176, 67, 72, 255} }},
	{{ {192, 42, 190}, 0, {-16, -16}, {196, 54, 98, 255} }},
	{{ {171, -129, 178}, 0, {-16, -16}, {182, 205, 90, 255} }},
	{{ {216, -104, 220}, 0, {-16, -16}, {244, 207, 116, 255} }},
	{{ {228, 1, 228}, 0, {-16, -16}, {252, 33, 122, 255} }},
};

Gfx mario_005_switch_option_hand_cap_right_mesh_layer_1_tri_2[] = {
	gsSPVertex(mario_005_switch_option_hand_cap_right_mesh_layer_1_vtx_2 + 0, 10, 0),
	gsSP1Triangle(0, 1, 2, 0),
	gsSP1Triangle(3, 0, 2, 0),
	gsSP1Triangle(4, 3, 2, 0),
	gsSP1Triangle(5, 4, 2, 0),
	gsSP1Triangle(6, 5, 2, 0),
	gsSP1Triangle(6, 2, 7, 0),
	gsSP1Triangle(6, 7, 8, 0),
	gsSP1Triangle(8, 9, 6, 0),
	gsSPEndDisplayList(),
};

Vtx mario_005_switch_option_hand_cap_right_mesh_layer_1_vtx_3[46] = {
	{{ {1, 24, 35}, 0, {-16, -16}, {248, 63, 110, 255} }},
	{{ {29, 7, 48}, 0, {-16, -16}, {192, 249, 110, 255} }},
	{{ {29, 62, 34}, 0, {-16, -16}, {206, 89, 75, 255} }},
	{{ {23, -25, 35}, 0, {-16, -16}, {16, 192, 109, 255} }},
	{{ {-13, 26, 41}, 0, {-16, -16}, {199, 53, 101, 255} }},
	{{ {-2, 41, 0}, 0, {-16, -16}, {221, 115, 215, 255} }},
	{{ {11, 60, -3}, 0, {-16, -16}, {178, 89, 210, 255} }},
	{{ {58, 81, 0}, 0, {-16, -16}, {24, 121, 227, 255} }},
	{{ {54, 54, 44}, 0, {-16, -16}, {21, 81, 96, 255} }},
	{{ {56, 11, 65}, 0, {-16, -16}, {241, 19, 125, 255} }},
	{{ {75, -32, 65}, 0, {-16, -16}, {25, 178, 97, 255} }},
	{{ {55, -43, -3}, 0, {-16, -16}, {7, 140, 205, 255} }},
	{{ {31, -39, 0}, 0, {-16, -16}, {61, 152, 215, 255} }},
	{{ {13, -37, 41}, 0, {-16, -16}, {251, 177, 99, 255} }},
	{{ {-15, -12, 7}, 0, {-16, -16}, {139, 207, 248, 255} }},
	{{ {-19, 47, -4}, 0, {-16, -16}, {189, 101, 217, 255} }},
	{{ {4, -3, -32}, 0, {-16, -16}, {237, 249, 131, 255} }},
	{{ {-19, 47, -4}, 0, {-16, -16}, {189, 101, 217, 255} }},
	{{ {-2, 41, 0}, 0, {-16, -16}, {221, 115, 215, 255} }},
	{{ {16, 1, -22}, 0, {-16, -16}, {4, 255, 129, 255} }},
	{{ {35, 9, -36}, 0, {-16, -16}, {230, 245, 132, 255} }},
	{{ {11, 60, -3}, 0, {-16, -16}, {178, 89, 210, 255} }},
	{{ {58, 81, 0}, 0, {-16, -16}, {24, 121, 227, 255} }},
	{{ {85, 30, -32}, 0, {-16, -16}, {69, 28, 153, 255} }},
	{{ {96, 39, 24}, 0, {-16, -16}, {108, 61, 28, 255} }},
	{{ {54, 54, 44}, 0, {-16, -16}, {21, 81, 96, 255} }},
	{{ {85, 15, 52}, 0, {-16, -16}, {68, 45, 98, 255} }},
	{{ {56, 11, 65}, 0, {-16, -16}, {241, 19, 125, 255} }},
	{{ {95, -8, 52}, 0, {-16, -16}, {103, 249, 74, 255} }},
	{{ {75, -32, 65}, 0, {-16, -16}, {25, 178, 97, 255} }},
	{{ {103, -25, 1}, 0, {-16, -16}, {101, 191, 214, 255} }},
	{{ {55, -43, -3}, 0, {-16, -16}, {7, 140, 205, 255} }},
	{{ {35, 9, -36}, 0, {-16, -16}, {230, 245, 132, 255} }},
	{{ {55, -43, -3}, 0, {-16, -16}, {7, 140, 205, 255} }},
	{{ {31, -39, 0}, 0, {-16, -16}, {61, 152, 215, 255} }},
	{{ {16, 1, -22}, 0, {-16, -16}, {4, 255, 129, 255} }},
	{{ {4, -3, -32}, 0, {-16, -16}, {237, 249, 131, 255} }},
	{{ {24, -55, -4}, 0, {-16, -16}, {27, 139, 216, 255} }},
	{{ {13, -37, 41}, 0, {-16, -16}, {251, 177, 99, 255} }},
	{{ {-15, -12, 7}, 0, {-16, -16}, {139, 207, 248, 255} }},
	{{ {-19, 47, -4}, 0, {-16, -16}, {189, 101, 217, 255} }},
	{{ {85, 30, -32}, 0, {-16, -16}, {69, 28, 153, 255} }},
	{{ {103, -25, 1}, 0, {-16, -16}, {101, 191, 214, 255} }},
	{{ {96, 39, 24}, 0, {-16, -16}, {108, 61, 28, 255} }},
	{{ {95, -8, 52}, 0, {-16, -16}, {103, 249, 74, 255} }},
	{{ {85, 15, 52}, 0, {-16, -16}, {68, 45, 98, 255} }},
};

Gfx mario_005_switch_option_hand_cap_right_mesh_layer_1_tri_3[] = {
	gsSPVertex(mario_005_switch_option_hand_cap_right_mesh_layer_1_vtx_3 + 0, 16, 0),
	gsSP1Triangle(0, 1, 2, 0),
	gsSP1Triangle(1, 0, 3, 0),
	gsSP1Triangle(3, 0, 4, 0),
	gsSP1Triangle(4, 0, 5, 0),
	gsSP1Triangle(6, 5, 0, 0),
	gsSP1Triangle(2, 6, 0, 0),
	gsSP1Triangle(7, 6, 2, 0),
	gsSP1Triangle(2, 8, 7, 0),
	gsSP1Triangle(8, 2, 9, 0),
	gsSP1Triangle(2, 1, 9, 0),
	gsSP1Triangle(10, 9, 1, 0),
	gsSP1Triangle(10, 1, 3, 0),
	gsSP1Triangle(11, 10, 3, 0),
	gsSP1Triangle(3, 12, 11, 0),
	gsSP1Triangle(12, 3, 13, 0),
	gsSP1Triangle(4, 13, 3, 0),
	gsSP1Triangle(4, 14, 13, 0),
	gsSP1Triangle(15, 14, 4, 0),
	gsSP1Triangle(5, 15, 4, 0),
	gsSPVertex(mario_005_switch_option_hand_cap_right_mesh_layer_1_vtx_3 + 16, 16, 0),
	gsSP1Triangle(0, 1, 2, 0),
	gsSP1Triangle(2, 3, 0, 0),
	gsSP1Triangle(4, 3, 2, 0),
	gsSP1Triangle(5, 4, 2, 0),
	gsSP1Triangle(5, 6, 4, 0),
	gsSP1Triangle(6, 7, 4, 0),
	gsSP1Triangle(6, 8, 7, 0),
	gsSP1Triangle(9, 8, 6, 0),
	gsSP1Triangle(8, 9, 10, 0),
	gsSP1Triangle(10, 9, 11, 0),
	gsSP1Triangle(12, 10, 11, 0),
	gsSP1Triangle(13, 12, 11, 0),
	gsSP1Triangle(14, 12, 13, 0),
	gsSP1Triangle(15, 14, 13, 0),
	gsSP1Triangle(4, 14, 15, 0),
	gsSPVertex(mario_005_switch_option_hand_cap_right_mesh_layer_1_vtx_3 + 32, 14, 0),
	gsSP1Triangle(0, 1, 2, 0),
	gsSP1Triangle(2, 3, 0, 0),
	gsSP1Triangle(4, 3, 2, 0),
	gsSP1Triangle(2, 5, 4, 0),
	gsSP1Triangle(6, 5, 2, 0),
	gsSP1Triangle(6, 7, 5, 0),
	gsSP1Triangle(5, 7, 4, 0),
	gsSP1Triangle(4, 7, 8, 0),
	gsSP1Triangle(0, 9, 10, 0),
	gsSP1Triangle(9, 11, 10, 0),
	gsSP1Triangle(10, 11, 12, 0),
	gsSP1Triangle(12, 11, 13, 0),
	gsSPEndDisplayList(),
};

Vtx mario_006_switch_option_hand_wing_cap_right_mesh_layer_1_vtx_0[11] = {
	{{ {131, 47, -1}, 0, {1088, 212}, {228, 92, 174, 255} }},
	{{ {107, -19, -33}, 0, {458, 16}, {206, 14, 140, 255} }},
	{{ {78, 11, 40}, 0, {756, 802}, {210, 64, 157, 255} }},
	{{ {70, -52, 35}, 0, {180, 784}, {198, 219, 149, 255} }},
	{{ {114, -92, -11}, 0, {-164, 172}, {208, 185, 162, 255} }},
	{{ {114, -92, -11}, 0, {-16, -16}, {208, 185, 162, 255} }},
	{{ {106, -124, 90}, 0, {-16, -16}, {152, 187, 23, 255} }},
	{{ {70, -52, 35}, 0, {-16, -16}, {198, 219, 149, 255} }},
	{{ {78, 11, 40}, 0, {-16, -16}, {210, 64, 157, 255} }},
	{{ {129, 65, 103}, 0, {-16, -16}, {164, 77, 41, 255} }},
	{{ {131, 47, -1}, 0, {-16, -16}, {228, 92, 174, 255} }},
};

Gfx mario_006_switch_option_hand_wing_cap_right_mesh_layer_1_tri_0[] = {
	gsSPVertex(mario_006_switch_option_hand_wing_cap_right_mesh_layer_1_vtx_0 + 0, 11, 0),
	gsSP1Triangle(0, 1, 2, 0),
	gsSP1Triangle(1, 3, 2, 0),
	gsSP1Triangle(1, 4, 3, 0),
	gsSP1Triangle(5, 6, 7, 0),
	gsSP1Triangle(8, 9, 10, 0),
	gsSPEndDisplayList(),
};

Vtx mario_006_switch_option_hand_wing_cap_right_mesh_layer_1_vtx_1[41] = {
	{{ {192, 11, -2}, 0, {-16, -16}, {83, 34, 166, 255} }},
	{{ {107, -19, -33}, 0, {-16, -16}, {206, 14, 140, 255} }},
	{{ {131, 47, -1}, 0, {-16, -16}, {228, 92, 174, 255} }},
	{{ {182, -72, -8}, 0, {-16, -16}, {74, 217, 160, 255} }},
	{{ {246, 29, 128}, 0, {-16, -16}, {113, 41, 214, 255} }},
	{{ {183, 100, 86}, 0, {-16, -16}, {20, 123, 233, 255} }},
	{{ {129, 65, 103}, 0, {-16, -16}, {164, 77, 41, 255} }},
	{{ {160, 65, 148}, 0, {-16, -16}, {176, 67, 72, 255} }},
	{{ {211, 81, 156}, 0, {-16, -16}, {38, 113, 44, 255} }},
	{{ {192, 42, 190}, 0, {-16, -16}, {196, 54, 98, 255} }},
	{{ {228, 1, 228}, 0, {-16, -16}, {252, 33, 122, 255} }},
	{{ {285, -6, 196}, 0, {-16, -16}, {118, 27, 38, 255} }},
	{{ {273, -105, 188}, 0, {-16, -16}, {109, 197, 30, 255} }},
	{{ {216, -104, 220}, 0, {-16, -16}, {244, 207, 116, 255} }},
	{{ {181, -167, 138}, 0, {-16, -16}, {8, 132, 27, 255} }},
	{{ {171, -129, 178}, 0, {-16, -16}, {182, 205, 90, 255} }},
	{{ {137, -137, 134}, 0, {-16, -16}, {163, 199, 65, 255} }},
	{{ {181, -167, 138}, 0, {-16, -16}, {8, 132, 27, 255} }},
	{{ {171, -129, 178}, 0, {-16, -16}, {182, 205, 90, 255} }},
	{{ {151, -168, 67}, 0, {-16, -16}, {247, 136, 216, 255} }},
	{{ {106, -124, 90}, 0, {-16, -16}, {152, 187, 23, 255} }},
	{{ {114, -92, -11}, 0, {-16, -16}, {208, 185, 162, 255} }},
	{{ {182, -72, -8}, 0, {-16, -16}, {74, 217, 160, 255} }},
	{{ {107, -19, -33}, 0, {-16, -16}, {206, 14, 140, 255} }},
	{{ {228, -121, 117}, 0, {-16, -16}, {101, 196, 207, 255} }},
	{{ {273, -105, 188}, 0, {-16, -16}, {109, 197, 30, 255} }},
	{{ {285, -6, 196}, 0, {-16, -16}, {118, 27, 38, 255} }},
	{{ {246, 29, 128}, 0, {-16, -16}, {113, 41, 214, 255} }},
	{{ {211, 81, 156}, 0, {-16, -16}, {38, 113, 44, 255} }},
	{{ {183, 100, 86}, 0, {-16, -16}, {20, 123, 233, 255} }},
	{{ {29, -82, 43}, 0, {-16, -16}, {156, 179, 241, 255} }},
	{{ {70, -52, 35}, 0, {-16, -16}, {198, 219, 149, 255} }},
	{{ {29, -82, 43}, 0, {-16, -16}, {156, 179, 241, 255} }},
	{{ {18, -13, 33}, 0, {-16, -16}, {135, 18, 220, 255} }},
	{{ {70, -52, 35}, 0, {-16, -16}, {198, 219, 149, 255} }},
	{{ {65, -53, 55}, 0, {-16, -16}, {187, 8, 106, 255} }},
	{{ {106, -124, 90}, 0, {-16, -16}, {152, 187, 23, 255} }},
	{{ {73, 11, 60}, 0, {-16, -16}, {188, 250, 107, 255} }},
	{{ {45, 49, 53}, 0, {-16, -16}, {177, 100, 254, 255} }},
	{{ {129, 65, 103}, 0, {-16, -16}, {164, 77, 41, 255} }},
	{{ {78, 11, 40}, 0, {-16, -16}, {210, 64, 157, 255} }},
};

Gfx mario_006_switch_option_hand_wing_cap_right_mesh_layer_1_tri_1[] = {
	gsSPVertex(mario_006_switch_option_hand_wing_cap_right_mesh_layer_1_vtx_1 + 0, 16, 0),
	gsSP1Triangle(0, 1, 2, 0),
	gsSP1Triangle(3, 1, 0, 0),
	gsSP1Triangle(3, 0, 4, 0),
	gsSP1Triangle(0, 5, 4, 0),
	gsSP1Triangle(2, 5, 0, 0),
	gsSP1Triangle(5, 2, 6, 0),
	gsSP1Triangle(5, 6, 7, 0),
	gsSP1Triangle(7, 8, 5, 0),
	gsSP1Triangle(9, 8, 7, 0),
	gsSP1Triangle(10, 8, 9, 0),
	gsSP1Triangle(10, 11, 8, 0),
	gsSP1Triangle(12, 11, 10, 0),
	gsSP1Triangle(13, 12, 10, 0),
	gsSP1Triangle(14, 12, 13, 0),
	gsSP1Triangle(15, 14, 13, 0),
	gsSPVertex(mario_006_switch_option_hand_wing_cap_right_mesh_layer_1_vtx_1 + 16, 16, 0),
	gsSP1Triangle(0, 1, 2, 0),
	gsSP1Triangle(3, 1, 0, 0),
	gsSP1Triangle(4, 3, 0, 0),
	gsSP1Triangle(4, 5, 3, 0),
	gsSP1Triangle(6, 3, 5, 0),
	gsSP1Triangle(5, 7, 6, 0),
	gsSP1Triangle(8, 3, 6, 0),
	gsSP1Triangle(3, 8, 1, 0),
	gsSP1Triangle(8, 9, 1, 0),
	gsSP1Triangle(10, 9, 8, 0),
	gsSP1Triangle(8, 11, 10, 0),
	gsSP1Triangle(8, 6, 11, 0),
	gsSP1Triangle(12, 10, 11, 0),
	gsSP1Triangle(12, 11, 13, 0),
	gsSP1Triangle(14, 15, 4, 0),
	gsSPVertex(mario_006_switch_option_hand_wing_cap_right_mesh_layer_1_vtx_1 + 32, 9, 0),
	gsSP1Triangle(0, 1, 2, 0),
	gsSP1Triangle(3, 1, 0, 0),
	gsSP1Triangle(3, 0, 4, 0),
	gsSP1Triangle(3, 5, 1, 0),
	gsSP1Triangle(6, 1, 5, 0),
	gsSP1Triangle(7, 6, 5, 0),
	gsSP1Triangle(8, 6, 7, 0),
	gsSP1Triangle(8, 1, 6, 0),
	gsSP1Triangle(2, 1, 8, 0),
	gsSPEndDisplayList(),
};

Vtx mario_006_switch_option_hand_wing_cap_right_mesh_layer_1_vtx_2[10] = {
	{{ {65, -53, 55}, 0, {-16, -16}, {187, 8, 106, 255} }},
	{{ {106, -124, 90}, 0, {-16, -16}, {152, 187, 23, 255} }},
	{{ {137, -137, 134}, 0, {-16, -16}, {163, 199, 65, 255} }},
	{{ {73, 11, 60}, 0, {-16, -16}, {188, 250, 107, 255} }},
	{{ {129, 65, 103}, 0, {-16, -16}, {164, 77, 41, 255} }},
	{{ {160, 65, 148}, 0, {-16, -16}, {176, 67, 72, 255} }},
	{{ {192, 42, 190}, 0, {-16, -16}, {196, 54, 98, 255} }},
	{{ {171, -129, 178}, 0, {-16, -16}, {182, 205, 90, 255} }},
	{{ {216, -104, 220}, 0, {-16, -16}, {244, 207, 116, 255} }},
	{{ {228, 1, 228}, 0, {-16, -16}, {252, 33, 122, 255} }},
};

Gfx mario_006_switch_option_hand_wing_cap_right_mesh_layer_1_tri_2[] = {
	gsSPVertex(mario_006_switch_option_hand_wing_cap_right_mesh_layer_1_vtx_2 + 0, 10, 0),
	gsSP1Triangle(0, 1, 2, 0),
	gsSP1Triangle(3, 0, 2, 0),
	gsSP1Triangle(4, 3, 2, 0),
	gsSP1Triangle(5, 4, 2, 0),
	gsSP1Triangle(6, 5, 2, 0),
	gsSP1Triangle(6, 2, 7, 0),
	gsSP1Triangle(6, 7, 8, 0),
	gsSP1Triangle(8, 9, 6, 0),
	gsSPEndDisplayList(),
};

Vtx mario_006_switch_option_hand_wing_cap_right_mesh_layer_1_vtx_3[46] = {
	{{ {1, 24, 35}, 0, {-16, -16}, {248, 63, 110, 255} }},
	{{ {29, 7, 48}, 0, {-16, -16}, {192, 249, 110, 255} }},
	{{ {29, 62, 34}, 0, {-16, -16}, {206, 89, 75, 255} }},
	{{ {23, -25, 35}, 0, {-16, -16}, {16, 192, 109, 255} }},
	{{ {-13, 26, 41}, 0, {-16, -16}, {199, 53, 101, 255} }},
	{{ {-2, 41, 0}, 0, {-16, -16}, {221, 115, 215, 255} }},
	{{ {11, 60, -3}, 0, {-16, -16}, {178, 89, 210, 255} }},
	{{ {58, 81, 0}, 0, {-16, -16}, {24, 121, 227, 255} }},
	{{ {54, 54, 44}, 0, {-16, -16}, {21, 81, 96, 255} }},
	{{ {56, 11, 65}, 0, {-16, -16}, {241, 19, 125, 255} }},
	{{ {75, -32, 65}, 0, {-16, -16}, {25, 178, 97, 255} }},
	{{ {55, -43, -3}, 0, {-16, -16}, {7, 140, 205, 255} }},
	{{ {31, -39, 0}, 0, {-16, -16}, {61, 152, 215, 255} }},
	{{ {13, -37, 41}, 0, {-16, -16}, {251, 177, 99, 255} }},
	{{ {-15, -12, 7}, 0, {-16, -16}, {139, 207, 248, 255} }},
	{{ {-19, 47, -4}, 0, {-16, -16}, {189, 101, 217, 255} }},
	{{ {4, -3, -32}, 0, {-16, -16}, {237, 249, 131, 255} }},
	{{ {-19, 47, -4}, 0, {-16, -16}, {189, 101, 217, 255} }},
	{{ {-2, 41, 0}, 0, {-16, -16}, {221, 115, 215, 255} }},
	{{ {16, 1, -22}, 0, {-16, -16}, {4, 255, 129, 255} }},
	{{ {35, 9, -36}, 0, {-16, -16}, {230, 245, 132, 255} }},
	{{ {11, 60, -3}, 0, {-16, -16}, {178, 89, 210, 255} }},
	{{ {58, 81, 0}, 0, {-16, -16}, {24, 121, 227, 255} }},
	{{ {85, 30, -32}, 0, {-16, -16}, {69, 28, 153, 255} }},
	{{ {96, 39, 24}, 0, {-16, -16}, {108, 61, 28, 255} }},
	{{ {54, 54, 44}, 0, {-16, -16}, {21, 81, 96, 255} }},
	{{ {85, 15, 52}, 0, {-16, -16}, {68, 45, 98, 255} }},
	{{ {56, 11, 65}, 0, {-16, -16}, {241, 19, 125, 255} }},
	{{ {95, -8, 52}, 0, {-16, -16}, {103, 249, 74, 255} }},
	{{ {75, -32, 65}, 0, {-16, -16}, {25, 178, 97, 255} }},
	{{ {103, -25, 1}, 0, {-16, -16}, {101, 191, 214, 255} }},
	{{ {55, -43, -3}, 0, {-16, -16}, {7, 140, 205, 255} }},
	{{ {35, 9, -36}, 0, {-16, -16}, {230, 245, 132, 255} }},
	{{ {55, -43, -3}, 0, {-16, -16}, {7, 140, 205, 255} }},
	{{ {31, -39, 0}, 0, {-16, -16}, {61, 152, 215, 255} }},
	{{ {16, 1, -22}, 0, {-16, -16}, {4, 255, 129, 255} }},
	{{ {4, -3, -32}, 0, {-16, -16}, {237, 249, 131, 255} }},
	{{ {24, -55, -4}, 0, {-16, -16}, {27, 139, 216, 255} }},
	{{ {13, -37, 41}, 0, {-16, -16}, {251, 177, 99, 255} }},
	{{ {-15, -12, 7}, 0, {-16, -16}, {139, 207, 248, 255} }},
	{{ {-19, 47, -4}, 0, {-16, -16}, {189, 101, 217, 255} }},
	{{ {85, 30, -32}, 0, {-16, -16}, {69, 28, 153, 255} }},
	{{ {103, -25, 1}, 0, {-16, -16}, {101, 191, 214, 255} }},
	{{ {96, 39, 24}, 0, {-16, -16}, {108, 61, 28, 255} }},
	{{ {95, -8, 52}, 0, {-16, -16}, {103, 249, 74, 255} }},
	{{ {85, 15, 52}, 0, {-16, -16}, {68, 45, 98, 255} }},
};

Gfx mario_006_switch_option_hand_wing_cap_right_mesh_layer_1_tri_3[] = {
	gsSPVertex(mario_006_switch_option_hand_wing_cap_right_mesh_layer_1_vtx_3 + 0, 16, 0),
	gsSP1Triangle(0, 1, 2, 0),
	gsSP1Triangle(1, 0, 3, 0),
	gsSP1Triangle(3, 0, 4, 0),
	gsSP1Triangle(4, 0, 5, 0),
	gsSP1Triangle(6, 5, 0, 0),
	gsSP1Triangle(2, 6, 0, 0),
	gsSP1Triangle(7, 6, 2, 0),
	gsSP1Triangle(2, 8, 7, 0),
	gsSP1Triangle(8, 2, 9, 0),
	gsSP1Triangle(2, 1, 9, 0),
	gsSP1Triangle(10, 9, 1, 0),
	gsSP1Triangle(10, 1, 3, 0),
	gsSP1Triangle(11, 10, 3, 0),
	gsSP1Triangle(3, 12, 11, 0),
	gsSP1Triangle(12, 3, 13, 0),
	gsSP1Triangle(4, 13, 3, 0),
	gsSP1Triangle(4, 14, 13, 0),
	gsSP1Triangle(15, 14, 4, 0),
	gsSP1Triangle(5, 15, 4, 0),
	gsSPVertex(mario_006_switch_option_hand_wing_cap_right_mesh_layer_1_vtx_3 + 16, 16, 0),
	gsSP1Triangle(0, 1, 2, 0),
	gsSP1Triangle(2, 3, 0, 0),
	gsSP1Triangle(4, 3, 2, 0),
	gsSP1Triangle(5, 4, 2, 0),
	gsSP1Triangle(5, 6, 4, 0),
	gsSP1Triangle(6, 7, 4, 0),
	gsSP1Triangle(6, 8, 7, 0),
	gsSP1Triangle(9, 8, 6, 0),
	gsSP1Triangle(8, 9, 10, 0),
	gsSP1Triangle(10, 9, 11, 0),
	gsSP1Triangle(12, 10, 11, 0),
	gsSP1Triangle(13, 12, 11, 0),
	gsSP1Triangle(14, 12, 13, 0),
	gsSP1Triangle(15, 14, 13, 0),
	gsSP1Triangle(4, 14, 15, 0),
	gsSPVertex(mario_006_switch_option_hand_wing_cap_right_mesh_layer_1_vtx_3 + 32, 14, 0),
	gsSP1Triangle(0, 1, 2, 0),
	gsSP1Triangle(2, 3, 0, 0),
	gsSP1Triangle(4, 3, 2, 0),
	gsSP1Triangle(2, 5, 4, 0),
	gsSP1Triangle(6, 5, 2, 0),
	gsSP1Triangle(6, 7, 5, 0),
	gsSP1Triangle(5, 7, 4, 0),
	gsSP1Triangle(4, 7, 8, 0),
	gsSP1Triangle(0, 9, 10, 0),
	gsSP1Triangle(9, 11, 10, 0),
	gsSP1Triangle(10, 11, 12, 0),
	gsSP1Triangle(12, 11, 13, 0),
	gsSPEndDisplayList(),
};

Vtx mario_006_switch_option_hand_wing_cap_wings_right_mesh_layer_4_vtx_0[8] = {
	{{ {178, -177, 128}, 0, {-16, 2032}, {168, 179, 207, 255} }},
	{{ {319, -248, -14}, 0, {-16, -16}, {168, 179, 207, 255} }},
	{{ {349, -325, 53}, 0, {1008, -16}, {168, 179, 207, 255} }},
	{{ {207, -253, 195}, 0, {1008, 2032}, {168, 179, 207, 255} }},
	{{ {414, 206, 82}, 0, {1008, -16}, {189, 101, 216, 255} }},
	{{ {368, 146, 7}, 0, {-16, -16}, {189, 101, 217, 255} }},
	{{ {212, 96, 143}, 0, {-16, 2032}, {189, 101, 217, 255} }},
	{{ {258, 156, 218}, 0, {1008, 2032}, {189, 101, 216, 255} }},
};

Gfx mario_006_switch_option_hand_wing_cap_wings_right_mesh_layer_4_tri_0[] = {
	gsSPVertex(mario_006_switch_option_hand_wing_cap_wings_right_mesh_layer_4_vtx_0 + 0, 8, 0),
	gsSP1Triangle(0, 1, 2, 0),
	gsSP1Triangle(3, 0, 2, 0),
	gsSP1Triangle(4, 5, 6, 0),
	gsSP1Triangle(4, 6, 7, 0),
	gsSPEndDisplayList(),
};

Vtx mario_006_switch_option_hand_wing_cap_wings_right_mesh_layer_4_vtx_1[8] = {
	{{ {368, 146, 7}, 0, {1008, -16}, {189, 101, 217, 255} }},
	{{ {166, 37, 68}, 0, {-16, 2032}, {190, 101, 217, 255} }},
	{{ {212, 96, 143}, 0, {1008, 2032}, {189, 101, 217, 255} }},
	{{ {322, 87, -67}, 0, {-16, -16}, {190, 101, 217, 255} }},
	{{ {178, -177, 128}, 0, {1008, 2032}, {168, 179, 207, 255} }},
	{{ {149, -100, 60}, 0, {-16, 2032}, {168, 179, 207, 255} }},
	{{ {319, -248, -14}, 0, {1008, -16}, {168, 179, 207, 255} }},
	{{ {290, -171, -81}, 0, {-16, -16}, {168, 179, 206, 255} }},
};

Gfx mario_006_switch_option_hand_wing_cap_wings_right_mesh_layer_4_tri_1[] = {
	gsSPVertex(mario_006_switch_option_hand_wing_cap_wings_right_mesh_layer_4_vtx_1 + 0, 8, 0),
	gsSP1Triangle(0, 1, 2, 0),
	gsSP1Triangle(0, 3, 1, 0),
	gsSP1Triangle(4, 5, 6, 0),
	gsSP1Triangle(5, 7, 6, 0),
	gsSPEndDisplayList(),
};

Vtx mario_upper_leg_L_mesh_layer_1_vtx_0[22] = {
	{{ {-5, 37, 31}, 0, {734, 1008}, {157, 62, 50, 255} }},
	{{ {-15, 0, 7}, 0, {734, 1008}, {129, 247, 254, 255} }},
	{{ {-1, -12, 47}, 0, {734, 1008}, {165, 227, 83, 255} }},
	{{ {-4, 37, -17}, 0, {734, 1008}, {160, 62, 201, 255} }},
	{{ {14, 48, -23}, 0, {734, 1008}, {226, 99, 182, 255} }},
	{{ {13, 48, 38}, 0, {734, 1008}, {224, 99, 73, 255} }},
	{{ {18, -15, 58}, 0, {734, 1008}, {235, 217, 119, 255} }},
	{{ {1, -44, 8}, 0, {734, 1008}, {170, 163, 0, 255} }},
	{{ {0, -13, -32}, 0, {734, 1008}, {168, 223, 170, 255} }},
	{{ {19, -15, -42}, 0, {734, 1008}, {238, 217, 137, 255} }},
	{{ {92, 45, -16}, 0, {734, 1008}, {59, 92, 192, 255} }},
	{{ {91, 45, 32}, 0, {734, 1008}, {58, 93, 65, 255} }},
	{{ {95, -5, 48}, 0, {734, 1008}, {67, 230, 105, 255} }},
	{{ {98, -37, 8}, 0, {734, 1008}, {74, 153, 0, 255} }},
	{{ {21, -54, 8}, 0, {734, 1008}, {243, 130, 0, 255} }},
	{{ {96, -5, -31}, 0, {734, 1008}, {68, 229, 152, 255} }},
	{{ {92, 45, -16}, 0, {734, 1008}, {59, 92, 192, 255} }},
	{{ {116, 10, 8}, 0, {734, 1008}, {127, 10, 1, 255} }},
	{{ {96, -5, -31}, 0, {734, 1008}, {68, 229, 152, 255} }},
	{{ {91, 45, 32}, 0, {734, 1008}, {58, 93, 65, 255} }},
	{{ {95, -5, 48}, 0, {734, 1008}, {67, 230, 105, 255} }},
	{{ {98, -37, 8}, 0, {734, 1008}, {74, 153, 0, 255} }},
};

Gfx mario_upper_leg_L_mesh_layer_1_tri_0[] = {
	gsSPVertex(mario_upper_leg_L_mesh_layer_1_vtx_0 + 0, 16, 0),
	gsSP1Triangle(0, 1, 2, 0),
	gsSP1Triangle(3, 1, 0, 0),
	gsSP1Triangle(4, 3, 0, 0),
	gsSP1Triangle(4, 0, 5, 0),
	gsSP1Triangle(5, 0, 6, 0),
	gsSP1Triangle(0, 2, 6, 0),
	gsSP1Triangle(6, 2, 7, 0),
	gsSP1Triangle(2, 1, 7, 0),
	gsSP1Triangle(7, 1, 8, 0),
	gsSP1Triangle(8, 1, 3, 0),
	gsSP1Triangle(9, 8, 3, 0),
	gsSP1Triangle(9, 3, 4, 0),
	gsSP1Triangle(9, 4, 10, 0),
	gsSP1Triangle(4, 5, 10, 0),
	gsSP1Triangle(5, 11, 10, 0),
	gsSP1Triangle(5, 6, 11, 0),
	gsSP1Triangle(6, 12, 11, 0),
	gsSP1Triangle(13, 12, 6, 0),
	gsSP1Triangle(6, 14, 13, 0),
	gsSP1Triangle(6, 7, 14, 0),
	gsSP1Triangle(14, 7, 9, 0),
	gsSP1Triangle(7, 8, 9, 0),
	gsSP1Triangle(14, 9, 13, 0),
	gsSP1Triangle(9, 15, 13, 0),
	gsSP1Triangle(10, 15, 9, 0),
	gsSPVertex(mario_upper_leg_L_mesh_layer_1_vtx_0 + 16, 6, 0),
	gsSP1Triangle(0, 1, 2, 0),
	gsSP1Triangle(3, 1, 0, 0),
	gsSP1Triangle(4, 1, 3, 0),
	gsSP1Triangle(5, 1, 4, 0),
	gsSP1Triangle(2, 1, 5, 0),
	gsSPEndDisplayList(),
};

Vtx mario_lower_leg_L_mesh_layer_1_vtx_0[12] = {
	{{ {8, 44, 33}, 0, {734, 1008}, {196, 92, 64, 255} }},
	{{ {65, -11, 54}, 0, {734, 1008}, {57, 219, 107, 255} }},
	{{ {68, 45, 37}, 0, {734, 1008}, {64, 87, 67, 255} }},
	{{ {6, -6, 49}, 0, {734, 1008}, {191, 227, 105, 255} }},
	{{ {-14, 8, 8}, 0, {734, 1008}, {129, 6, 254, 255} }},
	{{ {9, 44, -16}, 0, {734, 1008}, {199, 92, 190, 255} }},
	{{ {69, 45, -18}, 0, {734, 1008}, {66, 87, 191, 255} }},
	{{ {81, 3, 9}, 0, {734, 1008}, {127, 249, 1, 255} }},
	{{ {64, -46, 9}, 0, {734, 1008}, {54, 141, 0, 255} }},
	{{ {4, -37, 9}, 0, {734, 1008}, {186, 150, 0, 255} }},
	{{ {6, -6, -31}, 0, {734, 1008}, {192, 226, 151, 255} }},
	{{ {66, -11, -36}, 0, {734, 1008}, {59, 219, 149, 255} }},
};

Gfx mario_lower_leg_L_mesh_layer_1_tri_0[] = {
	gsSPVertex(mario_lower_leg_L_mesh_layer_1_vtx_0 + 0, 12, 0),
	gsSP1Triangle(0, 1, 2, 0),
	gsSP1Triangle(0, 3, 1, 0),
	gsSP1Triangle(0, 4, 3, 0),
	gsSP1Triangle(5, 4, 0, 0),
	gsSP1Triangle(6, 5, 0, 0),
	gsSP1Triangle(0, 2, 6, 0),
	gsSP1Triangle(2, 7, 6, 0),
	gsSP1Triangle(1, 7, 2, 0),
	gsSP1Triangle(8, 7, 1, 0),
	gsSP1Triangle(9, 8, 1, 0),
	gsSP1Triangle(1, 3, 9, 0),
	gsSP1Triangle(3, 4, 9, 0),
	gsSP1Triangle(9, 4, 10, 0),
	gsSP1Triangle(10, 4, 5, 0),
	gsSP1Triangle(11, 10, 5, 0),
	gsSP1Triangle(5, 6, 11, 0),
	gsSP1Triangle(6, 7, 11, 0),
	gsSP1Triangle(11, 7, 8, 0),
	gsSP1Triangle(9, 11, 8, 0),
	gsSP1Triangle(9, 10, 11, 0),
	gsSPEndDisplayList(),
};

Vtx mario_foot_L_mesh_layer_1_vtx_0[29] = {
	{{ {-11, 54, 53}, 0, {-16, -16}, {45, 119, 254, 255} }},
	{{ {-39, 64, -8}, 0, {-16, -16}, {46, 118, 254, 255} }},
	{{ {-41, 65, 26}, 0, {-16, -16}, {44, 119, 255, 255} }},
	{{ {-12, 53, -32}, 0, {-16, -16}, {45, 119, 254, 255} }},
	{{ {78, 21, 61}, 0, {-16, -16}, {44, 119, 254, 255} }},
	{{ {76, 20, -41}, 0, {-16, -16}, {44, 119, 254, 255} }},
	{{ {110, 9, 35}, 0, {-16, -16}, {43, 119, 254, 255} }},
	{{ {110, 8, -20}, 0, {-16, -16}, {43, 119, 254, 255} }},
	{{ {-34, 12, 44}, 0, {-16, -16}, {179, 207, 88, 255} }},
	{{ {-11, 54, 53}, 0, {-16, -16}, {209, 3, 118, 255} }},
	{{ {-41, 65, 26}, 0, {-16, -16}, {142, 26, 49, 255} }},
	{{ {43, -18, 54}, 0, {-16, -16}, {0, 176, 99, 255} }},
	{{ {27, -35, 11}, 0, {-16, -16}, {228, 132, 252, 255} }},
	{{ {-54, 15, 8}, 0, {-16, -16}, {137, 211, 252, 255} }},
	{{ {-39, 64, -8}, 0, {-16, -16}, {145, 25, 199, 255} }},
	{{ {-35, 11, -21}, 0, {-16, -16}, {181, 203, 168, 255} }},
	{{ {-39, 64, -8}, 0, {-16, -16}, {145, 25, 199, 255} }},
	{{ {-12, 53, -32}, 0, {-16, -16}, {207, 254, 139, 255} }},
	{{ {-35, 11, -21}, 0, {-16, -16}, {181, 203, 168, 255} }},
	{{ {44, -12, -33}, 0, {-16, -16}, {251, 181, 153, 255} }},
	{{ {76, 20, -41}, 0, {-16, -16}, {19, 208, 140, 255} }},
	{{ {110, 8, -20}, 0, {-16, -16}, {73, 170, 198, 255} }},
	{{ {80, -31, 7}, 0, {-16, -16}, {54, 141, 249, 255} }},
	{{ {110, 9, 35}, 0, {-16, -16}, {78, 172, 55, 255} }},
	{{ {43, -18, 54}, 0, {-16, -16}, {0, 176, 99, 255} }},
	{{ {78, 21, 61}, 0, {-16, -16}, {28, 210, 115, 255} }},
	{{ {-11, 54, 53}, 0, {-16, -16}, {209, 3, 118, 255} }},
	{{ {27, -35, 11}, 0, {-16, -16}, {228, 132, 252, 255} }},
	{{ {-54, 15, 8}, 0, {-16, -16}, {137, 211, 252, 255} }},
};

Gfx mario_foot_L_mesh_layer_1_tri_0[] = {
	gsSPVertex(mario_foot_L_mesh_layer_1_vtx_0 + 0, 16, 0),
	gsSP1Triangle(0, 1, 2, 0),
	gsSP1Triangle(0, 3, 1, 0),
	gsSP1Triangle(0, 4, 3, 0),
	gsSP1Triangle(4, 5, 3, 0),
	gsSP1Triangle(4, 6, 5, 0),
	gsSP1Triangle(6, 7, 5, 0),
	gsSP1Triangle(8, 9, 10, 0),
	gsSP1Triangle(8, 11, 9, 0),
	gsSP1Triangle(12, 11, 8, 0),
	gsSP1Triangle(12, 8, 13, 0),
	gsSP1Triangle(10, 13, 8, 0),
	gsSP1Triangle(13, 10, 14, 0),
	gsSP1Triangle(14, 15, 13, 0),
	gsSPVertex(mario_foot_L_mesh_layer_1_vtx_0 + 16, 13, 0),
	gsSP1Triangle(0, 1, 2, 0),
	gsSP1Triangle(3, 2, 1, 0),
	gsSP1Triangle(3, 1, 4, 0),
	gsSP1Triangle(3, 4, 5, 0),
	gsSP1Triangle(5, 6, 3, 0),
	gsSP1Triangle(6, 5, 7, 0),
	gsSP1Triangle(8, 6, 7, 0),
	gsSP1Triangle(7, 9, 8, 0),
	gsSP1Triangle(8, 9, 10, 0),
	gsSP1Triangle(6, 8, 11, 0),
	gsSP1Triangle(11, 3, 6, 0),
	gsSP1Triangle(2, 3, 11, 0),
	gsSP1Triangle(12, 2, 11, 0),
	gsSPEndDisplayList(),
};

Vtx mario_upper_leg_R_mesh_layer_1_vtx_0[22] = {
	{{ {95, -3, -49}, 0, {734, 1008}, {66, 232, 150, 255} }},
	{{ {116, 11, -9}, 0, {734, 1008}, {127, 11, 255, 255} }},
	{{ {98, -35, -10}, 0, {734, 1008}, {75, 153, 253, 255} }},
	{{ {90, 47, -32}, 0, {734, 1008}, {56, 95, 193, 255} }},
	{{ {18, -13, -58}, 0, {734, 1008}, {235, 220, 136, 255} }},
	{{ {22, -54, -9}, 0, {734, 1008}, {246, 129, 254, 255} }},
	{{ {19, -16, 41}, 0, {734, 1008}, {239, 213, 118, 255} }},
	{{ {96, -5, 30}, 0, {734, 1008}, {69, 227, 103, 255} }},
	{{ {91, 46, 16}, 0, {734, 1008}, {58, 92, 66, 255} }},
	{{ {12, 49, -37}, 0, {734, 1008}, {224, 100, 185, 255} }},
	{{ {-6, 38, -31}, 0, {734, 1008}, {157, 62, 206, 255} }},
	{{ {-1, -11, -47}, 0, {734, 1008}, {166, 226, 172, 255} }},
	{{ {1, -44, -9}, 0, {734, 1008}, {171, 162, 254, 255} }},
	{{ {0, -14, 31}, 0, {734, 1008}, {169, 219, 85, 255} }},
	{{ {-5, 36, 18}, 0, {734, 1008}, {158, 57, 57, 255} }},
	{{ {13, 48, 24}, 0, {734, 1008}, {225, 96, 77, 255} }},
	{{ {-6, 38, -31}, 0, {734, 1008}, {157, 62, 206, 255} }},
	{{ {-15, 0, -7}, 0, {734, 1008}, {129, 245, 2, 255} }},
	{{ {-5, 36, 18}, 0, {734, 1008}, {158, 57, 57, 255} }},
	{{ {-1, -11, -47}, 0, {734, 1008}, {166, 226, 172, 255} }},
	{{ {1, -44, -9}, 0, {734, 1008}, {171, 162, 254, 255} }},
	{{ {0, -14, 31}, 0, {734, 1008}, {169, 219, 85, 255} }},
};

Gfx mario_upper_leg_R_mesh_layer_1_tri_0[] = {
	gsSPVertex(mario_upper_leg_R_mesh_layer_1_vtx_0 + 0, 16, 0),
	gsSP1Triangle(0, 1, 2, 0),
	gsSP1Triangle(3, 1, 0, 0),
	gsSP1Triangle(3, 0, 4, 0),
	gsSP1Triangle(4, 0, 2, 0),
	gsSP1Triangle(2, 5, 4, 0),
	gsSP1Triangle(2, 6, 5, 0),
	gsSP1Triangle(2, 7, 6, 0),
	gsSP1Triangle(2, 1, 7, 0),
	gsSP1Triangle(7, 1, 8, 0),
	gsSP1Triangle(8, 1, 3, 0),
	gsSP1Triangle(8, 3, 9, 0),
	gsSP1Triangle(3, 4, 9, 0),
	gsSP1Triangle(4, 10, 9, 0),
	gsSP1Triangle(4, 11, 10, 0),
	gsSP1Triangle(12, 11, 4, 0),
	gsSP1Triangle(5, 12, 4, 0),
	gsSP1Triangle(6, 12, 5, 0),
	gsSP1Triangle(6, 13, 12, 0),
	gsSP1Triangle(14, 13, 6, 0),
	gsSP1Triangle(15, 14, 6, 0),
	gsSP1Triangle(8, 15, 6, 0),
	gsSP1Triangle(6, 7, 8, 0),
	gsSP1Triangle(8, 9, 15, 0),
	gsSP1Triangle(9, 10, 15, 0),
	gsSP1Triangle(10, 14, 15, 0),
	gsSPVertex(mario_upper_leg_R_mesh_layer_1_vtx_0 + 16, 6, 0),
	gsSP1Triangle(0, 1, 2, 0),
	gsSP1Triangle(3, 1, 0, 0),
	gsSP1Triangle(4, 1, 3, 0),
	gsSP1Triangle(5, 1, 4, 0),
	gsSP1Triangle(2, 1, 5, 0),
	gsSPEndDisplayList(),
};

Vtx mario_lower_leg_R_mesh_layer_1_vtx_0[22] = {
	{{ {66, -11, 34}, 0, {734, 1007}, {251, 35, 122, 255} }},
	{{ {69, 45, 18}, 0, {734, 1007}, {251, 35, 122, 255} }},
	{{ {9, 44, 16}, 0, {734, 1007}, {198, 90, 69, 255} }},
	{{ {6, -6, 30}, 0, {734, 1007}, {192, 224, 105, 255} }},
	{{ {-13, 10, -9}, 0, {734, 1007}, {129, 8, 2, 255} }},
	{{ {9, 46, -33}, 0, {734, 1007}, {198, 95, 195, 255} }},
	{{ {69, 45, 18}, 0, {734, 1007}, {255, 127, 4, 255} }},
	{{ {69, 46, -37}, 0, {734, 1007}, {0, 127, 2, 255} }},
	{{ {5, -3, -50}, 0, {734, 1007}, {188, 231, 151, 255} }},
	{{ {4, -36, -10}, 0, {734, 1007}, {186, 150, 255, 255} }},
	{{ {65, -9, -56}, 0, {734, 1007}, {238, 159, 176, 255} }},
	{{ {63, -45, -12}, 0, {734, 1007}, {238, 159, 176, 255} }},
	{{ {66, -11, 34}, 0, {734, 1007}, {243, 155, 76, 255} }},
	{{ {63, -45, -12}, 0, {734, 1007}, {243, 155, 76, 255} }},
	{{ {65, -9, -56}, 0, {734, 1007}, {248, 42, 136, 255} }},
	{{ {69, 46, -37}, 0, {734, 1007}, {248, 42, 136, 255} }},
	{{ {69, 45, 18}, 0, {734, 1007}, {122, 25, 24, 255} }},
	{{ {83, 4, -10}, 0, {734, 1007}, {127, 248, 0, 255} }},
	{{ {69, 46, -37}, 0, {734, 1007}, {122, 25, 232, 255} }},
	{{ {66, -11, 34}, 0, {734, 1007}, {119, 235, 39, 255} }},
	{{ {63, -45, -12}, 0, {734, 1007}, {118, 208, 253, 255} }},
	{{ {65, -9, -56}, 0, {734, 1007}, {119, 236, 215, 255} }},
};

Gfx mario_lower_leg_R_mesh_layer_1_tri_0[] = {
	gsSPVertex(mario_lower_leg_R_mesh_layer_1_vtx_0 + 0, 16, 0),
	gsSP1Triangle(0, 1, 2, 0),
	gsSP1Triangle(2, 3, 0, 0),
	gsSP1Triangle(2, 4, 3, 0),
	gsSP1Triangle(5, 4, 2, 0),
	gsSP1Triangle(5, 2, 6, 0),
	gsSP1Triangle(6, 7, 5, 0),
	gsSP1Triangle(8, 4, 5, 0),
	gsSP1Triangle(9, 4, 8, 0),
	gsSP1Triangle(9, 8, 10, 0),
	gsSP1Triangle(10, 11, 9, 0),
	gsSP1Triangle(3, 4, 9, 0),
	gsSP1Triangle(12, 3, 9, 0),
	gsSP1Triangle(13, 12, 9, 0),
	gsSP1Triangle(14, 8, 5, 0),
	gsSP1Triangle(15, 14, 5, 0),
	gsSPVertex(mario_lower_leg_R_mesh_layer_1_vtx_0 + 16, 6, 0),
	gsSP1Triangle(0, 1, 2, 0),
	gsSP1Triangle(3, 1, 0, 0),
	gsSP1Triangle(4, 1, 3, 0),
	gsSP1Triangle(5, 1, 4, 0),
	gsSP1Triangle(2, 1, 5, 0),
	gsSPEndDisplayList(),
};

Vtx mario_foot_R_mesh_layer_1_vtx_0[28] = {
	{{ {75, 23, 40}, 0, {-16, -16}, {42, 120, 0, 255} }},
	{{ {109, 11, 20}, 0, {-16, -16}, {43, 120, 1, 255} }},
	{{ {110, 11, -36}, 0, {-16, -16}, {42, 120, 0, 255} }},
	{{ {78, 22, -61}, 0, {-16, -16}, {42, 120, 0, 255} }},
	{{ {-14, 54, 29}, 0, {-16, -16}, {42, 120, 0, 255} }},
	{{ {-11, 53, -56}, 0, {-16, -16}, {42, 120, 0, 255} }},
	{{ {-40, 63, 5}, 0, {-16, -16}, {42, 120, 0, 255} }},
	{{ {-42, 64, -29}, 0, {-16, -16}, {43, 119, 1, 255} }},
	{{ {110, 11, -36}, 0, {-16, -16}, {80, 173, 203, 255} }},
	{{ {109, 11, 20}, 0, {-16, -16}, {74, 173, 61, 255} }},
	{{ {80, -29, -7}, 0, {-16, -16}, {56, 143, 9, 255} }},
	{{ {44, -11, 32}, 0, {-16, -16}, {253, 183, 104, 255} }},
	{{ {75, 23, 40}, 0, {-16, -16}, {18, 212, 118, 255} }},
	{{ {-14, 54, 29}, 0, {-16, -16}, {205, 0, 116, 255} }},
	{{ {-36, 11, 19}, 0, {-16, -16}, {180, 205, 88, 255} }},
	{{ {-40, 63, 5}, 0, {-16, -16}, {145, 25, 56, 255} }},
	{{ {-54, 14, -10}, 0, {-16, -16}, {138, 210, 4, 255} }},
	{{ {-36, 11, 19}, 0, {-16, -16}, {180, 205, 88, 255} }},
	{{ {-40, 63, 5}, 0, {-16, -16}, {145, 25, 56, 255} }},
	{{ {-42, 64, -29}, 0, {-16, -16}, {141, 23, 206, 255} }},
	{{ {-34, 11, -46}, 0, {-16, -16}, {180, 205, 169, 255} }},
	{{ {-11, 53, -56}, 0, {-16, -16}, {210, 0, 138, 255} }},
	{{ {43, -18, -55}, 0, {-16, -16}, {2, 175, 158, 255} }},
	{{ {78, 22, -61}, 0, {-16, -16}, {30, 212, 141, 255} }},
	{{ {110, 11, -36}, 0, {-16, -16}, {80, 173, 203, 255} }},
	{{ {80, -29, -7}, 0, {-16, -16}, {56, 143, 9, 255} }},
	{{ {27, -35, -11}, 0, {-16, -16}, {230, 132, 6, 255} }},
	{{ {44, -11, 32}, 0, {-16, -16}, {253, 183, 104, 255} }},
};

Gfx mario_foot_R_mesh_layer_1_tri_0[] = {
	gsSPVertex(mario_foot_R_mesh_layer_1_vtx_0 + 0, 16, 0),
	gsSP1Triangle(0, 1, 2, 0),
	gsSP1Triangle(0, 2, 3, 0),
	gsSP1Triangle(4, 0, 3, 0),
	gsSP1Triangle(4, 3, 5, 0),
	gsSP1Triangle(6, 4, 5, 0),
	gsSP1Triangle(7, 6, 5, 0),
	gsSP1Triangle(8, 9, 10, 0),
	gsSP1Triangle(11, 10, 9, 0),
	gsSP1Triangle(9, 12, 11, 0),
	gsSP1Triangle(12, 13, 11, 0),
	gsSP1Triangle(13, 14, 11, 0),
	gsSP1Triangle(14, 13, 15, 0),
	gsSPVertex(mario_foot_R_mesh_layer_1_vtx_0 + 16, 12, 0),
	gsSP1Triangle(0, 1, 2, 0),
	gsSP1Triangle(2, 3, 0, 0),
	gsSP1Triangle(4, 0, 3, 0),
	gsSP1Triangle(3, 5, 4, 0),
	gsSP1Triangle(5, 6, 4, 0),
	gsSP1Triangle(5, 7, 6, 0),
	gsSP1Triangle(6, 7, 8, 0),
	gsSP1Triangle(8, 9, 6, 0),
	gsSP1Triangle(10, 6, 9, 0),
	gsSP1Triangle(9, 11, 10, 0),
	gsSP1Triangle(10, 11, 1, 0),
	gsSP1Triangle(10, 1, 0, 0),
	gsSP1Triangle(0, 4, 10, 0),
	gsSP1Triangle(4, 6, 10, 0),
	gsSPEndDisplayList(),
};


Gfx mat_mario_blue[] = {
	gsSPSetLights1(mario_blue_lights),
	gsDPPipeSync(),
	gsDPSetCombineLERP(0, 0, 0, SHADE, 0, 0, 0, ENVIRONMENT, 0, 0, 0, COMBINED, 0, 0, 0, ENVIRONMENT),
	gsSPTexture(65535, 65535, 0, 0, 1),
	gsSPEndDisplayList(),
};

Gfx mat_mario_metal[] = {
	gsSPSetGeometryMode(G_TEXTURE_GEN),
	gsDPPipeSync(),
	gsDPSetCombineLERP(0, 0, 0, TEXEL0, 0, 0, 0, ENVIRONMENT, 0, 0, 0, COMBINED, 0, 0, 0, ENVIRONMENT),
	gsSPTexture(1984, 4032, 0, 0, 1),
	gsDPSetTextureImage(G_IM_FMT_RGBA, G_IM_SIZ_16b_LOAD_BLOCK, 1, mario_mario_metal_rgba16_rgba16),
	gsDPSetTile(G_IM_FMT_RGBA, G_IM_SIZ_16b_LOAD_BLOCK, 0, 0, 7, 0, G_TX_WRAP | G_TX_NOMIRROR, 0, 0, G_TX_WRAP | G_TX_NOMIRROR, 0, 0),
	gsDPLoadBlock(7, 0, 0, 2047, 256),
	gsDPSetTile(G_IM_FMT_RGBA, G_IM_SIZ_16b, 8, 0, 0, 0, G_TX_WRAP | G_TX_NOMIRROR, 6, 0, G_TX_WRAP | G_TX_NOMIRROR, 5, 0),
	gsDPSetTileSize(0, 0, 0, 124, 252),
	gsSPEndDisplayList(),
};

Gfx mat_revert_mario_metal[] = {
	gsSPClearGeometryMode(G_TEXTURE_GEN),
	gsDPPipeSync(),
	gsSPEndDisplayList(),
};

Gfx mat_mario_red[] = {
	gsSPSetLights1(mario_red_lights),
	gsDPPipeSync(),
	gsDPSetCombineLERP(0, 0, 0, SHADE, 0, 0, 0, ENVIRONMENT, 0, 0, 0, COMBINED, 0, 0, 0, ENVIRONMENT),
	gsSPTexture(65535, 65535, 0, 0, 1),
	gsSPEndDisplayList(),
};

Gfx mat_mario_button[] = {
	gsSPSetLights1(mario_button_lights),
	gsDPPipeSync(),
	gsDPSetCombineLERP(TEXEL0, SHADE, TEXEL0_ALPHA, SHADE, 0, 0, 0, ENVIRONMENT, 0, 0, 0, COMBINED, 0, 0, 0, ENVIRONMENT),
	gsSPTexture(65535, 65535, 0, 0, 1),
	gsDPSetTextureImage(G_IM_FMT_RGBA, G_IM_SIZ_16b_LOAD_BLOCK, 1, mario_mario_button_rgba16),
	gsDPSetTile(G_IM_FMT_RGBA, G_IM_SIZ_16b_LOAD_BLOCK, 0, 0, 7, 0, G_TX_WRAP | G_TX_NOMIRROR, 0, 0, G_TX_WRAP | G_TX_NOMIRROR, 0, 0),
	gsDPLoadBlock(7, 0, 0, 1023, 256),
	gsDPSetTile(G_IM_FMT_RGBA, G_IM_SIZ_16b, 8, 0, 0, 0, G_TX_WRAP | G_TX_NOMIRROR, 5, 0, G_TX_WRAP | G_TX_NOMIRROR, 5, 0),
	gsDPSetTileSize(0, 0, 0, 124, 124),
	gsSPEndDisplayList(),
};

Gfx mat_mario_face_0___eyes_open[] = {
	gsSPSetLights1(mario_face_0___eyes_open_lights),
	gsDPPipeSync(),
	gsDPSetCombineLERP(TEXEL0, SHADE, TEXEL0_ALPHA, SHADE, 0, 0, 0, ENVIRONMENT, 0, 0, 0, COMBINED, 0, 0, 0, ENVIRONMENT),
	gsSPTexture(65535, 65535, 0, 0, 1),
	gsDPSetTextureImage(G_IM_FMT_RGBA, G_IM_SIZ_16b_LOAD_BLOCK, 1, mario_mario_face_1_rgba16),
	gsDPSetTile(G_IM_FMT_RGBA, G_IM_SIZ_16b_LOAD_BLOCK, 0, 0, 7, 0, G_TX_WRAP | G_TX_NOMIRROR, 0, 0, G_TX_WRAP | G_TX_NOMIRROR, 0, 0),
	gsDPLoadBlock(7, 0, 0, 1023, 256),
	gsDPSetTile(G_IM_FMT_RGBA, G_IM_SIZ_16b, 8, 0, 0, 0, G_TX_CLAMP | G_TX_NOMIRROR, 5, 0, G_TX_CLAMP | G_TX_NOMIRROR, 5, 0),
	gsDPSetTileSize(0, 0, 0, 124, 124),
	gsSPEndDisplayList(),
};

Gfx mat_mario_skin[] = {
	gsSPSetLights1(mario_skin_lights),
	gsDPPipeSync(),
	gsDPSetCombineLERP(0, 0, 0, SHADE, 0, 0, 0, ENVIRONMENT, 0, 0, 0, COMBINED, 0, 0, 0, ENVIRONMENT),
	gsSPTexture(65535, 65535, 0, 0, 1),
	gsSPEndDisplayList(),
};

Gfx mat_mario_mustache[] = {
	gsSPSetLights1(mario_mustache_lights),
	gsDPPipeSync(),
	gsDPSetCombineLERP(TEXEL0, SHADE, TEXEL0_ALPHA, SHADE, 0, 0, 0, ENVIRONMENT, 0, 0, 0, COMBINED, 0, 0, 0, ENVIRONMENT),
	gsSPTexture(65535, 65535, 0, 0, 1),
	gsDPSetTextureImage(G_IM_FMT_RGBA, G_IM_SIZ_16b_LOAD_BLOCK, 1, mario_mario_mustache_rgba16),
	gsDPSetTile(G_IM_FMT_RGBA, G_IM_SIZ_16b_LOAD_BLOCK, 0, 0, 7, 0, G_TX_WRAP | G_TX_NOMIRROR, 0, 0, G_TX_WRAP | G_TX_NOMIRROR, 0, 0),
	gsDPLoadBlock(7, 0, 0, 1023, 256),
	gsDPSetTile(G_IM_FMT_RGBA, G_IM_SIZ_16b, 8, 0, 0, 0, G_TX_CLAMP | G_TX_NOMIRROR, 5, 0, G_TX_CLAMP | G_TX_NOMIRROR, 5, 0),
	gsDPSetTileSize(0, 0, 0, 124, 124),
	gsSPEndDisplayList(),
};

Gfx mat_mario_hair[] = {
	gsSPSetLights1(mario_hair_lights),
	gsDPPipeSync(),
	gsDPSetCombineLERP(0, 0, 0, SHADE, 0, 0, 0, ENVIRONMENT, 0, 0, 0, COMBINED, 0, 0, 0, ENVIRONMENT),
	gsSPTexture(65535, 65535, 0, 0, 1),
	gsSPEndDisplayList(),
};

Gfx mat_mario_sideburns[] = {
	gsSPSetLights1(mario_sideburns_lights),
	gsDPPipeSync(),
	gsDPSetCombineLERP(TEXEL0, SHADE, TEXEL0_ALPHA, SHADE, 0, 0, 0, ENVIRONMENT, 0, 0, 0, COMBINED, 0, 0, 0, ENVIRONMENT),
	gsSPTexture(65535, 65535, 0, 0, 1),
	gsDPSetTextureImage(G_IM_FMT_RGBA, G_IM_SIZ_16b_LOAD_BLOCK, 1, mario_mario_sideburn_rgba16),
	gsDPSetTile(G_IM_FMT_RGBA, G_IM_SIZ_16b_LOAD_BLOCK, 0, 0, 7, 0, G_TX_WRAP | G_TX_NOMIRROR, 0, 0, G_TX_WRAP | G_TX_NOMIRROR, 0, 0),
	gsDPLoadBlock(7, 0, 0, 1023, 256),
	gsDPSetTile(G_IM_FMT_RGBA, G_IM_SIZ_16b, 8, 0, 0, 0, G_TX_CLAMP | G_TX_NOMIRROR, 5, 0, G_TX_CLAMP | G_TX_NOMIRROR, 5, 0),
	gsDPSetTileSize(0, 0, 0, 124, 124),
	gsSPEndDisplayList(),
};

Gfx mat_mario_cap_logo[] = {
	gsSPSetLights1(mario_cap_logo_lights),
	gsDPPipeSync(),
	gsDPSetCombineLERP(TEXEL0, SHADE, TEXEL0_ALPHA, SHADE, 0, 0, 0, ENVIRONMENT, 0, 0, 0, COMBINED, 0, 0, 0, ENVIRONMENT),
	gsSPTexture(65535, 65535, 0, 0, 1),
	gsDPSetTextureImage(G_IM_FMT_RGBA, G_IM_SIZ_16b_LOAD_BLOCK, 1, mario_mario_cap_rgba16),
	gsDPSetTile(G_IM_FMT_RGBA, G_IM_SIZ_16b_LOAD_BLOCK, 0, 0, 7, 0, G_TX_WRAP | G_TX_NOMIRROR, 0, 0, G_TX_WRAP | G_TX_NOMIRROR, 0, 0),
	gsDPLoadBlock(7, 0, 0, 1023, 256),
	gsDPSetTile(G_IM_FMT_RGBA, G_IM_SIZ_16b, 8, 0, 0, 0, G_TX_CLAMP | G_TX_NOMIRROR, 5, 0, G_TX_CLAMP | G_TX_NOMIRROR, 5, 0),
	gsDPSetTileSize(0, 0, 0, 124, 124),
	gsSPEndDisplayList(),
};

Gfx mat_mario_face_1___eyes_half_closed[] = {
	gsSPSetLights1(mario_face_1___eyes_half_closed_lights),
	gsDPPipeSync(),
	gsDPSetCombineLERP(TEXEL0, SHADE, TEXEL0_ALPHA, SHADE, 0, 0, 0, ENVIRONMENT, 0, 0, 0, COMBINED, 0, 0, 0, ENVIRONMENT),
	gsSPTexture(65535, 65535, 0, 0, 1),
	gsDPSetTextureImage(G_IM_FMT_RGBA, G_IM_SIZ_16b_LOAD_BLOCK, 1, mario_mario_face_2_rgba16),
	gsDPSetTile(G_IM_FMT_RGBA, G_IM_SIZ_16b_LOAD_BLOCK, 0, 0, 7, 0, G_TX_WRAP | G_TX_NOMIRROR, 0, 0, G_TX_WRAP | G_TX_NOMIRROR, 0, 0),
	gsDPLoadBlock(7, 0, 0, 1023, 256),
	gsDPSetTile(G_IM_FMT_RGBA, G_IM_SIZ_16b, 8, 0, 0, 0, G_TX_CLAMP | G_TX_NOMIRROR, 5, 0, G_TX_CLAMP | G_TX_NOMIRROR, 5, 0),
	gsDPSetTileSize(0, 0, 0, 124, 124),
	gsSPEndDisplayList(),
};

Gfx mat_mario_face_2___eyes_closed[] = {
	gsSPSetLights1(mario_face_2___eyes_closed_lights),
	gsDPPipeSync(),
	gsDPSetCombineLERP(TEXEL0, SHADE, TEXEL0_ALPHA, SHADE, 0, 0, 0, ENVIRONMENT, 0, 0, 0, COMBINED, 0, 0, 0, ENVIRONMENT),
	gsSPTexture(65535, 65535, 0, 0, 1),
	gsDPSetTextureImage(G_IM_FMT_RGBA, G_IM_SIZ_16b_LOAD_BLOCK, 1, mario_mario_face_3_rgba16),
	gsDPSetTile(G_IM_FMT_RGBA, G_IM_SIZ_16b_LOAD_BLOCK, 0, 0, 7, 0, G_TX_WRAP | G_TX_NOMIRROR, 0, 0, G_TX_WRAP | G_TX_NOMIRROR, 0, 0),
	gsDPLoadBlock(7, 0, 0, 1023, 256),
	gsDPSetTile(G_IM_FMT_RGBA, G_IM_SIZ_16b, 8, 0, 0, 0, G_TX_CLAMP | G_TX_NOMIRROR, 5, 0, G_TX_CLAMP | G_TX_NOMIRROR, 5, 0),
	gsDPSetTileSize(0, 0, 0, 124, 124),
	gsSPEndDisplayList(),
};

Gfx mat_mario_face_3___eyes_look_left[] = {
	gsSPSetLights1(mario_face_3___eyes_look_left_lights),
	gsDPPipeSync(),
	gsDPSetCombineLERP(TEXEL0, SHADE, TEXEL0_ALPHA, SHADE, 0, 0, 0, ENVIRONMENT, 0, 0, 0, COMBINED, 0, 0, 0, ENVIRONMENT),
	gsSPTexture(65535, 65535, 0, 0, 1),
	gsDPSetTextureImage(G_IM_FMT_RGBA, G_IM_SIZ_16b_LOAD_BLOCK, 1, mario_mario_eyes_left_unused_rgba16_rgba16),
	gsDPSetTile(G_IM_FMT_RGBA, G_IM_SIZ_16b_LOAD_BLOCK, 0, 0, 7, 0, G_TX_WRAP | G_TX_NOMIRROR, 0, 0, G_TX_WRAP | G_TX_NOMIRROR, 0, 0),
	gsDPLoadBlock(7, 0, 0, 1023, 256),
	gsDPSetTile(G_IM_FMT_RGBA, G_IM_SIZ_16b, 8, 0, 0, 0, G_TX_CLAMP | G_TX_NOMIRROR, 5, 0, G_TX_CLAMP | G_TX_NOMIRROR, 5, 0),
	gsDPSetTileSize(0, 0, 0, 124, 124),
	gsSPEndDisplayList(),
};

Gfx mat_mario_face_4___eyes_look_right[] = {
	gsSPSetLights1(mario_face_4___eyes_look_right_lights),
	gsDPPipeSync(),
	gsDPSetCombineLERP(TEXEL0, SHADE, TEXEL0_ALPHA, SHADE, 0, 0, 0, ENVIRONMENT, 0, 0, 0, COMBINED, 0, 0, 0, ENVIRONMENT),
	gsSPTexture(65535, 65535, 0, 0, 1),
	gsDPSetTextureImage(G_IM_FMT_RGBA, G_IM_SIZ_16b_LOAD_BLOCK, 1, mario_mario_eyes_right_unused_rgba16_rgba16),
	gsDPSetTile(G_IM_FMT_RGBA, G_IM_SIZ_16b_LOAD_BLOCK, 0, 0, 7, 0, G_TX_WRAP | G_TX_NOMIRROR, 0, 0, G_TX_WRAP | G_TX_NOMIRROR, 0, 0),
	gsDPLoadBlock(7, 0, 0, 1023, 256),
	gsDPSetTile(G_IM_FMT_RGBA, G_IM_SIZ_16b, 8, 0, 0, 0, G_TX_CLAMP | G_TX_NOMIRROR, 5, 0, G_TX_CLAMP | G_TX_NOMIRROR, 5, 0),
	gsDPSetTileSize(0, 0, 0, 124, 124),
	gsSPEndDisplayList(),
};

Gfx mat_mario_face_5___eyes_look_up[] = {
	gsSPSetLights1(mario_face_5___eyes_look_up_lights),
	gsDPPipeSync(),
	gsDPSetCombineLERP(TEXEL0, SHADE, TEXEL0_ALPHA, SHADE, 0, 0, 0, ENVIRONMENT, 0, 0, 0, COMBINED, 0, 0, 0, ENVIRONMENT),
	gsSPTexture(65535, 65535, 0, 0, 1),
	gsDPSetTextureImage(G_IM_FMT_RGBA, G_IM_SIZ_16b_LOAD_BLOCK, 1, mario_mario_eyes_up_unused_rgba16_rgba16),
	gsDPSetTile(G_IM_FMT_RGBA, G_IM_SIZ_16b_LOAD_BLOCK, 0, 0, 7, 0, G_TX_WRAP | G_TX_NOMIRROR, 0, 0, G_TX_WRAP | G_TX_NOMIRROR, 0, 0),
	gsDPLoadBlock(7, 0, 0, 1023, 256),
	gsDPSetTile(G_IM_FMT_RGBA, G_IM_SIZ_16b, 8, 0, 0, 0, G_TX_CLAMP | G_TX_NOMIRROR, 5, 0, G_TX_CLAMP | G_TX_NOMIRROR, 5, 0),
	gsDPSetTileSize(0, 0, 0, 124, 124),
	gsSPEndDisplayList(),
};

Gfx mat_mario_face_6___eyes_look_down[] = {
	gsSPSetLights1(mario_face_6___eyes_look_down_lights),
	gsDPPipeSync(),
	gsDPSetCombineLERP(TEXEL0, SHADE, TEXEL0_ALPHA, SHADE, 0, 0, 0, ENVIRONMENT, 0, 0, 0, COMBINED, 0, 0, 0, ENVIRONMENT),
	gsSPTexture(65535, 65535, 0, 0, 1),
	gsDPSetTextureImage(G_IM_FMT_RGBA, G_IM_SIZ_16b_LOAD_BLOCK, 1, mario_mario_eyes_down_unused_rgba16_rgba16),
	gsDPSetTile(G_IM_FMT_RGBA, G_IM_SIZ_16b_LOAD_BLOCK, 0, 0, 7, 0, G_TX_WRAP | G_TX_NOMIRROR, 0, 0, G_TX_WRAP | G_TX_NOMIRROR, 0, 0),
	gsDPLoadBlock(7, 0, 0, 1023, 256),
	gsDPSetTile(G_IM_FMT_RGBA, G_IM_SIZ_16b, 8, 0, 0, 0, G_TX_CLAMP | G_TX_NOMIRROR, 5, 0, G_TX_CLAMP | G_TX_NOMIRROR, 5, 0),
	gsDPSetTileSize(0, 0, 0, 124, 124),
	gsSPEndDisplayList(),
};

Gfx mat_mario_face_7___eyes_dead[] = {
	gsSPSetLights1(mario_face_7___eyes_dead_lights),
	gsDPPipeSync(),
	gsDPSetCombineLERP(TEXEL0, SHADE, TEXEL0_ALPHA, SHADE, 0, 0, 0, ENVIRONMENT, 0, 0, 0, COMBINED, 0, 0, 0, ENVIRONMENT),
	gsSPTexture(65535, 65535, 0, 0, 1),
	gsDPSetTextureImage(G_IM_FMT_RGBA, G_IM_SIZ_16b_LOAD_BLOCK, 1, mario_mario_face_4_rgba16),
	gsDPSetTile(G_IM_FMT_RGBA, G_IM_SIZ_16b_LOAD_BLOCK, 0, 0, 7, 0, G_TX_WRAP | G_TX_NOMIRROR, 0, 0, G_TX_WRAP | G_TX_NOMIRROR, 0, 0),
	gsDPLoadBlock(7, 0, 0, 1023, 256),
	gsDPSetTile(G_IM_FMT_RGBA, G_IM_SIZ_16b, 8, 0, 0, 0, G_TX_CLAMP | G_TX_NOMIRROR, 5, 0, G_TX_CLAMP | G_TX_NOMIRROR, 5, 0),
	gsDPSetTileSize(0, 0, 0, 124, 124),
	gsSPEndDisplayList(),
};

Gfx mat_mario_wing_2[] = {
	gsSPClearGeometryMode(G_CULL_BACK),
	gsDPPipeSync(),
	gsDPSetCombineLERP(0, 0, 0, TEXEL0, TEXEL0, 0, ENVIRONMENT, 0, 0, 0, 0, COMBINED, 0, 0, 0, COMBINED),
	gsSPTexture(65535, 65535, 0, 0, 1),
	gsDPSetTextureImage(G_IM_FMT_RGBA, G_IM_SIZ_16b_LOAD_BLOCK, 1, mario_wing_2_rgba16),
	gsDPSetTile(G_IM_FMT_RGBA, G_IM_SIZ_16b_LOAD_BLOCK, 0, 0, 7, 0, G_TX_WRAP | G_TX_NOMIRROR, 0, 0, G_TX_WRAP | G_TX_NOMIRROR, 0, 0),
	gsDPLoadBlock(7, 0, 0, 2047, 256),
	gsDPSetTile(G_IM_FMT_RGBA, G_IM_SIZ_16b, 8, 0, 0, 0, G_TX_WRAP | G_TX_NOMIRROR, 6, 0, G_TX_CLAMP | G_TX_NOMIRROR, 5, 0),
	gsDPSetTileSize(0, 0, 0, 124, 252),
	gsSPEndDisplayList(),
};

Gfx mat_revert_mario_wing_2[] = {
	gsSPSetGeometryMode(G_CULL_BACK),
	gsDPPipeSync(),
	gsSPEndDisplayList(),
};

Gfx mat_mario_wing_1[] = {
	gsSPClearGeometryMode(G_CULL_BACK),
	gsDPPipeSync(),
	gsDPSetCombineLERP(0, 0, 0, TEXEL0, TEXEL0, 0, ENVIRONMENT, 0, 0, 0, 0, COMBINED, 0, 0, 0, COMBINED),
	gsSPTexture(65535, 65535, 0, 0, 1),
	gsDPSetTextureImage(G_IM_FMT_RGBA, G_IM_SIZ_16b_LOAD_BLOCK, 1, mario_wing1_rgba16),
	gsDPSetTile(G_IM_FMT_RGBA, G_IM_SIZ_16b_LOAD_BLOCK, 0, 0, 7, 0, G_TX_WRAP | G_TX_NOMIRROR, 0, 0, G_TX_WRAP | G_TX_NOMIRROR, 0, 0),
	gsDPLoadBlock(7, 0, 0, 2047, 256),
	gsDPSetTile(G_IM_FMT_RGBA, G_IM_SIZ_16b, 8, 0, 0, 0, G_TX_WRAP | G_TX_NOMIRROR, 6, 0, G_TX_CLAMP | G_TX_NOMIRROR, 5, 0),
	gsDPSetTileSize(0, 0, 0, 124, 252),
	gsSPEndDisplayList(),
};

Gfx mat_revert_mario_wing_1[] = {
	gsSPSetGeometryMode(G_CULL_BACK),
	gsDPPipeSync(),
	gsSPEndDisplayList(),
};

Gfx mat_mario_gloves[] = {
	gsSPSetLights1(mario_gloves_lights),
	gsDPPipeSync(),
	gsDPSetCombineLERP(0, 0, 0, SHADE, 0, 0, 0, ENVIRONMENT, 0, 0, 0, COMBINED, 0, 0, 0, ENVIRONMENT),
	gsSPTexture(65535, 65535, 0, 0, 1),
	gsSPEndDisplayList(),
};

Gfx mat_mario_cap_inside[] = {
	gsSPSetLights1(mario_cap_inside_lights),
	gsDPPipeSync(),
	gsDPSetCombineLERP(0, 0, 0, SHADE, 0, 0, 0, ENVIRONMENT, 0, 0, 0, COMBINED, 0, 0, 0, ENVIRONMENT),
	gsSPTexture(65535, 65535, 0, 0, 1),
	gsSPEndDisplayList(),
};

Gfx mat_mario_shoes[] = {
	gsSPSetLights1(mario_shoes_lights),
	gsDPPipeSync(),
	gsDPSetCombineLERP(0, 0, 0, SHADE, 0, 0, 0, ENVIRONMENT, 0, 0, 0, COMBINED, 0, 0, 0, ENVIRONMENT),
	gsSPTexture(65535, 65535, 0, 0, 1),
	gsSPEndDisplayList(),
};

Gfx mario_pelvis_mesh_layer_1[] = {
	gsSPDisplayList(mat_mario_blue),
	gsSPDisplayList(mario_pelvis_mesh_layer_1_tri_0),
	gsSPEndDisplayList(),
};

Gfx mario_pelvis_mesh_layer_1_mat_override_metal_0[] = {
	gsSPDisplayList(mat_mario_metal),
	gsSPDisplayList(mario_pelvis_mesh_layer_1_tri_0),
	gsSPDisplayList(mat_revert_mario_metal),
	gsSPEndDisplayList(),
};

Gfx mario_chest_mesh_layer_1[] = {
	gsSPDisplayList(mat_mario_blue),
	gsSPDisplayList(mario_chest_mesh_layer_1_tri_0),
	gsSPDisplayList(mat_mario_red),
	gsSPDisplayList(mario_chest_mesh_layer_1_tri_1),
	gsSPDisplayList(mat_mario_button),
	gsSPDisplayList(mario_chest_mesh_layer_1_tri_2),
	gsSPEndDisplayList(),
};

Gfx mario_chest_mesh_layer_1_mat_override_metal_0[] = {
	gsSPDisplayList(mat_mario_metal),
	gsSPDisplayList(mario_chest_mesh_layer_1_tri_0),
	gsSPDisplayList(mario_chest_mesh_layer_1_tri_1),
	gsSPDisplayList(mario_chest_mesh_layer_1_tri_2),
	gsSPDisplayList(mat_revert_mario_metal),
	gsSPEndDisplayList(),
};

Gfx mario_head_mesh_layer_1[] = {
	gsSPDisplayList(mat_mario_face_0___eyes_open),
	gsSPDisplayList(mario_head_mesh_layer_1_tri_0),
	gsSPDisplayList(mat_mario_skin),
	gsSPDisplayList(mario_head_mesh_layer_1_tri_1),
	gsSPDisplayList(mat_mario_mustache),
	gsSPDisplayList(mario_head_mesh_layer_1_tri_2),
	gsSPDisplayList(mat_mario_hair),
	gsSPDisplayList(mario_head_mesh_layer_1_tri_3),
	gsSPDisplayList(mat_mario_sideburns),
	gsSPDisplayList(mario_head_mesh_layer_1_tri_4),
	gsSPDisplayList(mat_mario_red),
	gsSPDisplayList(mario_head_mesh_layer_1_tri_5),
	gsSPDisplayList(mat_mario_cap_logo),
	gsSPDisplayList(mario_head_mesh_layer_1_tri_6),
	gsSPEndDisplayList(),
};

Gfx mario_head_mesh_layer_1_mat_override_metal_0[] = {
	gsSPDisplayList(mat_mario_metal),
	gsSPDisplayList(mario_head_mesh_layer_1_tri_0),
	gsSPDisplayList(mario_head_mesh_layer_1_tri_1),
	gsSPDisplayList(mario_head_mesh_layer_1_tri_2),
	gsSPDisplayList(mario_head_mesh_layer_1_tri_3),
	gsSPDisplayList(mario_head_mesh_layer_1_tri_4),
	gsSPDisplayList(mario_head_mesh_layer_1_tri_5),
	gsSPDisplayList(mario_head_mesh_layer_1_tri_6),
	gsSPDisplayList(mat_revert_mario_metal),
	gsSPEndDisplayList(),
};

Gfx mario_head_mesh_layer_1_mat_override_face_1___eyes_half_closed_1[] = {
	gsSPDisplayList(mat_mario_face_1___eyes_half_closed),
	gsSPDisplayList(mario_head_mesh_layer_1_tri_0),
	gsSPDisplayList(mat_mario_skin),
	gsSPDisplayList(mario_head_mesh_layer_1_tri_1),
	gsSPDisplayList(mat_mario_mustache),
	gsSPDisplayList(mario_head_mesh_layer_1_tri_2),
	gsSPDisplayList(mat_mario_hair),
	gsSPDisplayList(mario_head_mesh_layer_1_tri_3),
	gsSPDisplayList(mat_mario_sideburns),
	gsSPDisplayList(mario_head_mesh_layer_1_tri_4),
	gsSPDisplayList(mat_mario_red),
	gsSPDisplayList(mario_head_mesh_layer_1_tri_5),
	gsSPDisplayList(mat_mario_cap_logo),
	gsSPDisplayList(mario_head_mesh_layer_1_tri_6),
	gsSPEndDisplayList(),
};

Gfx mario_head_mesh_layer_1_mat_override_face_2___eyes_closed_2[] = {
	gsSPDisplayList(mat_mario_face_2___eyes_closed),
	gsSPDisplayList(mario_head_mesh_layer_1_tri_0),
	gsSPDisplayList(mat_mario_skin),
	gsSPDisplayList(mario_head_mesh_layer_1_tri_1),
	gsSPDisplayList(mat_mario_mustache),
	gsSPDisplayList(mario_head_mesh_layer_1_tri_2),
	gsSPDisplayList(mat_mario_hair),
	gsSPDisplayList(mario_head_mesh_layer_1_tri_3),
	gsSPDisplayList(mat_mario_sideburns),
	gsSPDisplayList(mario_head_mesh_layer_1_tri_4),
	gsSPDisplayList(mat_mario_red),
	gsSPDisplayList(mario_head_mesh_layer_1_tri_5),
	gsSPDisplayList(mat_mario_cap_logo),
	gsSPDisplayList(mario_head_mesh_layer_1_tri_6),
	gsSPEndDisplayList(),
};

Gfx mario_head_mesh_layer_1_mat_override_face_3___eyes_look_left_3[] = {
	gsSPDisplayList(mat_mario_face_3___eyes_look_left),
	gsSPDisplayList(mario_head_mesh_layer_1_tri_0),
	gsSPDisplayList(mat_mario_skin),
	gsSPDisplayList(mario_head_mesh_layer_1_tri_1),
	gsSPDisplayList(mat_mario_mustache),
	gsSPDisplayList(mario_head_mesh_layer_1_tri_2),
	gsSPDisplayList(mat_mario_hair),
	gsSPDisplayList(mario_head_mesh_layer_1_tri_3),
	gsSPDisplayList(mat_mario_sideburns),
	gsSPDisplayList(mario_head_mesh_layer_1_tri_4),
	gsSPDisplayList(mat_mario_red),
	gsSPDisplayList(mario_head_mesh_layer_1_tri_5),
	gsSPDisplayList(mat_mario_cap_logo),
	gsSPDisplayList(mario_head_mesh_layer_1_tri_6),
	gsSPEndDisplayList(),
};

Gfx mario_head_mesh_layer_1_mat_override_face_4___eyes_look_right_4[] = {
	gsSPDisplayList(mat_mario_face_4___eyes_look_right),
	gsSPDisplayList(mario_head_mesh_layer_1_tri_0),
	gsSPDisplayList(mat_mario_skin),
	gsSPDisplayList(mario_head_mesh_layer_1_tri_1),
	gsSPDisplayList(mat_mario_mustache),
	gsSPDisplayList(mario_head_mesh_layer_1_tri_2),
	gsSPDisplayList(mat_mario_hair),
	gsSPDisplayList(mario_head_mesh_layer_1_tri_3),
	gsSPDisplayList(mat_mario_sideburns),
	gsSPDisplayList(mario_head_mesh_layer_1_tri_4),
	gsSPDisplayList(mat_mario_red),
	gsSPDisplayList(mario_head_mesh_layer_1_tri_5),
	gsSPDisplayList(mat_mario_cap_logo),
	gsSPDisplayList(mario_head_mesh_layer_1_tri_6),
	gsSPEndDisplayList(),
};

Gfx mario_head_mesh_layer_1_mat_override_face_5___eyes_look_up_5[] = {
	gsSPDisplayList(mat_mario_face_5___eyes_look_up),
	gsSPDisplayList(mario_head_mesh_layer_1_tri_0),
	gsSPDisplayList(mat_mario_skin),
	gsSPDisplayList(mario_head_mesh_layer_1_tri_1),
	gsSPDisplayList(mat_mario_mustache),
	gsSPDisplayList(mario_head_mesh_layer_1_tri_2),
	gsSPDisplayList(mat_mario_hair),
	gsSPDisplayList(mario_head_mesh_layer_1_tri_3),
	gsSPDisplayList(mat_mario_sideburns),
	gsSPDisplayList(mario_head_mesh_layer_1_tri_4),
	gsSPDisplayList(mat_mario_red),
	gsSPDisplayList(mario_head_mesh_layer_1_tri_5),
	gsSPDisplayList(mat_mario_cap_logo),
	gsSPDisplayList(mario_head_mesh_layer_1_tri_6),
	gsSPEndDisplayList(),
};

Gfx mario_head_mesh_layer_1_mat_override_face_6___eyes_look_down_6[] = {
	gsSPDisplayList(mat_mario_face_6___eyes_look_down),
	gsSPDisplayList(mario_head_mesh_layer_1_tri_0),
	gsSPDisplayList(mat_mario_skin),
	gsSPDisplayList(mario_head_mesh_layer_1_tri_1),
	gsSPDisplayList(mat_mario_mustache),
	gsSPDisplayList(mario_head_mesh_layer_1_tri_2),
	gsSPDisplayList(mat_mario_hair),
	gsSPDisplayList(mario_head_mesh_layer_1_tri_3),
	gsSPDisplayList(mat_mario_sideburns),
	gsSPDisplayList(mario_head_mesh_layer_1_tri_4),
	gsSPDisplayList(mat_mario_red),
	gsSPDisplayList(mario_head_mesh_layer_1_tri_5),
	gsSPDisplayList(mat_mario_cap_logo),
	gsSPDisplayList(mario_head_mesh_layer_1_tri_6),
	gsSPEndDisplayList(),
};

Gfx mario_head_mesh_layer_1_mat_override_face_7___eyes_dead_7[] = {
	gsSPDisplayList(mat_mario_face_7___eyes_dead),
	gsSPDisplayList(mario_head_mesh_layer_1_tri_0),
	gsSPDisplayList(mat_mario_skin),
	gsSPDisplayList(mario_head_mesh_layer_1_tri_1),
	gsSPDisplayList(mat_mario_mustache),
	gsSPDisplayList(mario_head_mesh_layer_1_tri_2),
	gsSPDisplayList(mat_mario_hair),
	gsSPDisplayList(mario_head_mesh_layer_1_tri_3),
	gsSPDisplayList(mat_mario_sideburns),
	gsSPDisplayList(mario_head_mesh_layer_1_tri_4),
	gsSPDisplayList(mat_mario_red),
	gsSPDisplayList(mario_head_mesh_layer_1_tri_5),
	gsSPDisplayList(mat_mario_cap_logo),
	gsSPDisplayList(mario_head_mesh_layer_1_tri_6),
	gsSPEndDisplayList(),
};

Gfx mario_002_switch_option_head__no_cap__mesh_layer_1[] = {
	gsSPDisplayList(mat_mario_face_0___eyes_open),
	gsSPDisplayList(mario_002_switch_option_head__no_cap__mesh_layer_1_tri_0),
	gsSPDisplayList(mat_mario_skin),
	gsSPDisplayList(mario_002_switch_option_head__no_cap__mesh_layer_1_tri_1),
	gsSPDisplayList(mat_mario_mustache),
	gsSPDisplayList(mario_002_switch_option_head__no_cap__mesh_layer_1_tri_2),
	gsSPDisplayList(mat_mario_sideburns),
	gsSPDisplayList(mario_002_switch_option_head__no_cap__mesh_layer_1_tri_3),
	gsSPDisplayList(mat_mario_hair),
	gsSPDisplayList(mario_002_switch_option_head__no_cap__mesh_layer_1_tri_4),
	gsSPEndDisplayList(),
};

Gfx mario_002_switch_option_head__no_cap__mesh_layer_1_mat_override_metal_0[] = {
	gsSPDisplayList(mat_mario_metal),
	gsSPDisplayList(mario_002_switch_option_head__no_cap__mesh_layer_1_tri_0),
	gsSPDisplayList(mario_002_switch_option_head__no_cap__mesh_layer_1_tri_1),
	gsSPDisplayList(mario_002_switch_option_head__no_cap__mesh_layer_1_tri_2),
	gsSPDisplayList(mario_002_switch_option_head__no_cap__mesh_layer_1_tri_3),
	gsSPDisplayList(mario_002_switch_option_head__no_cap__mesh_layer_1_tri_4),
	gsSPDisplayList(mat_revert_mario_metal),
	gsSPEndDisplayList(),
};

Gfx mario_002_switch_option_head__no_cap__mesh_layer_1_mat_override_face_1___eyes_half_closed_1[] = {
	gsSPDisplayList(mat_mario_face_1___eyes_half_closed),
	gsSPDisplayList(mario_002_switch_option_head__no_cap__mesh_layer_1_tri_0),
	gsSPDisplayList(mat_mario_skin),
	gsSPDisplayList(mario_002_switch_option_head__no_cap__mesh_layer_1_tri_1),
	gsSPDisplayList(mat_mario_mustache),
	gsSPDisplayList(mario_002_switch_option_head__no_cap__mesh_layer_1_tri_2),
	gsSPDisplayList(mat_mario_sideburns),
	gsSPDisplayList(mario_002_switch_option_head__no_cap__mesh_layer_1_tri_3),
	gsSPDisplayList(mat_mario_hair),
	gsSPDisplayList(mario_002_switch_option_head__no_cap__mesh_layer_1_tri_4),
	gsSPEndDisplayList(),
};

Gfx mario_002_switch_option_head__no_cap__mesh_layer_1_mat_override_face_2___eyes_closed_2[] = {
	gsSPDisplayList(mat_mario_face_2___eyes_closed),
	gsSPDisplayList(mario_002_switch_option_head__no_cap__mesh_layer_1_tri_0),
	gsSPDisplayList(mat_mario_skin),
	gsSPDisplayList(mario_002_switch_option_head__no_cap__mesh_layer_1_tri_1),
	gsSPDisplayList(mat_mario_mustache),
	gsSPDisplayList(mario_002_switch_option_head__no_cap__mesh_layer_1_tri_2),
	gsSPDisplayList(mat_mario_sideburns),
	gsSPDisplayList(mario_002_switch_option_head__no_cap__mesh_layer_1_tri_3),
	gsSPDisplayList(mat_mario_hair),
	gsSPDisplayList(mario_002_switch_option_head__no_cap__mesh_layer_1_tri_4),
	gsSPEndDisplayList(),
};

Gfx mario_002_switch_option_head__no_cap__mesh_layer_1_mat_override_face_3___eyes_look_left_3[] = {
	gsSPDisplayList(mat_mario_face_3___eyes_look_left),
	gsSPDisplayList(mario_002_switch_option_head__no_cap__mesh_layer_1_tri_0),
	gsSPDisplayList(mat_mario_skin),
	gsSPDisplayList(mario_002_switch_option_head__no_cap__mesh_layer_1_tri_1),
	gsSPDisplayList(mat_mario_mustache),
	gsSPDisplayList(mario_002_switch_option_head__no_cap__mesh_layer_1_tri_2),
	gsSPDisplayList(mat_mario_sideburns),
	gsSPDisplayList(mario_002_switch_option_head__no_cap__mesh_layer_1_tri_3),
	gsSPDisplayList(mat_mario_hair),
	gsSPDisplayList(mario_002_switch_option_head__no_cap__mesh_layer_1_tri_4),
	gsSPEndDisplayList(),
};

Gfx mario_002_switch_option_head__no_cap__mesh_layer_1_mat_override_face_4___eyes_look_right_4[] = {
	gsSPDisplayList(mat_mario_face_4___eyes_look_right),
	gsSPDisplayList(mario_002_switch_option_head__no_cap__mesh_layer_1_tri_0),
	gsSPDisplayList(mat_mario_skin),
	gsSPDisplayList(mario_002_switch_option_head__no_cap__mesh_layer_1_tri_1),
	gsSPDisplayList(mat_mario_mustache),
	gsSPDisplayList(mario_002_switch_option_head__no_cap__mesh_layer_1_tri_2),
	gsSPDisplayList(mat_mario_sideburns),
	gsSPDisplayList(mario_002_switch_option_head__no_cap__mesh_layer_1_tri_3),
	gsSPDisplayList(mat_mario_hair),
	gsSPDisplayList(mario_002_switch_option_head__no_cap__mesh_layer_1_tri_4),
	gsSPEndDisplayList(),
};

Gfx mario_002_switch_option_head__no_cap__mesh_layer_1_mat_override_face_5___eyes_look_up_5[] = {
	gsSPDisplayList(mat_mario_face_5___eyes_look_up),
	gsSPDisplayList(mario_002_switch_option_head__no_cap__mesh_layer_1_tri_0),
	gsSPDisplayList(mat_mario_skin),
	gsSPDisplayList(mario_002_switch_option_head__no_cap__mesh_layer_1_tri_1),
	gsSPDisplayList(mat_mario_mustache),
	gsSPDisplayList(mario_002_switch_option_head__no_cap__mesh_layer_1_tri_2),
	gsSPDisplayList(mat_mario_sideburns),
	gsSPDisplayList(mario_002_switch_option_head__no_cap__mesh_layer_1_tri_3),
	gsSPDisplayList(mat_mario_hair),
	gsSPDisplayList(mario_002_switch_option_head__no_cap__mesh_layer_1_tri_4),
	gsSPEndDisplayList(),
};

Gfx mario_002_switch_option_head__no_cap__mesh_layer_1_mat_override_face_6___eyes_look_down_6[] = {
	gsSPDisplayList(mat_mario_face_6___eyes_look_down),
	gsSPDisplayList(mario_002_switch_option_head__no_cap__mesh_layer_1_tri_0),
	gsSPDisplayList(mat_mario_skin),
	gsSPDisplayList(mario_002_switch_option_head__no_cap__mesh_layer_1_tri_1),
	gsSPDisplayList(mat_mario_mustache),
	gsSPDisplayList(mario_002_switch_option_head__no_cap__mesh_layer_1_tri_2),
	gsSPDisplayList(mat_mario_sideburns),
	gsSPDisplayList(mario_002_switch_option_head__no_cap__mesh_layer_1_tri_3),
	gsSPDisplayList(mat_mario_hair),
	gsSPDisplayList(mario_002_switch_option_head__no_cap__mesh_layer_1_tri_4),
	gsSPEndDisplayList(),
};

Gfx mario_002_switch_option_head__no_cap__mesh_layer_1_mat_override_face_7___eyes_dead_7[] = {
	gsSPDisplayList(mat_mario_face_7___eyes_dead),
	gsSPDisplayList(mario_002_switch_option_head__no_cap__mesh_layer_1_tri_0),
	gsSPDisplayList(mat_mario_skin),
	gsSPDisplayList(mario_002_switch_option_head__no_cap__mesh_layer_1_tri_1),
	gsSPDisplayList(mat_mario_mustache),
	gsSPDisplayList(mario_002_switch_option_head__no_cap__mesh_layer_1_tri_2),
	gsSPDisplayList(mat_mario_sideburns),
	gsSPDisplayList(mario_002_switch_option_head__no_cap__mesh_layer_1_tri_3),
	gsSPDisplayList(mat_mario_hair),
	gsSPDisplayList(mario_002_switch_option_head__no_cap__mesh_layer_1_tri_4),
	gsSPEndDisplayList(),
};

Gfx mario_wing_L_mesh_layer_4[] = {
	gsSPDisplayList(mat_mario_wing_2),
	gsSPDisplayList(mario_wing_L_mesh_layer_4_tri_0),
	gsSPDisplayList(mat_revert_mario_wing_2),
	gsSPDisplayList(mat_mario_wing_1),
	gsSPDisplayList(mario_wing_L_mesh_layer_4_tri_1),
	gsSPDisplayList(mat_revert_mario_wing_1),
	gsSPEndDisplayList(),
};

Gfx mario_wing_L_mesh_layer_4_mat_override_metal_0[] = {
	gsSPDisplayList(mat_mario_wing_2),
	gsSPDisplayList(mario_wing_L_mesh_layer_4_tri_0),
	gsSPDisplayList(mat_revert_mario_wing_2),
	gsSPDisplayList(mat_mario_wing_1),
	gsSPDisplayList(mario_wing_L_mesh_layer_4_tri_1),
	gsSPDisplayList(mat_revert_mario_wing_1),
	gsSPEndDisplayList(),
};

Gfx mario_wing_R_mesh_layer_4[] = {
	gsSPDisplayList(mat_mario_wing_2),
	gsSPDisplayList(mario_wing_R_mesh_layer_4_tri_0),
	gsSPDisplayList(mat_revert_mario_wing_2),
	gsSPDisplayList(mat_mario_wing_1),
	gsSPDisplayList(mario_wing_R_mesh_layer_4_tri_1),
	gsSPDisplayList(mat_revert_mario_wing_1),
	gsSPEndDisplayList(),
};

Gfx mario_wing_R_mesh_layer_4_mat_override_metal_0[] = {
	gsSPDisplayList(mat_mario_wing_2),
	gsSPDisplayList(mario_wing_R_mesh_layer_4_tri_0),
	gsSPDisplayList(mat_revert_mario_wing_2),
	gsSPDisplayList(mat_mario_wing_1),
	gsSPDisplayList(mario_wing_R_mesh_layer_4_tri_1),
	gsSPDisplayList(mat_revert_mario_wing_1),
	gsSPEndDisplayList(),
};

Gfx mario_upper_arm_L_mesh_layer_1[] = {
	gsSPDisplayList(mat_mario_red),
	gsSPDisplayList(mario_upper_arm_L_mesh_layer_1_tri_0),
	gsSPEndDisplayList(),
};

Gfx mario_upper_arm_L_mesh_layer_1_mat_override_metal_0[] = {
	gsSPDisplayList(mat_mario_metal),
	gsSPDisplayList(mario_upper_arm_L_mesh_layer_1_tri_0),
	gsSPDisplayList(mat_revert_mario_metal),
	gsSPEndDisplayList(),
};

Gfx mario_lower_arm_L_mesh_layer_1[] = {
	gsSPDisplayList(mat_mario_red),
	gsSPDisplayList(mario_lower_arm_L_mesh_layer_1_tri_0),
	gsSPEndDisplayList(),
};

Gfx mario_lower_arm_L_mesh_layer_1_mat_override_metal_0[] = {
	gsSPDisplayList(mat_mario_metal),
	gsSPDisplayList(mario_lower_arm_L_mesh_layer_1_tri_0),
	gsSPDisplayList(mat_revert_mario_metal),
	gsSPEndDisplayList(),
};

Gfx mario_hand_L_mesh_layer_1[] = {
	gsSPDisplayList(mat_mario_gloves),
	gsSPDisplayList(mario_hand_L_mesh_layer_1_tri_0),
	gsSPEndDisplayList(),
};

Gfx mario_hand_L_mesh_layer_1_mat_override_metal_0[] = {
	gsSPDisplayList(mat_mario_metal),
	gsSPDisplayList(mario_hand_L_mesh_layer_1_tri_0),
	gsSPDisplayList(mat_revert_mario_metal),
	gsSPEndDisplayList(),
};

Gfx mario_002_switch_option_hand_open_left_mesh_layer_1[] = {
	gsSPDisplayList(mat_mario_gloves),
	gsSPDisplayList(mario_002_switch_option_hand_open_left_mesh_layer_1_tri_0),
	gsSPEndDisplayList(),
};

Gfx mario_002_switch_option_hand_open_left_mesh_layer_1_mat_override_metal_0[] = {
	gsSPDisplayList(mat_mario_metal),
	gsSPDisplayList(mario_002_switch_option_hand_open_left_mesh_layer_1_tri_0),
	gsSPDisplayList(mat_revert_mario_metal),
	gsSPEndDisplayList(),
};

Gfx mario_upper_arm_R_mesh_layer_1[] = {
	gsSPDisplayList(mat_mario_red),
	gsSPDisplayList(mario_upper_arm_R_mesh_layer_1_tri_0),
	gsSPEndDisplayList(),
};

Gfx mario_upper_arm_R_mesh_layer_1_mat_override_metal_0[] = {
	gsSPDisplayList(mat_mario_metal),
	gsSPDisplayList(mario_upper_arm_R_mesh_layer_1_tri_0),
	gsSPDisplayList(mat_revert_mario_metal),
	gsSPEndDisplayList(),
};

Gfx mario_lower_arm_R_mesh_layer_1[] = {
	gsSPDisplayList(mat_mario_red),
	gsSPDisplayList(mario_lower_arm_R_mesh_layer_1_tri_0),
	gsSPEndDisplayList(),
};

Gfx mario_lower_arm_R_mesh_layer_1_mat_override_metal_0[] = {
	gsSPDisplayList(mat_mario_metal),
	gsSPDisplayList(mario_lower_arm_R_mesh_layer_1_tri_0),
	gsSPDisplayList(mat_revert_mario_metal),
	gsSPEndDisplayList(),
};

Gfx mario_hand_R_mesh_layer_1[] = {
	gsSPDisplayList(mat_mario_gloves),
	gsSPDisplayList(mario_hand_R_mesh_layer_1_tri_0),
	gsSPEndDisplayList(),
};

Gfx mario_hand_R_mesh_layer_1_mat_override_metal_0[] = {
	gsSPDisplayList(mat_mario_metal),
	gsSPDisplayList(mario_hand_R_mesh_layer_1_tri_0),
	gsSPDisplayList(mat_revert_mario_metal),
	gsSPEndDisplayList(),
};

Gfx mario_002_switch_option_hand_open_right_mesh_layer_1[] = {
	gsSPDisplayList(mat_mario_gloves),
	gsSPDisplayList(mario_002_switch_option_hand_open_right_mesh_layer_1_tri_0),
	gsSPEndDisplayList(),
};

Gfx mario_002_switch_option_hand_open_right_mesh_layer_1_mat_override_metal_0[] = {
	gsSPDisplayList(mat_mario_metal),
	gsSPDisplayList(mario_002_switch_option_hand_open_right_mesh_layer_1_tri_0),
	gsSPDisplayList(mat_revert_mario_metal),
	gsSPEndDisplayList(),
};

Gfx mario_004_switch_option_hand_peace_right_mesh_layer_1[] = {
	gsSPDisplayList(mat_mario_gloves),
	gsSPDisplayList(mario_004_switch_option_hand_peace_right_mesh_layer_1_tri_0),
	gsSPEndDisplayList(),
};

Gfx mario_004_switch_option_hand_peace_right_mesh_layer_1_mat_override_metal_0[] = {
	gsSPDisplayList(mat_mario_metal),
	gsSPDisplayList(mario_004_switch_option_hand_peace_right_mesh_layer_1_tri_0),
	gsSPDisplayList(mat_revert_mario_metal),
	gsSPEndDisplayList(),
};

Gfx mario_005_switch_option_hand_cap_right_mesh_layer_1[] = {
	gsSPDisplayList(mat_mario_cap_logo),
	gsSPDisplayList(mario_005_switch_option_hand_cap_right_mesh_layer_1_tri_0),
	gsSPDisplayList(mat_mario_red),
	gsSPDisplayList(mario_005_switch_option_hand_cap_right_mesh_layer_1_tri_1),
	gsSPDisplayList(mat_mario_cap_inside),
	gsSPDisplayList(mario_005_switch_option_hand_cap_right_mesh_layer_1_tri_2),
	gsSPDisplayList(mat_mario_gloves),
	gsSPDisplayList(mario_005_switch_option_hand_cap_right_mesh_layer_1_tri_3),
	gsSPEndDisplayList(),
};

Gfx mario_005_switch_option_hand_cap_right_mesh_layer_1_mat_override_metal_0[] = {
	gsSPDisplayList(mat_mario_metal),
	gsSPDisplayList(mario_005_switch_option_hand_cap_right_mesh_layer_1_tri_0),
	gsSPDisplayList(mario_005_switch_option_hand_cap_right_mesh_layer_1_tri_1),
	gsSPDisplayList(mario_005_switch_option_hand_cap_right_mesh_layer_1_tri_2),
	gsSPDisplayList(mario_005_switch_option_hand_cap_right_mesh_layer_1_tri_3),
	gsSPDisplayList(mat_revert_mario_metal),
	gsSPEndDisplayList(),
};

Gfx mario_006_switch_option_hand_wing_cap_right_mesh_layer_1[] = {
	gsSPDisplayList(mat_mario_cap_logo),
	gsSPDisplayList(mario_006_switch_option_hand_wing_cap_right_mesh_layer_1_tri_0),
	gsSPDisplayList(mat_mario_red),
	gsSPDisplayList(mario_006_switch_option_hand_wing_cap_right_mesh_layer_1_tri_1),
	gsSPDisplayList(mat_mario_cap_inside),
	gsSPDisplayList(mario_006_switch_option_hand_wing_cap_right_mesh_layer_1_tri_2),
	gsSPDisplayList(mat_mario_gloves),
	gsSPDisplayList(mario_006_switch_option_hand_wing_cap_right_mesh_layer_1_tri_3),
	gsSPEndDisplayList(),
};

Gfx mario_006_switch_option_hand_wing_cap_right_mesh_layer_1_mat_override_metal_0[] = {
	gsSPDisplayList(mat_mario_metal),
	gsSPDisplayList(mario_006_switch_option_hand_wing_cap_right_mesh_layer_1_tri_0),
	gsSPDisplayList(mario_006_switch_option_hand_wing_cap_right_mesh_layer_1_tri_1),
	gsSPDisplayList(mario_006_switch_option_hand_wing_cap_right_mesh_layer_1_tri_2),
	gsSPDisplayList(mario_006_switch_option_hand_wing_cap_right_mesh_layer_1_tri_3),
	gsSPDisplayList(mat_revert_mario_metal),
	gsSPEndDisplayList(),
};

Gfx mario_006_switch_option_hand_wing_cap_wings_right_mesh_layer_4[] = {
	gsSPDisplayList(mat_mario_wing_2),
	gsSPDisplayList(mario_006_switch_option_hand_wing_cap_wings_right_mesh_layer_4_tri_0),
	gsSPDisplayList(mat_revert_mario_wing_2),
	gsSPDisplayList(mat_mario_wing_1),
	gsSPDisplayList(mario_006_switch_option_hand_wing_cap_wings_right_mesh_layer_4_tri_1),
	gsSPDisplayList(mat_revert_mario_wing_1),
	gsSPEndDisplayList(),
};

Gfx mario_006_switch_option_hand_wing_cap_wings_right_mesh_layer_4_mat_override_metal_0[] = {
	gsSPDisplayList(mat_mario_wing_2),
	gsSPDisplayList(mario_006_switch_option_hand_wing_cap_wings_right_mesh_layer_4_tri_0),
	gsSPDisplayList(mat_revert_mario_wing_2),
	gsSPDisplayList(mat_mario_wing_1),
	gsSPDisplayList(mario_006_switch_option_hand_wing_cap_wings_right_mesh_layer_4_tri_1),
	gsSPDisplayList(mat_revert_mario_wing_1),
	gsSPEndDisplayList(),
};

Gfx mario_upper_leg_L_mesh_layer_1[] = {
	gsSPDisplayList(mat_mario_blue),
	gsSPDisplayList(mario_upper_leg_L_mesh_layer_1_tri_0),
	gsSPEndDisplayList(),
};

Gfx mario_upper_leg_L_mesh_layer_1_mat_override_metal_0[] = {
	gsSPDisplayList(mat_mario_metal),
	gsSPDisplayList(mario_upper_leg_L_mesh_layer_1_tri_0),
	gsSPDisplayList(mat_revert_mario_metal),
	gsSPEndDisplayList(),
};

Gfx mario_lower_leg_L_mesh_layer_1[] = {
	gsSPDisplayList(mat_mario_blue),
	gsSPDisplayList(mario_lower_leg_L_mesh_layer_1_tri_0),
	gsSPEndDisplayList(),
};

Gfx mario_lower_leg_L_mesh_layer_1_mat_override_metal_0[] = {
	gsSPDisplayList(mat_mario_metal),
	gsSPDisplayList(mario_lower_leg_L_mesh_layer_1_tri_0),
	gsSPDisplayList(mat_revert_mario_metal),
	gsSPEndDisplayList(),
};

Gfx mario_foot_L_mesh_layer_1[] = {
	gsSPDisplayList(mat_mario_shoes),
	gsSPDisplayList(mario_foot_L_mesh_layer_1_tri_0),
	gsSPEndDisplayList(),
};

Gfx mario_foot_L_mesh_layer_1_mat_override_metal_0[] = {
	gsSPDisplayList(mat_mario_metal),
	gsSPDisplayList(mario_foot_L_mesh_layer_1_tri_0),
	gsSPDisplayList(mat_revert_mario_metal),
	gsSPEndDisplayList(),
};

Gfx mario_upper_leg_R_mesh_layer_1[] = {
	gsSPDisplayList(mat_mario_blue),
	gsSPDisplayList(mario_upper_leg_R_mesh_layer_1_tri_0),
	gsSPEndDisplayList(),
};

Gfx mario_upper_leg_R_mesh_layer_1_mat_override_metal_0[] = {
	gsSPDisplayList(mat_mario_metal),
	gsSPDisplayList(mario_upper_leg_R_mesh_layer_1_tri_0),
	gsSPDisplayList(mat_revert_mario_metal),
	gsSPEndDisplayList(),
};

Gfx mario_lower_leg_R_mesh_layer_1[] = {
	gsSPDisplayList(mat_mario_blue),
	gsSPDisplayList(mario_lower_leg_R_mesh_layer_1_tri_0),
	gsSPEndDisplayList(),
};

Gfx mario_lower_leg_R_mesh_layer_1_mat_override_metal_0[] = {
	gsSPDisplayList(mat_mario_metal),
	gsSPDisplayList(mario_lower_leg_R_mesh_layer_1_tri_0),
	gsSPDisplayList(mat_revert_mario_metal),
	gsSPEndDisplayList(),
};

Gfx mario_foot_R_mesh_layer_1[] = {
	gsSPDisplayList(mat_mario_shoes),
	gsSPDisplayList(mario_foot_R_mesh_layer_1_tri_0),
	gsSPEndDisplayList(),
};

Gfx mario_foot_R_mesh_layer_1_mat_override_metal_0[] = {
	gsSPDisplayList(mat_mario_metal),
	gsSPDisplayList(mario_foot_R_mesh_layer_1_tri_0),
	gsSPDisplayList(mat_revert_mario_metal),
	gsSPEndDisplayList(),
};

